Units,Timepoint,1.1.1.1: Exports Of Goods,1.1.1.2: Imports Of Goods,1.1.1: Goods Balance,1.1.2.1.10: Charges For The Use Of Intellectual Property,"1.1.2.1.11: Personal, Cultural And Recreational",1.1.2.1.12.10: Others,1.1.2.1.12.1: Accounting,1.1.2.1.12.2: Advertising And Market Research,1.1.2.1.12.3: Architectural,1.1.2.1.12.4: Business Management,1.1.2.1.12.5: Engineering And Technical,1.1.2.1.12.6: Legal,1.1.2.1.12.7: Research And Development,1.1.2.1.12.8: Operating Leasing,1.1.2.1.12.9: Trade-Related,1.1.2.1.12: Other Business Services,1.1.2.1.1: Manufacturing Services On Physical Inputs Owned By Others,1.1.2.1.2: Maintenance And Repair Services,1.1.2.1.3.1: Freight,1.1.2.1.3.2: Others,1.1.2.1.3: Transport,1.1.2.1.4: Travel,1.1.2.1.5: Insurance,1.1.2.1.6: Government Goods And Services,1.1.2.1.7: Construction,1.1.2.1.8: Financial,"1.1.2.1.9: Telecommunications, Computer & Information",1.1.2.1: Exports Of Services,1.1.2.2.10: Charges For The Use Of Intellectual Property,"1.1.2.2.11: Personal, Cultural And Recreational",1.1.2.2.12.10: Others,1.1.2.2.12.1: Accounting,1.1.2.2.12.2: Advertising And Market Research,1.1.2.2.12.3: Architectural,1.1.2.2.12.4: Business Management,1.1.2.2.12.5: Engineering And Technical,1.1.2.2.12.6: Legal,1.1.2.2.12.7: Research And Development,1.1.2.2.12.8: Operating Leasing,1.1.2.2.12.9: Trade-Related,1.1.2.2.12: Other Business Services,1.1.2.2.1: Manufacturing Services On Physical Inputs Owned By Others,1.1.2.2.2: Maintenance And Repair Services,1.1.2.2.3.1: Freight,1.1.2.2.3.2: Others,1.1.2.2.3: Transport,1.1.2.2.4: Travel,1.1.2.2.5: Insurance,1.1.2.2.6: Government Goods And Services,1.1.2.2.7: Construction,1.1.2.2.8: Financial,"1.1.2.2.9: Telecommunications, Computer & Information",1.1.2.2: Imports Of Services,1.1.2: Services Balance,1.1.3.1: Primary Income Receipts,1.1.3.2: Primary Income Payments,1.1.3: Primary Income Balance,1.1.4.3: Secondary Income Receipts,1.1.4.4: Secondary Income Payments,1.1.4: Secondary Income Balance,1.1: A Current Account Balance,1.2.2.1.1: Assets,1.2.2.1.2: Liabilities,1.2.2.1: Direct Investment,"1.2.2.2.1.1: Deposit-Taking Corporations, Except The Central Bank",1.2.2.2.1.2: Official,1.2.2.2.1.3: Others,1.2.2.2.1: Assets,"1.2.2.2.2.1: Deposit-Taking Corporations, Except The Central Bank",1.2.2.2.2.2: Others,1.2.2.2.2: Liabilities,1.2.2.2: Portfolio Investment,1.2.2.3.1: Assets,1.2.2.3.2: Liabilities,1.2.2.3: Financial Derivatives,"1.2.2.4.1.1: Deposit-Taking Corporations, Except The Central Bank",1.2.2.4.1.2: Official,1.2.2.4.1.3: Others,1.2.2.4.1: Assets,"1.2.2.4.2.1: Deposit-Taking Corporations, Except The Central Bank",1.2.2.4.2.2: Others,1.2.2.4.2: Liabilities,1.2.2.4: Other Investment,1.2.2: Financial Account (Net),1.2: B Capital & Financial Account Balance,1.3: C Net Errors & Omissions,1: D Overall Balance (A-B+C),2.1: Special Drawing Rights,2.2: Reserves Position In The IMF,2.3: Foreign Exchange Assets,2: E Reserve Assets
Million Dollars,1986-03-31,11497.6,12541.9,-1044.3,,,,,,,,,,,,,892.0,,,,,508.2,932.9,44.1,51.1,,,,2428.3,,,,,,,,,,,,,602.7,,,,,870.8,293.0,107.7,27.9,,,,1902.1,526.2,1054.0,995.2,58.8,,,-86.1,-545.4,,,-608.0,,,,,,,,370.8,,,,17821.5,0.0,338.6,18160.1,19239.0,321.9,19560.9,-1400.8,-1638.0,-1638.0,-1058.7,33.9,5.1,5.9,22.9,33.9
Million Dollars,1986-06-30,12398.5,12406.1,-7.6,,,,,,,,,,,,,1364.0,,,,,534.6,933.6,44.1,49.4,,,,2925.7,,,,,,,,,,,,,620.1,,,,,921.6,370.2,113.2,20.6,,,,2045.7,880.0,1042.3,1032.4,9.9,,,-89.6,792.7,,,-1036.8,,,,,,,,188.7,,,,18499.9,0.0,313.6,18813.5,16024.5,136.0,16160.5,2653.0,1804.9,1804.9,1520.2,508.0,13.5,15.3,479.2,508.0
Million Dollars,1986-09-30,12404.7,12847.6,-442.9,,,,,,,,,,,,,1314.9,,,,,539.6,1015.1,44.2,49.3,,,,2963.1,,,,,,,,,,,,,664.3,,,,,953.9,337.0,115.3,20.0,,,,2090.5,872.6,1019.5,1007.1,12.4,,,-91.0,351.1,,,-802.3,,,,,,,,195.6,,,,30899.2,0.0,519.3,31418.5,31099.5,274.5,31374.0,44.5,-562.2,-562.2,-706.7,206.6,5.4,0.4,200.8,206.6
Million Dollars,1986-12-31,13132.4,13686.6,-554.2,,,,,,,,,,,,,1365.0,,,,,553.6,1057.4,44.4,49.4,,,,3069.8,,,,,,,,,,,,,666.0,,,,,1007.5,404.1,124.2,20.1,,,,2221.9,847.9,977.8,1045.6,-67.8,,,-91.4,134.5,,,-1258.9,,,,,,,,440.1,,,,33137.3,0.0,31.3,33168.6,29304.4,780.4,30084.8,3083.8,2265.0,2265.0,2590.6,460.1,7.4,3.2,449.5,460.1
Million Dollars,1987-03-31,12591.4,13632.5,-1041.1,,,,,,,,,,,,,1195.5,,,,,537.2,1072.0,52.9,47.5,,,,2905.1,,,,,,,,,,,,,767.7,,,,,880.2,352.4,178.5,27.4,,,,2206.2,698.9,1323.0,1547.5,-224.5,,,-92.5,-659.2,,,-1070.2,,,,,,,,-332.4,,,,16423.8,0.0,1042.7,17466.5,15812.6,-227.8,15584.8,1881.7,479.1,479.1,1340.0,201.7,9.7,5.2,186.8,201.7
Million Dollars,1987-06-30,14832.4,15147.4,-315.0,,,,,,,,,,,,,1613.1,,,,,616.5,1096.0,53.0,47.5,,,,3426.1,,,,,,,,,,,,,773.4,,,,,993.8,453.9,206.6,20.0,,,,2447.7,978.4,1228.0,1537.3,-309.3,,,-92.6,261.5,,,-1388.9,,,,,,,,-82.7,,,,12828.0,0.0,210.0,13038.0,12515.5,-595.6,11919.9,1118.1,-353.5,-353.5,-85.2,529.8,6.4,3.7,519.7,529.8
Million Dollars,1987-09-30,16324.9,16728.6,-403.7,,,,,,,,,,,,,1424.2,,,,,666.8,1212.5,53.1,47.4,,,,3404.0,,,,,,,,,,,,,781.6,,,,,1065.4,393.3,223.3,22.2,,,,2485.8,918.2,1232.6,1541.6,-309.0,,,-95.5,110.0,,,-1642.6,,,,,,,,-21.7,,,,22320.3,0.0,-63.9,22256.4,20452.8,-694.6,19758.2,2498.2,833.9,833.9,1395.7,671.8,-2.6,-7.6,682.0,671.8
Million Dollars,1987-12-31,17454.9,18105.0,-650.1,,,,,,,,,,,,,1749.7,,,,,696.8,1216.8,53.1,47.5,,,,3763.9,,,,,,,,,,,,,754.1,,,,,1107.3,474.4,237.8,23.9,,,,2597.5,1166.4,1230.3,1580.0,-349.7,,,-95.9,70.7,,,-1437.1,,,,,,,,-94.0,,,,12544.7,0.0,308.9,12853.6,10061.0,-254.1,9806.9,3046.7,1515.6,1515.6,2370.1,925.2,15.6,10.4,899.2,925.2
Million Dollars,1988-03-31,17658.8,17776.4,-117.6,,,,,,,,,,,,,1701.9,,,,,702.1,1273.1,49.4,48.2,,,,3774.7,,,,,,,,,,,,,908.5,,,,,1116.8,414.5,245.4,43.5,,,,2728.7,1046.0,1594.2,1791.1,-196.9,,,-102.6,628.9,,,-1029.9,,,,,,,,155.9,,,,12960.6,0.0,-589.8,12370.8,14357.4,-1713.0,12644.4,-273.6,-1147.6,-1147.6,-718.9,1057.6,5.2,0.0,1052.4,1057.6
Million Dollars,1988-06-30,20093.2,20220.2,-127.0,,,,,,,,,,,,,2095.5,,,,,778.5,1278.1,49.6,48.3,,,,4250.0,,,,,,,,,,,,,886.5,,,,,1226.5,505.2,269.1,21.0,,,,2908.3,1341.7,1592.0,1782.8,-190.8,,,-114.6,909.3,,,-3144.2,,,,,,,,123.3,,,,5734.0,0.0,-262.5,5471.5,2158.2,-579.6,1578.6,3892.9,872.0,872.0,448.7,486.0,-0.5,-4.9,491.4,486.0
Million Dollars,1988-09-30,21265.1,21472.3,-207.2,,,,,,,,,,,,,2047.5,,,,,836.2,1395.4,49.5,48.2,,,,4376.8,,,,,,,,,,,,,898.5,,,,,1326.2,415.4,297.3,37.3,,,,2974.7,1402.1,1658.2,1781.3,-123.1,,,-118.3,953.5,,,-1098.7,,,,,,,,160.2,,,,34205.1,0.0,603.2,34808.3,32134.7,33.3,32168.0,2640.3,1701.8,1701.8,840.8,92.5,-1.5,-6.3,100.3,92.5
Million Dollars,1988-12-31,22819.0,22386.8,432.2,,,,,,,,,,,,,2045.2,,,,,885.4,1430.9,49.7,48.2,,,,4459.4,,,,,,,,,,,,,906.4,,,,,1343.1,536.6,308.4,26.4,,,,3120.9,1338.5,1599.9,1817.4,-217.5,,,-126.9,1426.3,,,-1845.7,,,,,,,,150.2,,,,6738.1,0.0,385.9,7124.0,3889.4,-150.0,3739.4,3384.6,1689.1,1689.1,1970.3,1707.5,5.0,-1.0,1703.5,1707.5
Million Dollars,1989-03-31,19587.4,20346.8,-759.4,,,,,,,,,,,,,2222.6,,,,,802.8,1543.9,46.5,43.2,,,,4659.0,,,,,,,,,,,,,990.1,,,,,1218.4,603.2,269.5,32.2,,,,3113.4,1545.6,1981.6,2057.5,-75.9,,,-127.8,582.5,,,-890.1,,,,,,,,131.9,,,,14520.3,0.0,1163.2,15683.5,15249.9,377.2,15627.1,56.4,-701.8,-701.8,-399.5,884.8,6.2,0.0,878.6,884.8
Million Dollars,1989-06-30,22074.4,22596.8,-522.4,,,,,,,,,,,,,2538.3,,,,,881.8,1514.1,46.6,43.2,,,,5024.0,,,,,,,,,,,,,977.8,,,,,1421.5,676.9,322.4,18.8,,,,3417.4,1606.6,1893.0,2194.0,-301.0,,,-137.1,646.1,,,-1004.9,,,,,,,,66.6,,,,-7815.9,0.0,-596.4,-8412.3,-7518.4,-338.7,-7857.1,-555.2,-1493.5,-1493.5,-639.2,1500.4,-9.6,-2.3,1512.3,1500.4
Million Dollars,1989-09-30,23037.8,22941.0,96.8,,,,,,,,,,,,,2669.9,,,,,923.7,1729.4,46.6,43.2,,,,5412.8,,,,,,,,,,,,,998.4,,,,,1409.9,590.8,309.2,22.3,,,,3330.6,2082.2,1994.0,1914.9,79.1,,,-149.5,2108.6,,,-1344.7,,,,,,,,-6.6,,,,70722.3,0.0,1144.9,71867.2,70846.5,504.7,71351.2,516.0,-835.3,-835.3,-1216.5,1727.4,-14.9,-6.8,1749.1,1727.4
Million Dollars,1989-12-31,24346.4,23851.6,494.8,,,,,,,,,,,,,2952.5,,,,,975.7,1763.5,46.7,43.3,,,,5781.7,,,,,,,,,,,,,1011.1,,,,,1472.2,729.9,329.6,27.7,,,,3570.5,2211.2,1640.1,1715.1,-75.0,,,-159.8,2471.2,,,-669.4,,,,,,,,-44.5,,,,13350.8,0.0,-203.7,13147.1,11759.8,710.9,12470.7,676.4,-37.5,-37.5,-1287.1,1221.6,9.1,4.6,1207.9,1221.6
Million Dollars,1990-03-31,23327.1,24472.4,-1145.3,,,,,,,,,,,,,2818.8,,,,,944.6,2076.2,40.0,41.7,,,,5921.3,,,,,,,,,,,,,1165.6,,,,,1542.0,822.8,341.1,34.1,,,,3905.6,2015.7,2318.0,3041.5,-723.5,,,-156.8,-9.9,,,-1225.1,,,,,,,,538.6,,,,13308.2,0.0,362.9,13671.1,12970.6,524.6,13495.2,175.9,-510.6,-510.6,1612.1,2112.8,4.0,-4.8,2113.6,2112.8
Million Dollars,1990-06-30,23242.2,24474.5,-1232.3,,,,,,,,,,,,,3328.6,,,,,960.6,1999.1,40.1,41.7,,,,6370.1,,,,,,,,,,,,,1134.3,,,,,1552.4,820.2,344.9,26.1,,,,3877.9,2492.2,2234.9,2199.0,35.9,,,-167.4,1128.4,,,-2263.2,,,,,,,,346.6,,,,-28078.1,0.0,163.5,-27914.6,-27228.0,497.0,-26731.0,-1183.6,-3100.2,-3100.2,-1827.6,2401.0,7.0,-0.1,2394.1,2401.0
Million Dollars,1990-09-30,24546.6,24706.8,-160.2,,,,,,,,,,,,,3311.8,,,,,1009.1,2188.5,40.1,41.7,,,,6591.2,,,,,,,,,,,,,1157.4,,,,,1572.6,786.7,358.0,29.1,,,,3903.8,2687.4,2443.4,2494.7,-51.3,,,-175.7,2300.2,,,-1379.6,,,,,,,,521.9,,,,18116.9,0.0,628.8,18745.7,17859.2,334.0,18193.2,552.5,-305.2,-305.2,1089.4,3694.8,-16.1,-7.9,3718.8,3694.8
Million Dollars,1990-12-31,27912.6,28412.1,-499.5,,,,,,,,,,,,,3631.1,,,,,1119.1,2164.0,40.1,41.7,,,,6996.0,,,,,,,,,,,,,1137.1,,,,,1700.6,832.3,367.9,29.6,,,,4067.5,2928.5,2444.4,2414.2,30.2,,,-182.2,2277.0,,,-1550.2,,,,,,,,473.3,,,,27325.7,0.0,-262.8,27062.9,27631.4,448.4,28079.8,-1016.9,-2093.8,-2093.8,-2686.9,1683.9,8.6,-16.4,1691.7,1683.9
Million Dollars,1991-03-31,26273.4,27251.8,-978.4,,,,,,,,,,,,,3226.0,,,,,1069.6,1758.2,49.2,40.3,,,,6143.3,,,,,,,,,,,,,1130.4,,,,,1661.2,798.2,353.9,39.5,,,,3983.2,2160.1,2843.6,3809.5,-965.9,,,-178.6,37.2,,,-1815.1,,,,,,,,386.1,,,,-17085.0,0.0,699.7,-16385.3,-14586.0,-107.5,-14693.5,-1691.8,-3120.8,-3120.8,-2660.7,497.3,7.8,-0.2,489.7,497.3
Million Dollars,1991-06-30,26591.6,26655.8,-64.2,,,,,,,,,,,,,3512.6,,,,,1072.9,1887.7,49.4,40.5,,,,6563.1,,,,,,,,,,,,,1133.7,,,,,1609.0,775.2,359.6,25.9,,,,3903.4,2659.7,2888.0,3191.4,-303.4,,,-187.2,2104.9,,,-1865.9,,,,,,,,386.2,,,,-39730.1,0.0,313.8,-39416.3,-41911.8,-78.7,-41990.5,2574.2,1094.5,1094.5,1266.3,2276.7,-3.6,-16.1,2296.4,2276.7
Million Dollars,1991-09-30,27043.5,26867.4,176.1,,,,,,,,,,,,,3303.3,,,,,1111.4,2164.4,49.3,40.4,,,,6668.8,,,,,,,,,,,,,1156.0,,,,,1692.2,767.5,373.4,28.1,,,,4017.2,2651.6,2631.8,2669.8,-38.0,,,-194.1,2595.6,,,-1818.0,,,,,,,,379.7,,,,-22851.6,0.0,179.9,-22671.7,-24291.7,-248.2,-24539.9,1868.2,429.9,429.9,332.0,2497.7,-20.6,-7.7,2526.0,2497.7
Million Dollars,1991-12-31,25968.4,25370.8,597.6,,,,,,,,,,,,,3780.3,,,,,1095.0,2163.5,49.5,40.5,,,,7128.8,,,,,,,,,,,,,1145.5,,,,,1592.5,843.4,350.2,28.6,,,,3960.2,3168.6,2357.5,2236.7,120.8,,,-205.1,3681.9,,,-2035.3,,,,,,,,414.9,,,,172.4,0.0,91.6,264.0,-85.2,-437.7,-522.9,786.9,-833.5,-833.5,-2524.3,1991.1,5.1,-5.9,1991.9,1991.1
Million Dollars,1992-03-31,25075.2,25465.1,-389.9,,,,,,,,,,,,,3214.8,,,,,1050.1,2268.6,63.2,39.9,,,,6636.6,,,,,,,,,,,,,1080.5,,,,,1286.2,786.4,193.2,45.0,,,,3391.3,3245.3,2792.8,1871.2,921.6,,,-209.1,3567.9,,,-413.9,,,,,,,,-1065.4,,,,-13371.6,0.0,1210.5,-12161.1,-12833.3,-662.9,-13496.2,1335.1,-144.2,-144.2,-1937.9,1774.2,-1.7,-13.8,1789.7,1774.2
Million Dollars,1992-06-30,25927.1,26912.6,-985.5,,,,,,,,,,,,,3515.8,,,,,1078.6,2212.5,67.0,40.3,,,,6914.2,,,,,,,,,,,,,1159.5,,,,,1406.0,935.4,210.3,33.7,,,,3744.9,3169.3,2486.4,1862.9,623.5,,,-210.8,2596.5,,,-428.4,,,,,,,,-1090.9,,,,-11020.7,0.0,368.5,-10652.2,-11343.5,-521.5,-11865.0,1212.8,-306.5,-306.5,782.5,3685.5,8.8,2.0,3674.7,3685.5
Million Dollars,1992-09-30,27809.7,27701.2,108.5,,,,,,,,,,,,,3818.4,,,,,1160.0,2434.5,69.8,39.9,,,,7522.6,,,,,,,,,,,,,1175.2,,,,,1476.1,1089.4,223.1,51.2,,,,4015.0,3507.6,2871.0,2808.6,62.4,,,-223.0,3455.5,,,-289.7,,,,,,,,-893.1,,,,20836.2,0.0,249.9,21086.1,22753.2,-1014.0,21739.2,-653.1,-1835.9,-1835.9,-2937.2,2354.2,9.2,-2.3,2347.3,2354.2
Million Dollars,1992-12-31,29539.8,31320.7,-1780.9,,,,,,,,,,,,,4164.9,,,,,1216.8,2417.8,73.4,39.9,,,,7912.8,,,,,,,,,,,,,1242.8,,,,,1667.1,1283.5,242.8,42.0,,,,4478.2,3434.6,2921.6,4478.4,-1556.8,,,-181.3,-84.4,,,-313.5,,,,,,,,-1006.4,,,,2300.1,0.0,176.1,2476.2,2910.5,-1102.3,1808.2,668.0,-651.9,-651.9,1577.6,2145.1,-93.7,131.5,2107.3,2145.1
Million Dollars,1993-03-31,28535.0,29997.7,-1462.7,,,,,,,,,,,,,3600.3,,,,,1164.0,2485.8,99.7,40.3,,,,7390.1,,,,,,,,,,,,,1376.7,,,,,1470.8,1094.1,230.5,55.6,,,,4227.7,3162.4,2542.0,2718.7,-176.7,,,-229.3,1293.7,,,-755.6,,,,,,,,2856.5,,,,-5532.8,412.4,1077.7,-4042.7,-198.3,1076.1,877.8,-4920.5,-2819.6,-2819.6,-1854.8,2258.5,3.2,-8.6,2263.9,2258.5
Million Dollars,1993-06-30,31424.9,32957.8,-1532.9,,,,,,,,,,,,,4082.1,,,,,1275.3,2483.3,104.3,40.3,,,,7985.3,,,,,,,,,,,,,1407.3,,,,,1627.9,1308.4,256.6,33.6,,,,4633.8,3351.5,2755.7,3556.5,-800.8,,,-233.1,784.7,,,-1082.3,,,,,,,,1843.7,,,,-9823.7,1134.0,935.5,-7754.2,-9320.8,1463.3,-7857.5,103.3,864.7,864.7,2968.9,2888.9,5.1,79.0,2804.8,2888.9
Million Dollars,1993-09-30,33041.5,33276.0,-234.5,,,,,,,,,,,,,4303.3,,,,,1341.7,2688.5,109.3,40.2,,,,8483.0,,,,,,,,,,,,,1436.9,,,,,1702.1,1248.0,268.1,42.0,,,,4697.1,3785.9,2602.3,3416.4,-814.1,,,-249.6,2487.7,,,-830.1,,,,,,,,1349.2,,,,13738.2,2090.0,721.8,16550.0,15404.3,1063.7,16468.0,82.0,601.1,601.1,1375.5,3262.1,3.4,5.8,3252.9,3262.1
Million Dollars,1993-12-31,32711.7,33972.1,-1260.4,,,,,,,,,,,,,4548.1,,,,,1346.7,2676.9,109.7,40.3,,,,8721.7,,,,,,,,,,,,,1431.8,,,,,1686.0,1430.9,266.8,35.9,,,,4851.4,3870.3,2918.9,3194.8,-275.9,,,-263.7,2070.3,,,-1427.1,,,,,,,,1974.5,,,,17507.6,2891.6,1014.5,21413.7,19247.9,1616.2,20864.1,549.6,1097.0,1097.0,2770.9,3744.2,2.3,15.4,3726.5,3744.2
Million Dollars,1994-03-31,30340.5,32477.3,-2136.8,,,,,,,,,,,,,4150.4,,,,,1317.0,2528.0,122.4,40.0,,,,8157.8,,,,,,,,,,,,,1600.2,,,,,1674.6,1246.7,265.8,43.3,,,,4830.6,3327.2,2912.0,2975.3,-63.3,,,-264.1,863.0,,,-986.2,,,,,,,,4159.7,,,,644.7,538.5,1238.1,2421.3,5983.3,-594.5,5388.8,-2967.5,206.0,206.0,1093.7,1750.7,3.6,1.6,1745.5,1750.7
Million Dollars,1994-06-30,38013.5,37442.6,570.9,,,,,,,,,,,,,5148.7,,,,,1545.2,2453.1,126.4,40.0,,,,9313.4,,,,,,,,,,,,,1723.1,,,,,1835.4,1462.1,292.4,28.7,,,,5341.7,3971.7,3082.3,3146.8,-64.5,,,-275.2,4202.9,,,-1581.8,,,,,,,,2010.4,,,,2083.8,1722.4,921.0,4727.2,3703.7,-671.2,3032.5,1694.7,2123.3,2123.3,-920.2,1159.4,-85.8,29.7,1215.5,1159.4
Million Dollars,1994-09-30,40251.5,38729.6,1521.9,,,,,,,,,,,,,5635.8,,,,,1639.0,2747.1,127.0,40.0,,,,10188.9,,,,,,,,,,,,,1759.9,,,,,1882.3,1411.1,300.0,38.7,,,,5392.0,4796.9,3460.1,3307.6,152.5,,,-298.6,6172.7,,,-1755.4,,,,,,,,3303.6,,,,-10027.9,3110.7,467.1,-6450.1,-8584.1,-418.1,-9002.2,2552.1,4100.3,4100.3,1145.1,3217.5,4.7,0.0,3212.8,3217.5
Million Dollars,1994-12-31,40859.1,38847.6,2011.5,,,,,,,,,,,,,5464.1,,,,,1673.2,2629.7,128.0,39.9,,,,9934.9,,,,,,,,,,,,,1716.3,,,,,1935.4,1788.1,319.4,38.6,,,,5797.8,4137.1,3400.6,3279.1,121.5,,,-303.6,5966.5,,,-1745.3,,,,,,,,2327.6,,,,-10913.6,1015.4,983.5,-8914.7,-15485.2,-573.4,-16058.6,7143.9,7726.2,7726.2,2933.8,1174.1,3.4,-7.6,1178.3,1174.1
Million Dollars,1995-03-31,42614.6,38568.5,4046.1,15.0,5.1,,,,,,,,,,,1153.5,32.3,408.0,,,2814.9,2703.9,185.0,35.3,89.6,1134.8,257.5,8834.9,536.5,2.9,,,,,,,,,,,1025.3,104.2,49.9,,,2939.6,1436.6,502.9,45.2,26.3,214.7,224.9,7109.0,1725.9,4127.3,3413.0,714.3,248.8,545.2,-296.4,6189.9,2246.4,2451.7,-205.3,3361.1,1048.7,766.6,5176.4,-284.0,-433.5,-717.5,5893.9,,,,12449.8,34.5,-109.1,12375.2,15066.2,226.1,15292.3,-2917.1,2771.5,2771.5,-1433.5,1984.9,4.0,11.6,1969.3,1984.9
Million Dollars,1995-06-30,45885.6,42654.3,3231.3,16.6,5.0,,,,,,,,,,,1221.6,35.7,377.2,,,2861.1,2643.7,246.0,35.4,97.2,1179.1,274.3,8992.9,592.8,2.9,,,,,,,,,,,741.9,115.1,56.4,,,3279.5,1685.3,615.7,19.8,28.6,201.8,240.0,7579.8,1413.1,4116.1,3647.6,468.5,303.4,599.5,-296.1,4816.8,2543.0,4695.3,-2152.3,2775.4,2959.6,-471.8,5263.2,602.0,342.2,944.2,4319.0,,,,33509.3,3836.3,343.5,37689.1,39204.8,3112.8,42317.6,-4628.5,-2461.8,-2461.8,-1559.1,5719.5,6.6,46.4,5666.5,5719.5
Million Dollars,1995-09-30,49425.4,45310.7,4114.7,18.4,5.3,,,,,,,,,,,1278.5,39.2,538.8,,,3075.3,2763.6,259.0,35.5,106.0,1205.6,286.0,9611.2,651.7,3.1,,,,,,,,,,,816.5,126.6,60.2,,,3349.8,1528.6,637.1,27.3,30.9,250.2,250.8,7732.8,1878.4,3706.0,3923.4,-217.4,326.3,656.4,-330.1,5445.6,2838.9,3867.6,-1028.7,3929.9,2193.0,-454.0,5668.9,-4.1,-463.0,-467.1,6136.0,,,,-8169.4,1073.1,-553.7,-7650.0,-2907.5,-2390.7,-5298.2,-2351.8,2755.5,2755.5,-431.7,2258.4,3.2,-6.3,2261.5,2258.4
Million Dollars,1995-12-31,50611.4,47161.0,3450.4,18.0,5.4,,,,,,,,,,,1300.6,38.9,396.8,,,3059.9,2675.3,249.8,35.6,116.6,1267.3,288.9,9453.1,648.0,3.1,,,,,,,,,,,880.9,125.8,57.0,,,3594.9,1954.7,628.7,32.1,34.1,213.4,252.1,8424.8,1028.3,3866.6,3931.9,-65.3,307.7,641.0,-333.3,4080.1,2972.9,5912.9,-2940.0,1828.4,3151.4,651.6,5631.4,349.8,398.6,748.4,4883.0,,,,6091.4,14.5,2338.8,8444.7,4664.3,880.2,5544.5,2900.2,4843.2,4843.2,2974.2,2211.1,4.3,0.1,2206.7,2211.1
Million Dollars,1996-03-31,48625.0,45844.2,2780.8,18.2,4.1,,,,,,,,,,,1358.3,69.1,431.6,,,3029.4,2622.5,188.5,38.6,96.3,1227.9,279.9,9364.4,695.6,6.9,,,,,,,,,,,813.9,50.1,54.7,,,3425.6,1556.2,547.3,48.5,28.7,207.9,223.2,7658.6,1705.8,3449.6,3735.3,-285.7,330.1,647.3,-317.2,3883.7,3498.2,2307.6,1190.6,3297.2,4369.3,943.9,8610.4,183.9,8.7,192.6,8417.8,,,,-8841.1,55.2,-532.7,-9318.6,-4819.4,519.5,-4299.9,-5018.7,4589.7,4589.7,2493.5,1787.5,2.9,-0.5,1785.1,1787.5
Million Dollars,1996-06-30,49071.4,45408.1,3663.3,18.6,4.1,,,,,,,,,,,1407.0,70.8,451.5,,,3018.1,2502.1,291.5,38.6,99.8,1265.4,290.3,9457.8,712.6,6.9,,,,,,,,,,,825.1,51.4,60.9,,,3482.3,1769.0,623.7,20.7,29.8,262.2,230.8,8075.4,1382.4,3537.8,3824.4,-286.6,436.6,767.8,-331.2,4427.9,1984.7,4657.0,-2672.3,1464.6,2824.0,973.8,5262.4,437.2,42.6,479.8,4782.6,,,,8615.3,1155.3,1391.5,11162.1,9446.9,2689.1,12136.0,-973.9,1136.4,1136.4,-468.1,2823.4,4.1,-8.3,2827.6,2823.4
Million Dollars,1996-09-30,50471.3,44871.3,5600.0,18.9,4.5,,,,,,,,,,,1414.0,70.9,523.4,,,3127.7,2670.4,183.3,38.6,106.0,1221.0,304.1,9682.8,713.4,7.2,,,,,,,,,,,819.0,51.4,66.7,,,3385.0,1722.1,560.0,29.0,31.7,203.4,245.5,7834.4,1848.4,3982.3,3884.1,98.2,294.2,668.6,-374.4,7172.2,2622.5,3860.3,-1237.8,-535.4,3080.7,1196.9,3742.2,158.1,37.3,195.4,3546.8,,,,14507.4,1654.8,2355.9,18518.1,16841.3,-1344.5,15496.8,3021.3,5330.3,5330.3,877.9,2719.8,4.9,1.3,2713.6,2719.8
Million Dollars,1996-12-31,51918.9,47985.9,3933.0,19.2,4.6,,,,,,,,,,,1449.8,72.4,457.2,,,3181.0,2641.6,268.7,38.4,112.9,1336.9,309.0,9891.7,729.5,7.3,,,,,,,,,,,840.5,52.6,65.0,,,3729.2,2022.9,618.2,33.3,33.7,190.3,249.3,8571.8,1319.9,3496.7,3998.0,-501.3,402.7,777.5,-374.8,4376.8,5154.5,5295.2,-140.7,91.6,3551.8,1473.8,5117.2,276.7,70.8,347.5,4769.7,,,,8501.1,1299.3,1620.3,11420.7,13546.6,-759.5,12787.1,-1366.4,3262.6,3262.6,1961.7,3075.9,4.4,0.1,3071.4,3075.9
Million Dollars,1997-03-31,47896.1,45014.8,2881.3,14.4,3.9,,,,,,,,,,,1374.5,83.9,486.6,,,3034.1,2409.7,136.4,41.7,81.7,1452.9,267.7,9387.5,638.1,9.2,,,,,,,,,,,1002.9,80.0,45.2,,,3466.7,1483.8,475.8,62.8,36.9,200.4,251.7,7753.5,1634.0,3700.2,3081.7,618.5,385.6,748.1,-362.5,4771.3,4069.3,4271.8,-202.5,7324.2,3536.9,836.7,11697.8,-162.5,-68.0,-230.5,11928.3,,,,25229.7,843.5,-2494.0,23579.2,31358.5,3452.5,34811.0,-11231.8,494.0,494.0,1808.3,6085.6,0.9,-26.7,6111.4,6085.6
Million Dollars,1997-06-30,52660.5,47405.9,5254.6,16.1,3.6,,,,,,,,,,,1447.0,94.4,477.6,,,3127.3,2472.4,191.5,41.7,88.3,1599.8,292.2,9851.9,718.1,8.9,,,,,,,,,,,1067.1,90.1,52.4,,,3777.0,1562.3,562.8,22.9,40.0,219.6,277.9,8399.1,1452.8,4225.6,3382.4,843.2,444.9,830.1,-385.2,7165.4,5361.3,2541.6,2819.7,451.9,2862.1,1546.1,4860.1,183.8,-132.8,51.0,4809.1,,,,26897.7,823.7,3942.5,31663.9,32613.9,2669.0,35282.9,-3619.0,4009.8,4009.8,-1476.6,1679.0,6.8,-2.4,1674.6,1679.0
Million Dollars,1997-09-30,55199.0,51081.6,4117.4,17.0,3.9,,,,,,,,,,,1503.1,99.4,556.8,,,3326.6,2289.1,267.4,41.9,100.0,1610.1,310.7,10126.0,755.8,9.2,,,,,,,,,,,1084.9,94.8,57.8,,,3849.9,1582.7,654.6,32.7,45.2,235.2,296.8,8699.6,1426.4,4135.3,3547.1,588.2,509.1,974.6,-465.5,5666.5,5119.2,11557.0,-6437.8,1408.6,4611.9,1138.0,7158.5,154.7,-281.0,-126.3,7284.8,,,,33268.7,829.2,11309.7,45407.6,39766.0,3110.4,42876.4,2531.2,3378.2,3378.2,614.8,2903.1,4.9,-10.4,2908.6,2903.1
Million Dollars,1997-12-31,56657.0,52231.0,4426.0,17.2,3.6,,,,,,,,,,,1527.0,100.6,546.8,,,3246.0,2183.3,212.4,41.6,106.7,1609.6,311.4,9906.2,765.6,9.0,,,,,,,,,,,1102.8,96.0,56.3,,,4067.0,1852.2,642.3,36.4,48.2,228.9,296.7,9201.4,704.8,4456.2,3593.3,862.9,436.4,886.5,-450.1,5543.6,3895.9,4943.7,-1047.8,-1295.2,5480.0,1873.2,6058.0,216.0,-108.6,107.4,5950.6,,,,59986.5,401.7,-1964.0,58424.2,60216.5,-524.5,59692.0,-1267.8,3635.0,3635.0,-720.6,1188.0,14.6,163.1,1010.3,1188.0
Million Dollars,1998-03-31,50550.3,46706.0,3844.3,19.6,6.3,,,,,,,,,,,1386.4,70.3,663.6,,,3441.7,1901.2,171.5,44.9,80.6,1182.1,282.5,9250.7,752.7,9.6,,,,,,,,,,,1292.6,41.4,43.5,,,3853.5,1286.8,543.1,55.4,58.7,135.1,308.5,8380.9,869.8,4385.5,3815.3,570.2,557.9,943.5,-385.6,4898.7,2454.5,484.3,1970.2,-7159.8,2232.6,814.9,-4112.3,384.2,306.4,690.6,-4802.9,,,,-78211.8,174.3,-3834.1,-81871.6,-92995.4,1793.3,-91202.1,9330.5,6497.8,6497.8,1939.0,339.9,5.7,0.0,334.2,339.9
Million Dollars,1998-06-30,49544.0,42889.5,6654.5,20.7,6.0,,,,,,,,,,,1418.8,74.2,571.4,,,3762.0,1911.1,162.9,45.0,81.9,1177.8,292.4,9524.2,794.5,9.4,,,,,,,,,,,1292.8,43.7,37.6,,,3984.3,1415.4,497.2,24.2,59.6,147.2,320.0,8625.9,898.3,4679.5,3926.7,752.8,520.4,918.2,-397.8,7907.8,800.7,4858.1,-4057.4,-3725.8,2266.2,942.4,-517.2,-583.9,-432.7,-1016.6,499.4,,,,2040.6,523.3,2756.4,5320.3,-8053.0,2776.9,-5276.1,10596.4,7038.4,7038.4,340.1,1209.5,5.4,-10.1,1214.2,1209.5
Million Dollars,1998-09-30,51581.0,43592.6,7988.4,20.9,6.2,,,,,,,,,,,1412.8,75.0,661.2,,,4162.1,1966.2,175.0,45.0,84.6,1171.3,280.5,10060.8,802.8,9.4,,,,,,,,,,,1310.9,44.1,58.7,,,4084.9,1250.4,526.6,30.9,61.6,156.3,304.2,8640.8,1420.0,4474.1,3983.3,490.8,529.2,956.0,-426.8,9472.4,655.4,4923.2,-4267.8,-6524.5,3311.5,1441.7,-1771.3,-27.2,-112.0,-139.2,-1632.1,,,,-6016.4,853.3,8271.1,3108.0,-10346.1,1012.0,-9334.1,12442.1,6542.2,6542.2,-2064.5,865.7,20.2,50.0,795.5,865.7
Million Dollars,1998-12-31,49334.7,41205.1,8129.6,21.4,5.8,,,,,,,,,,,1403.2,77.2,713.2,,,3691.5,1923.0,139.5,47.1,83.0,1077.1,270.6,9452.6,824.6,9.4,,,,,,,,,,,1285.6,45.3,49.9,,,3739.4,1430.8,494.6,38.1,60.5,146.5,291.6,8416.3,1036.3,4384.9,4082.3,302.6,409.4,891.4,-482.0,8986.5,2149.8,-293.2,2443.0,-1015.5,4677.1,1156.9,4818.5,788.7,787.8,1576.5,3242.0,,,,31680.7,986.5,1871.7,34538.9,32489.1,2482.5,34971.6,-432.7,5252.3,5252.3,-1168.7,2565.5,1.6,22.0,2541.9,2565.5
Million Dollars,1999-03-31,46741.0,41418.4,5322.6,22.9,13.6,,,,,,,,,,,1410.6,49.3,401.1,,,3826.4,1864.4,116.2,49.3,72.0,1002.2,223.8,9051.8,1688.1,13.5,,,,,,,,,,,1366.3,46.6,37.8,,,3891.0,1471.2,429.1,62.4,59.5,177.8,284.3,9527.6,-475.8,6155.9,5731.4,424.5,465.1,824.1,-359.0,4912.3,2446.6,14695.4,-12248.8,1821.5,2641.4,1310.9,5773.8,258.0,842.8,1100.8,4673.0,,,,-6418.7,-235.9,3360.5,-3294.1,-24047.5,5226.6,-18820.9,15526.8,7951.0,7951.0,2623.8,-414.9,37.0,160.4,-612.3,-414.9
Million Dollars,1999-06-30,53115.5,45972.5,7143.0,24.6,13.2,,,,,,,,,,,1470.0,52.6,427.3,,,4869.1,2233.7,187.1,49.2,67.4,1070.5,239.8,10704.5,1801.4,12.9,,,,,,,,,,,1355.9,49.8,43.9,,,4887.7,1702.7,522.4,29.3,55.6,196.1,307.0,10964.7,-260.2,6472.7,6025.9,446.8,589.9,945.2,-355.3,6974.3,3875.0,6052.6,-2177.6,-120.7,4142.6,1865.8,5887.7,68.1,1243.8,1311.9,4575.8,,,,-23542.2,1797.1,4986.9,-16758.2,-25949.6,7573.3,-18376.3,1618.1,4016.3,4016.3,1841.4,4799.4,5.2,-14.4,4808.6,4799.4
Million Dollars,1999-09-30,56168.9,49994.3,6174.6,26.2,13.4,,,,,,,,,,,1500.1,56.3,526.0,,,4580.5,2432.1,188.0,49.3,69.5,1091.8,242.0,10775.2,1928.4,13.1,,,,,,,,,,,1398.2,53.3,47.0,,,4511.7,1773.7,567.1,39.2,57.4,199.9,310.0,10899.0,-123.8,6604.8,6310.2,294.6,649.6,952.2,-302.6,6042.8,3770.2,4166.5,-396.3,4462.7,2259.7,1630.3,8352.7,7.6,474.3,481.9,7870.8,,,,852.7,-10.1,325.0,1167.6,5456.6,-3887.0,1569.6,-402.0,7072.5,7072.5,1023.7,-6.0,6.7,11.2,-23.9,-6.0
Million Dollars,1999-12-31,61484.9,52860.3,8624.6,25.9,13.8,,,,,,,,,,,1521.4,55.8,395.3,,,4682.9,2095.1,213.8,49.0,71.5,1084.0,243.7,10452.2,1913.8,13.5,,,,,,,,,,,1428.6,52.9,44.3,,,5074.6,2192.7,640.0,42.2,59.1,213.1,311.9,11986.7,-1534.5,6850.0,6359.3,490.7,604.8,953.9,-349.1,7231.7,3993.3,7040.5,-3047.2,6023.4,4147.4,1940.5,12111.3,332.1,697.0,1029.1,11082.2,,,,-6762.2,-16.7,3555.1,-3223.8,762.1,29.9,792.0,-4015.8,4019.2,4019.2,-269.8,2942.7,8.8,-65.0,2998.9,2942.7
Million Dollars,2000-03-31,58147.0,52268.3,5878.7,25.3,15.6,,,,,,,,,,,1910.5,45.7,409.8,,,4826.8,2140.2,102.9,53.1,54.7,872.3,226.2,10683.1,1985.2,19.5,,,,,,,,,,,1724.0,49.3,41.1,,,4941.9,1880.6,396.1,65.8,51.7,267.7,313.8,11736.7,-1053.6,6416.9,6451.6,-34.7,307.5,700.4,-392.9,4397.5,2452.7,6549.7,-4097.0,3468.2,2682.6,2500.1,8650.9,-1283.8,-887.2,-2171.0,10821.9,,,,3309.3,-39.8,2387.6,5657.1,3403.0,3258.7,6661.7,-1004.6,5720.3,5720.3,-848.0,-2170.8,8.0,0.1,-2178.9,-2170.8
Million Dollars,2000-06-30,63999.8,57433.5,6566.3,27.1,15.6,,,,,,,,,,,1960.2,49.0,461.7,,,4961.9,2204.5,238.2,53.1,55.3,784.4,249.2,11060.2,2128.4,19.4,,,,,,,,,,,1762.4,52.8,42.7,,,5379.2,2152.8,501.5,27.3,52.4,262.0,355.8,12736.7,-1676.5,7029.5,6725.1,304.4,876.8,1094.3,-217.5,4976.7,2200.6,4313.1,-2112.5,3706.7,2645.9,2762.2,9114.8,-195.2,-206.9,-402.1,9516.9,,,,-16435.9,1554.7,11159.1,-3722.1,-5719.8,8667.3,2947.5,-6669.6,734.8,734.8,1617.6,5859.5,6.3,-100.2,5953.4,5859.5
Million Dollars,2000-09-30,71851.5,63726.0,8125.5,29.4,16.2,,,,,,,,,,,2025.0,53.3,398.9,,,5301.6,2378.4,257.9,53.2,60.6,767.3,255.9,11597.7,2313.9,19.9,,,,,,,,,,,1856.6,57.4,46.9,,,5491.4,2065.4,571.4,34.7,57.5,258.0,365.5,13138.6,-1540.9,6842.7,7065.7,-223.0,919.2,1174.1,-254.9,6106.7,2520.8,6910.7,-4389.9,4631.5,2159.4,3781.7,10572.6,216.6,203.5,420.1,10152.5,,,,-4604.9,1574.8,9899.5,6869.4,4652.5,4248.1,8900.6,-2031.2,3731.4,3731.4,2018.6,4393.9,9.8,-50.1,4434.2,4393.9
Million Dollars,2000-12-31,73117.0,66510.2,6606.8,30.2,16.5,,,,,,,,,,,2039.7,54.4,484.9,,,5289.0,2141.6,326.4,53.3,61.2,757.2,259.4,11513.8,2363.5,19.7,,,,,,,,,,,1895.7,58.6,40.5,,,5816.7,2414.9,652.5,42.2,58.2,251.0,372.1,13985.6,-2471.8,6131.4,7190.6,-1059.2,888.9,1107.6,-218.7,2857.1,4632.2,8974.3,-4342.1,-13.4,2086.7,3159.3,5232.6,-260.0,-315.3,-575.3,5807.9,,,,39707.8,975.9,-743.1,39940.6,37580.3,4021.3,41601.6,-1661.0,-195.2,-195.2,708.6,3760.9,8.6,-9.6,3761.9,3760.9
Million Dollars,2001-03-31,64756.6,55633.9,9122.7,35.5,24.4,,,,,,,,,,,2092.0,51.2,477.7,,,5144.9,2105.2,105.0,57.1,88.6,968.9,311.9,11462.4,2323.7,26.0,,,,,,,,,,,2248.8,82.9,48.9,,,5554.5,2794.5,380.5,61.9,60.6,236.8,373.3,14192.4,-2730.0,6424.6,6937.9,-513.3,599.0,1122.7,-523.7,5355.7,7226.4,5357.8,1868.6,7464.8,2051.5,2609.1,12125.4,-45.0,553.5,508.5,11616.9,,,,11404.7,789.8,-5457.4,6737.1,16764.1,1835.5,18599.6,-11862.5,1623.0,1623.0,-2678.5,1054.2,9.0,13.2,1032.0,1054.2
Million Dollars,2001-06-30,62642.0,53505.4,9136.6,33.7,23.9,,,,,,,,,,,2122.0,48.6,525.3,,,4959.7,2098.8,233.1,57.2,85.1,960.7,323.8,11471.9,2205.2,25.4,,,,,,,,,,,2229.1,78.7,48.0,,,5506.3,3022.2,502.9,32.7,58.2,212.3,389.0,14310.0,-2838.1,7565.1,6801.9,763.2,1046.2,1618.8,-572.6,6489.1,8470.7,6445.8,2024.9,10180.2,2334.2,2568.0,15082.4,949.5,1346.8,2296.3,12786.1,,,,-24727.8,114.6,694.8,-23918.4,-24159.9,2571.5,-21588.4,-2330.0,12481.0,12481.0,1607.1,-4384.8,13.0,47.7,-4445.5,-4384.8
Million Dollars,2001-09-30,59673.7,51403.0,8270.7,32.6,24.8,,,,,,,,,,,2120.8,46.9,544.9,,,5098.8,2082.5,174.1,57.2,88.7,915.2,324.8,11511.3,2128.5,26.3,,,,,,,,,,,2239.4,76.0,52.5,,,5134.3,2899.1,425.7,41.5,60.7,222.9,390.5,13697.4,-2186.1,5989.9,6605.6,-615.7,804.6,1409.1,-604.5,4864.4,15625.8,7457.9,8167.9,4599.9,1776.5,2646.5,9022.9,24.6,1764.2,1788.8,7234.1,,,,-25960.0,74.5,9112.6,-16772.9,-3278.7,-6429.4,-9708.1,-7064.8,8337.2,8337.2,1242.4,-2230.4,2.9,12.0,-2245.3,-2230.4
Million Dollars,2001-12-31,60892.0,50561.6,10330.4,33.8,25.1,,,,,,,,,,,2100.9,48.3,551.6,,,5294.5,2025.9,220.7,57.0,83.8,1062.0,336.9,11840.5,2190.1,26.6,,,,,,,,,,,2235.3,78.1,46.3,,,5412.0,3127.4,459.5,46.3,57.3,310.1,417.6,14406.6,-2566.1,6007.2,6717.2,-710.0,1031.4,1574.4,-543.0,6511.3,4877.8,11210.0,-6332.2,4990.9,1812.8,3942.3,10746.0,-34.7,1779.1,1744.4,9001.6,,,,38493.4,49.0,-13121.9,25420.5,27492.0,-404.0,27088.0,-1667.5,1001.9,1001.9,-1551.7,3957.7,16.2,84.1,3857.4,3957.7
Million Dollars,2002-03-31,57976.3,49175.8,8800.5,70.1,19.0,,,,,,,,,,,2133.3,85.5,722.2,,,5239.0,2019.2,201.1,61.7,146.7,1093.9,334.2,12125.9,2050.8,45.4,,,,,,,,,,,2688.9,116.2,53.6,,,4495.6,3482.9,382.6,65.8,53.7,249.9,376.4,14061.8,-1935.9,6597.8,7089.6,-491.8,813.3,1501.1,-687.8,5685.0,2180.1,9215.0,-7034.9,-380.2,1588.2,3367.8,4575.8,700.7,993.3,1694.0,2881.8,,,,4996.2,391.9,8973.3,14361.4,1530.5,5668.2,7198.7,7162.7,3009.6,3009.6,-1107.0,1568.4,0.4,-11.6,1579.6,1568.4
Million Dollars,2002-06-30,64390.3,55877.1,8513.2,79.0,19.2,,,,,,,,,,,2244.3,96.4,699.9,,,5277.2,1918.2,231.1,61.7,130.0,1112.5,344.6,12214.1,2312.0,45.9,,,,,,,,,,,2904.3,131.0,54.4,,,4713.2,3647.4,448.9,28.4,47.6,261.9,383.6,14978.6,-2764.5,7105.4,7496.0,-390.6,915.0,1546.7,-631.7,4726.4,1150.0,561.5,588.5,-729.0,2331.0,3386.1,4988.1,-171.2,-540.9,-712.1,5700.2,,,,-55015.0,31.1,9281.9,-45702.0,-41430.0,-1100.2,-42530.2,-3171.8,3116.9,3116.9,-1387.9,221.6,8.1,76.9,136.6,221.6
Million Dollars,2002-09-30,65772.1,54914.7,10857.4,77.7,19.5,,,,,,,,,,,2266.5,94.8,896.6,,,5473.1,1929.1,221.8,61.8,134.4,1209.2,347.9,12732.4,2272.5,46.9,,,,,,,,,,,2916.8,128.8,62.2,,,4775.3,3576.4,443.2,42.1,49.2,282.0,389.2,14984.6,-2252.2,6357.1,7491.8,-1134.7,900.0,1529.1,-629.1,6841.4,645.1,-1672.6,2317.7,6095.9,1849.5,3841.9,11787.3,-11.3,-272.2,-283.5,12070.8,,,,4754.2,9.3,2754.7,7518.2,5965.8,9513.1,15478.9,-7960.7,6427.8,6427.8,519.1,932.7,9.5,62.8,860.4,932.7
Million Dollars,2002-12-31,66952.2,54753.5,12198.7,76.1,19.8,,,,,,,,,,,2257.2,92.8,753.1,,,5550.0,2114.0,347.9,61.5,132.1,1120.5,338.9,12863.9,2225.0,47.2,,,,,,,,,,,2949.5,126.1,52.0,,,5053.4,3985.0,560.2,66.2,48.5,266.0,370.1,15749.2,-2885.3,6202.8,7483.1,-1280.3,1309.7,1944.6,-634.9,7398.2,1101.6,2921.1,-1819.5,-1548.8,1692.5,4294.3,4438.0,335.8,2.3,338.1,4099.9,,,,19262.1,9.2,4218.5,23489.8,13244.1,5272.9,18517.0,4972.8,7253.2,7253.2,-581.5,-436.5,9.7,4.9,-451.1,-436.5
Million Dollars,2003-03-31,68634.9,53183.1,15451.8,89.6,25.3,,,,,,,,,,,2499.6,72.6,667.8,,,5812.2,1821.1,186.4,66.6,183.4,1370.8,351.5,13146.9,2826.8,41.3,,,,,,,,,,,3390.2,98.9,52.7,,,5510.1,3530.6,434.1,74.0,51.7,295.5,402.9,16708.8,-3561.9,7926.3,8506.7,-580.4,1006.6,1497.8,-491.2,10818.3,1295.9,16017.6,-14721.7,8441.8,1610.9,4633.4,14686.1,-288.4,612.6,324.2,14361.9,,,,-2393.2,1470.0,7296.6,6373.4,-4704.7,3897.7,-807.0,7180.4,6820.6,6820.6,-3140.9,856.8,12.0,54.8,790.0,856.8
Million Dollars,2003-06-30,69444.3,55227.8,14216.5,88.0,23.8,,,,,,,,,,,2491.8,71.3,739.6,,,4886.8,1145.3,199.4,66.5,176.3,1350.3,344.0,11583.1,2775.8,38.8,,,,,,,,,,,3370.2,97.2,56.4,,,5148.5,3070.4,436.6,30.7,49.7,304.5,387.4,15766.2,-4183.1,8040.0,8491.9,-451.9,1088.4,1519.1,-430.7,9150.8,1009.2,-4441.6,5450.8,3262.2,2189.5,6100.0,11551.7,-90.0,1149.2,1059.2,10492.5,,,,-6395.2,2510.7,9886.8,6002.3,4788.0,10377.9,15165.9,-9163.6,6779.7,6779.7,542.8,2913.9,13.9,117.2,2782.8,2913.9
Million Dollars,2003-09-30,74441.1,57436.0,17005.1,95.9,25.1,,,,,,,,,,,2627.7,77.6,716.0,,,6107.0,1780.6,250.9,66.7,191.5,1593.2,355.6,13887.8,3021.4,40.9,,,,,,,,,,,3550.3,105.8,64.0,,,5690.8,3753.0,511.1,53.0,54.0,331.9,399.9,17576.1,-3688.3,7573.9,9077.9,-1504.0,1401.9,1785.2,-383.3,11429.5,1265.9,8204.6,-6938.7,-1655.3,1728.7,5339.1,5412.5,942.1,1149.3,2091.4,3321.1,,,,-21801.6,5212.1,11487.8,-5101.7,-8652.5,-4608.1,-13260.6,8158.9,4541.3,4541.3,-1811.9,5076.3,6.1,-85.3,5155.5,5076.3
Million Dollars,2003-12-31,79148.9,61772.3,17376.6,101.1,25.3,,,,,,,,,,,2666.6,81.6,759.7,,,6537.2,1959.4,219.8,66.4,191.4,1367.2,372.7,14348.4,3181.0,41.7,,,,,,,,,,,4083.2,111.3,52.1,,,6323.0,4240.5,513.0,55.3,54.2,324.7,430.6,19410.6,-5062.2,7518.3,9503.5,-1985.2,1217.4,1603.0,-385.6,9943.6,2919.9,9926.1,-7006.2,3169.7,1637.9,3658.0,8465.6,-179.5,2000.6,1821.1,6644.5,,,,15743.7,4907.2,-829.6,19821.3,7031.2,5676.5,12707.7,7113.6,6751.9,6751.9,-264.2,2927.5,14.3,44.5,2868.7,2927.5
Million Dollars,2004-03-31,78578.3,63300.2,15278.1,172.4,30.2,,,,,,,,,,,3401.6,81.9,704.6,,,6821.6,2018.2,235.2,71.1,289.4,1454.0,409.5,15689.7,3156.4,49.5,,,,,,,,,,,4272.5,199.0,58.3,,,6963.9,3685.0,470.2,103.0,151.1,333.4,349.7,19792.0,-4102.3,8896.4,11882.8,-2986.4,1271.2,1799.8,-528.6,7660.8,4675.3,12872.9,-8197.6,16815.7,1545.1,1826.5,20187.3,549.3,1112.7,1662.0,18525.3,,,,25257.9,9269.3,302.5,34829.7,46155.0,4145.5,50300.5,-15470.8,-5143.1,-5143.1,-2148.9,10655.0,100.8,-186.7,10740.9,10655.0
Million Dollars,2004-06-30,85742.4,69736.4,16006.0,184.3,29.8,,,,,,,,,,,3490.2,87.6,869.1,,,6816.5,2150.1,284.8,71.2,257.9,1631.5,428.5,16301.5,3375.4,48.7,,,,,,,,,,,4319.1,212.8,59.5,,,7397.0,4012.5,562.0,59.4,134.7,343.1,375.1,20899.3,-4597.8,9818.8,12312.1,-2493.3,1415.9,1875.6,-459.7,8455.2,6134.9,12422.5,-6287.6,9858.0,2212.3,208.5,12278.8,119.1,-276.4,-157.3,12436.1,,,,-2165.4,10.2,8499.8,6344.6,1486.2,2455.1,3941.3,2403.3,8551.8,8551.8,400.9,304.3,2.2,-63.7,365.8,304.3
Million Dollars,2004-09-30,92357.4,73774.5,18582.9,185.7,30.5,,,,,,,,,,,3526.7,88.2,855.6,,,7324.4,2282.6,223.6,71.2,271.4,1565.7,470.7,16896.3,3399.2,50.0,,,,,,,,,,,4476.2,214.3,66.6,,,7595.1,3773.0,507.3,49.1,141.8,333.9,446.2,21052.7,-4156.4,9609.9,12442.1,-2832.2,1190.1,1684.5,-494.4,11099.9,5612.2,6052.9,-440.7,4064.0,2080.2,-462.1,5682.1,1086.0,629.8,1715.8,3966.3,,,,-650.5,7.8,6390.2,5747.5,-697.1,1658.4,961.3,4786.2,8311.8,8311.8,-1969.2,818.9,6.4,15.3,797.2,818.9
Million Dollars,2004-12-31,92518.8,73775.5,18743.3,201.0,30.8,,,,,,,,,,,3610.2,95.5,1021.2,,,7667.8,2545.8,223.9,71.0,275.1,1695.9,470.1,17908.3,3682.8,50.1,,,,,,,,,,,4629.8,232.2,53.5,,,7990.8,4233.7,478.0,70.2,143.6,364.4,442.2,22371.3,-4463.0,9573.8,13022.7,-3448.9,1239.5,1739.6,-500.1,10331.3,5784.8,9876.8,-4092.0,-4738.3,1918.5,-251.1,-3070.9,-100.3,1863.0,1762.7,-4833.6,,,,25761.8,6108.2,2045.9,33915.9,20781.6,2154.4,22936.0,10979.9,2054.3,2054.3,413.7,8690.7,13.3,-8.7,8686.1,8690.7
Million Dollars,2005-03-31,88886.3,72970.0,15916.3,236.6,29.2,,,,,,,,,,,3574.1,68.9,1093.9,,,7663.2,2292.4,317.3,76.7,233.7,1523.9,420.8,17530.7,3454.6,45.2,,,,,,,,,,,4166.1,249.4,72.3,,,7757.7,3984.1,500.8,107.0,86.3,342.3,459.4,21225.2,-3694.5,11938.0,14559.1,-2621.1,1399.6,1937.0,-537.4,9063.3,4866.9,7578.5,-2711.6,9614.5,2203.0,-399.4,11418.1,2649.9,1770.9,4420.8,6997.3,,,,-18069.9,230.6,4207.5,-13631.8,-22228.3,9261.9,-12966.4,-665.4,3620.3,3620.3,-664.9,4778.1,1.8,-52.1,4828.4,4778.1
Million Dollars,2005-06-30,96395.9,77815.7,18580.2,259.4,29.4,,,,,,,,,,,3715.9,75.5,1151.6,,,7837.5,2500.1,315.9,76.7,209.7,1777.6,436.4,18385.7,3785.7,45.3,,,,,,,,,,,4349.6,273.3,76.7,,,8321.8,4283.2,569.5,52.3,77.3,373.5,476.7,22684.9,-4299.2,12948.0,15322.2,-2374.2,1494.4,1946.1,-451.7,11455.1,4604.1,7984.8,-3380.7,-1983.3,2884.2,-1013.5,-112.6,-1981.0,1762.6,-218.4,105.8,,,,11457.6,6233.1,9911.2,27601.9,20889.0,2407.5,23296.5,4305.4,1030.5,1030.5,-443.8,9980.8,-1.6,-104.3,10086.7,9980.8
Million Dollars,2005-09-30,105195.6,83458.3,21737.3,280.4,30.4,,,,,,,,,,,3850.8,81.6,1295.8,,,8306.2,2645.8,219.3,76.7,221.7,2161.6,441.4,19611.7,4094.3,46.9,,,,,,,,,,,4505.5,295.5,92.4,,,8504.2,4038.0,460.7,74.5,81.8,392.0,479.5,23065.3,-3453.6,13041.4,15988.8,-2947.4,1021.6,1569.7,-548.1,14788.2,5165.7,7994.0,-2828.3,795.3,2823.8,-1881.9,1737.2,352.7,3764.1,4116.8,-2379.6,,,,38775.3,3527.9,3920.6,46223.8,29647.5,-534.4,29113.1,17110.7,11902.8,11902.8,-1595.0,1290.4,7.4,-48.5,1331.5,1290.4
Million Dollars,2005-12-31,112583.8,89514.0,23069.8,305.9,30.4,,,,,,,,,,,3929.1,89.0,1256.4,,,8628.2,2896.2,285.5,76.5,236.2,2199.6,443.7,20376.7,4468.3,47.0,,,,,,,,,,,4634.4,322.5,73.0,,,9046.8,4455.7,556.5,64.1,87.2,416.7,480.4,24652.6,-4275.9,12658.8,16751.9,-4093.1,1312.2,1839.2,-527.0,14173.8,6255.7,8592.3,-2336.6,-2969.9,2194.0,-146.3,-922.2,-253.8,2512.7,2258.9,-3181.1,,,,40743.2,37.2,7143.3,47923.7,31823.7,1169.8,32993.5,14930.2,9412.5,9412.5,-413.9,4347.4,-5.2,-216.3,4568.9,4347.4
Million Dollars,2006-03-31,106242.2,86229.4,20012.8,251.2,32.3,,,,,,,,,,,5147.1,123.8,1213.0,,,8907.6,2701.2,303.7,80.0,222.6,2419.2,588.1,21989.8,3592.1,41.3,,,,,,,,,,,5728.8,281.1,113.3,,,8821.8,4165.2,464.0,90.6,63.9,554.4,582.4,24498.9,-2509.1,15847.4,17460.7,-1613.3,1141.7,1781.4,-639.7,15250.7,6712.4,14564.8,-7852.4,5314.8,2379.4,1154.6,8848.8,1182.2,4800.4,5982.6,2866.2,3269.2,1629.5,1639.7,-26611.7,334.1,6394.1,-19883.5,-37611.9,10039.7,-27572.2,7688.7,4342.2,4342.2,-2520.7,8387.8,-6.0,-62.9,8456.7,8387.8
Million Dollars,2006-06-30,110696.9,91016.7,19680.2,259.9,32.4,,,,,,,,,,,5310.5,128.1,1420.4,,,8580.3,2970.2,354.5,80.0,198.6,2596.7,604.9,22536.5,3717.3,41.4,,,,,,,,,,,5855.6,290.9,114.1,,,9095.9,4519.5,517.0,92.6,57.2,576.4,595.4,25473.3,-2936.8,17073.6,17921.8,-848.2,1317.2,1917.9,-600.7,15294.5,6921.9,16264.6,-9342.7,5591.4,3452.9,1792.7,10837.0,747.0,1921.3,2668.3,8168.7,4622.3,1703.6,2918.7,41344.9,6184.8,2095.7,49625.4,49143.4,-5431.9,43711.5,5913.9,7658.6,7658.6,-2520.4,5115.5,8.3,7.9,5099.3,5115.5
Million Dollars,2006-09-30,115852.1,95544.8,20307.3,276.7,32.6,,,,,,,,,,,5548.0,136.4,1496.1,,,9058.3,3025.9,292.0,80.1,224.4,2541.1,627.8,23339.4,3957.9,42.0,,,,,,,,,,,6130.4,309.7,130.4,,,9402.8,4359.2,484.5,61.1,64.6,564.7,617.1,26124.4,-2785.0,17052.7,18636.6,-1583.9,1112.3,1755.3,-643.0,15295.4,8451.0,11578.2,-3127.2,2520.3,3001.9,2898.9,8421.1,1354.3,3215.3,4569.6,3851.5,4320.3,1540.2,2780.1,9655.8,1255.1,-492.6,10418.3,8571.7,-3966.3,4605.4,5812.9,9317.3,9317.3,-1972.3,4005.8,7.3,3.2,3995.3,4005.8
Million Dollars,2006-12-31,113064.9,89920.1,23144.8,297.0,32.5,,,,,,,,,,,5719.8,146.4,1571.5,,,9330.9,3276.2,303.9,80.1,235.9,3156.1,658.8,24809.1,4249.5,42.2,,,,,,,,,,,6329.2,332.5,113.6,,,9382.9,4860.1,506.9,65.4,67.8,590.4,654.1,27194.6,-2385.5,17069.9,19429.6,-2359.7,1176.5,1905.6,-729.1,17670.5,9793.6,19766.3,-9972.7,7888.2,2757.3,5619.3,16264.8,-16.4,5450.5,5434.1,10830.7,3295.7,1430.6,1865.1,-6048.2,9165.3,8090.1,11207.2,4669.6,3793.2,8462.8,2744.4,5467.5,5467.5,-2716.4,9486.6,0.7,-39.2,9525.1,9486.6
Million Dollars,2007-03-31,111003.2,87644.8,23358.4,306.6,49.8,,,,,,,,,,,5521.4,114.6,1448.9,,,10394.7,2971.9,414.3,80.1,279.3,3305.6,658.8,25546.0,3439.2,43.8,,,,,,,,,,,6302.2,363.4,130.7,,,9551.0,4542.3,551.4,85.6,83.7,761.9,646.0,26501.2,-955.2,21215.9,21560.5,-344.6,1384.5,2248.9,-864.4,21194.2,13483.2,18208.2,-4725.0,11879.1,3332.9,6729.7,21941.7,-748.4,8814.5,8066.1,13875.6,2328.5,1038.0,1290.5,41581.2,6042.1,4584.2,52207.5,33534.8,9980.8,43515.6,8691.9,19133.0,19133.0,-545.9,1515.3,0.8,-14.3,1528.8,1515.3
Million Dollars,2007-06-30,114896.9,93472.4,21424.5,320.3,50.0,,,,,,,,,,,5731.7,119.7,1887.1,,,10408.6,3372.3,365.2,80.9,257.9,3820.8,693.3,27107.8,3592.0,44.2,,,,,,,,,,,6430.4,379.6,130.9,,,9940.5,5142.3,543.3,62.4,77.3,840.5,678.8,27862.2,-754.4,23315.8,24616.9,-1301.1,1286.1,2212.3,-926.2,18442.8,18216.9,20526.7,-2309.8,19867.7,4583.5,10930.8,35382.0,577.6,9770.2,10347.8,25034.2,15.9,79.5,-63.6,11399.6,21366.9,14597.7,47364.2,49939.9,10964.9,60904.8,-13540.6,9120.2,9120.2,-186.6,9136.0,12.1,-47.9,9171.8,9136.0
Million Dollars,2007-09-30,121526.9,96167.1,25359.8,354.8,51.0,,,,,,,,,,,5939.3,132.6,1705.3,,,11147.8,3562.0,363.7,81.9,287.2,4151.5,722.2,28499.3,3980.1,44.9,,,,,,,,,,,6709.5,420.6,153.8,,,10166.6,4957.4,544.3,67.2,86.1,854.7,711.1,28696.3,-197.0,22852.0,25740.2,-2888.2,1276.2,2369.5,-1093.3,21181.3,17989.4,18275.1,-285.7,1592.2,4684.8,10332.2,16609.2,-1452.8,8951.5,7498.7,9110.5,720.4,1208.5,-488.1,46926.5,7682.6,14336.9,68946.0,57787.0,5150.8,62937.8,6008.2,14344.9,14344.9,-805.0,6031.4,8.9,-2.6,6025.1,6031.4
Million Dollars,2007-12-31,122020.7,104546.8,17473.9,336.5,50.9,,,,,,,,,,,5993.3,125.7,1564.3,,,11691.7,3757.3,426.9,82.5,312.7,4545.8,755.9,29643.5,3774.0,45.1,,,,,,,,,,,6733.5,398.8,131.0,,,10795.9,5708.9,574.8,65.1,93.7,1008.3,751.0,30080.1,-436.6,21989.3,24628.8,-2639.5,1349.0,2545.9,-1196.9,13200.9,11924.2,14333.1,-2408.9,16115.2,3369.1,5935.0,25419.3,-843.9,2772.4,1928.5,23490.8,4354.3,4127.7,226.6,41715.9,12015.7,8710.6,62442.2,72343.9,11178.6,83522.5,-21080.3,228.2,228.2,-357.8,12614.9,-5.4,-6.8,12627.1,12614.9
Million Dollars,2008-03-31,125304.3,107740.0,17564.3,467.9,114.2,,,,,,,,,,,6482.6,123.2,2322.2,,,12924.9,3660.0,507.5,85.8,340.1,4254.1,858.8,32141.3,5245.1,128.9,,,,,,,,,,,7508.2,696.6,179.3,,,10455.6,5489.9,647.4,121.0,108.8,957.5,779.2,32317.5,-176.2,18018.6,21934.1,-3915.5,1587.2,2762.4,-1175.2,12297.4,7076.3,6362.1,714.2,11789.9,4445.9,1222.3,17458.1,-757.6,-2370.2,-3127.8,20585.9,7223.7,9527.8,-2304.1,45121.9,9186.6,-2021.6,52286.9,68045.0,4248.0,72293.0,-20006.1,-1010.1,-1010.1,-1342.5,11965.0,4.3,-3.6,11964.3,11965.0
Million Dollars,2008-06-30,130701.6,115128.8,15572.8,411.3,116.1,,,,,,,,,,,6442.2,108.3,1542.7,,,12773.3,3616.3,541.8,87.1,355.2,4233.4,905.7,31133.4,4609.5,131.3,,,,,,,,,,,7417.6,612.2,181.1,,,10651.1,5897.4,682.1,62.8,113.6,924.6,831.8,32115.1,-981.7,17693.2,19646.1,-1952.9,1562.2,2837.5,-1275.3,11362.9,435.4,6570.3,-6134.9,-9529.9,5106.8,-2705.0,-7128.1,-1339.8,-5769.7,-7109.5,-18.6,11900.6,14248.8,-2348.2,-39210.5,1334.4,-2860.1,-40736.2,-52921.2,-2185.7,-55106.9,14370.7,5869.0,5869.0,-1203.3,4290.6,-7.8,20.3,4278.1,4290.6
Million Dollars,2008-09-30,136062.0,120824.3,15237.7,429.6,117.1,,,,,,,,,,,6540.3,113.1,2265.8,,,13140.4,3714.9,453.5,87.6,404.7,4063.3,952.0,32282.3,4815.4,132.4,,,,,,,,,,,7551.1,639.5,207.3,,,10730.7,5514.2,634.4,61.8,129.6,910.6,883.3,32210.3,72.0,16744.1,19704.2,-2960.1,1326.2,2762.2,-1436.0,10913.6,-89.5,1362.0,-1451.5,-16447.8,3994.9,-3913.7,-16366.6,-211.3,-5860.7,-6072.0,-10294.6,12263.0,13964.2,-1701.2,72112.3,46.6,5164.2,77323.1,55184.9,-3704.1,51480.8,25842.3,12395.0,12395.0,-659.8,-2141.2,5.2,-6.1,-2140.3,-2141.2
Million Dollars,2008-12-31,109086.3,98890.5,10195.8,408.3,117.7,,,,,,,,,,,6356.5,107.5,2223.9,,,12270.2,4026.9,439.2,87.6,432.2,3168.8,959.2,30598.0,4578.0,133.5,,,,,,,,,,,7319.1,608.0,189.3,,,9974.6,6217.6,587.1,73.5,138.6,773.4,891.4,31484.1,-886.1,17584.1,18832.5,-1248.4,1246.9,2562.3,-1315.4,6745.9,3846.3,4945.3,-1099.0,-36568.0,6003.1,-498.5,-31063.4,-629.2,-3781.1,-4410.3,-26653.1,7810.6,7017.7,792.9,-28571.9,13.4,-15936.6,-44495.1,-72834.2,-34.5,-72868.7,28373.6,1414.4,1414.4,-914.8,4416.7,38.4,116.5,4261.8,4416.7
Million Dollars,2009-03-31,92773.4,78908.8,13864.6,450.8,97.2,,,,,,,,,,,6090.1,70.1,2429.9,,,10673.3,3294.4,523.4,87.6,366.5,3460.7,902.0,28446.0,4235.3,108.8,,,,,,,,,,,6764.2,708.7,242.2,,,8386.4,5190.5,473.6,113.4,134.8,676.1,817.7,27851.7,594.3,19532.7,19969.6,-436.9,1425.8,2806.0,-1380.2,12641.8,8847.8,6761.1,2086.7,-459.6,4539.9,-5287.3,-1207.0,-969.8,-747.8,-1717.6,510.6,-2998.4,-6844.2,3845.8,-13087.1,1914.6,-2971.2,-14143.7,-24760.4,-298.8,-25059.2,10915.5,17358.6,17358.6,1139.3,-3577.5,3.4,-3.5,-3577.4,-3577.5
Million Dollars,2009-06-30,100604.1,83087.4,17516.7,517.1,97.9,,,,,,,,,,,6273.3,80.4,2284.1,,,10232.4,3249.8,531.1,87.2,362.4,3775.5,918.2,28409.4,4856.5,109.5,,,,,,,,,,,7007.5,812.7,236.1,,,8507.7,5617.4,539.5,48.9,133.4,696.5,834.5,29400.2,-990.8,17960.6,21225.6,-3265.0,1524.8,2842.4,-1317.6,11943.3,11917.2,8004.3,3912.9,32872.1,4197.7,-7871.6,29198.2,-57.6,1307.5,1249.9,27948.3,-8569.1,-14803.5,6234.4,-52815.2,2.4,5349.8,-47463.0,-23357.5,1936.0,-21421.5,-26041.5,12054.1,12054.1,1141.9,1031.1,-12.7,61.6,982.2,1031.1
Million Dollars,2009-09-30,111894.7,92940.3,18954.4,584.0,101.0,,,,,,,,,,,6583.1,90.8,2215.9,,,10784.8,3180.0,560.0,87.5,388.1,3880.4,967.7,29423.3,5485.3,113.1,,,,,,,,,,,7401.3,917.9,276.6,,,9022.2,5623.9,603.1,95.6,142.8,802.4,886.4,31370.6,-1947.3,17139.1,22478.0,-5338.9,1623.2,2936.3,-1313.1,10355.1,13312.6,7029.5,6283.1,13885.6,2745.6,-7082.3,9548.9,-145.7,1350.7,1205.0,8343.9,-8372.3,-15002.8,6630.5,-53681.2,7802.3,9728.7,-36150.2,-29252.5,10075.3,-19177.2,-16973.0,4284.5,4284.5,950.2,7020.8,1669.9,61.3,5289.6,7020.8
Million Dollars,2009-12-31,115831.4,96514.1,19317.3,528.9,101.9,,,,,,,,,,,6648.9,82.1,2198.2,,,11675.2,3693.5,595.7,87.5,427.6,4497.6,1016.2,31553.3,4968.7,113.9,,,,,,,,,,,7454.4,831.4,236.1,,,9843.6,6409.1,690.2,62.1,157.2,803.7,937.7,32508.1,-954.8,16700.7,22307.6,-5606.9,1741.5,3144.2,-1402.7,11352.9,12524.5,12293.2,231.3,3089.1,2444.9,-1860.9,3673.1,-422.0,1405.5,983.5,2689.6,-7990.6,-11871.5,3880.9,-28568.5,12702.7,13620.9,-2244.9,-10243.8,15230.7,4986.9,-7231.8,-430.0,-430.0,198.9,11981.8,0.6,0.3,11980.9,11981.8
Million Dollars,2010-03-31,117620.9,100437.8,17183.1,604.2,100.8,,,,,,,,,,,6402.7,66.4,2287.4,,,12502.2,3823.4,840.9,89.2,342.6,3985.0,1173.3,32218.1,5322.6,130.5,,,,,,,,,,,7240.7,1031.7,210.2,,,9735.4,5954.0,846.3,88.5,167.2,907.4,1083.5,32718.0,-499.9,22061.7,21392.5,669.2,1801.5,3601.2,-1799.7,15552.7,11895.6,14379.6,-2484.0,7958.5,3714.2,3093.2,14765.9,264.1,1962.2,2226.3,12539.6,988.1,290.7,697.4,11046.5,1412.0,5398.9,17857.4,24588.1,7730.4,32318.5,-14461.1,-3708.1,-3708.1,1784.3,21045.1,-116.8,-18.7,21180.6,21045.1
Million Dollars,2010-06-30,128234.0,106791.6,21442.4,733.7,110.0,,,,,,,,,,,6669.3,80.6,2359.1,,,12787.8,4763.3,926.1,89.8,347.4,4005.2,1200.1,34072.4,6462.4,142.6,,,,,,,,,,,7621.4,1252.7,202.4,,,10057.0,6424.6,873.7,41.5,169.5,832.9,1113.1,35193.8,-1121.4,21754.5,23309.0,-1554.5,1952.4,3785.4,-1833.0,16933.5,12620.8,18797.6,-6176.8,-10081.9,3653.8,8651.2,2223.1,-549.0,3786.0,3237.0,-1013.9,469.6,2374.9,-1905.3,8410.4,2004.7,22290.4,32705.5,12939.9,5709.2,18649.1,14056.4,4960.4,4960.4,1713.5,13686.6,-55.8,-9.4,13751.8,13686.6
Million Dollars,2010-09-30,133113.1,109634.8,23478.3,648.8,110.7,,,,,,,,,,,6577.8,71.2,2007.6,,,13398.9,5390.1,819.2,90.3,353.1,3938.9,1216.6,34623.2,5714.0,143.5,,,,,,,,,,,7475.1,1107.6,248.9,,,10055.6,6195.8,813.3,56.7,172.3,890.9,1134.7,34008.4,614.8,21380.3,22522.8,-1142.5,1785.5,3689.1,-1903.6,21047.0,12332.7,19718.7,-7386.0,9921.7,3448.7,10004.0,23374.4,-250.6,3890.6,3640.0,19734.4,1052.4,3521.7,-2469.3,5507.9,10702.9,13881.3,30092.1,6194.7,16666.6,22861.3,7230.8,17109.9,17109.9,2334.8,6271.9,0.2,-3.1,6274.8,6271.9
Million Dollars,2010-12-31,131576.9,107459.4,24117.5,649.5,111.8,,,,,,,,,,,6708.8,71.3,1994.3,,,13917.7,5354.4,731.5,90.6,363.4,4724.1,1241.2,35958.6,5720.6,144.9,,,,,,,,,,,7594.5,1109.0,212.6,,,10455.0,6922.9,707.0,74.6,177.6,862.6,1155.9,35137.2,821.4,21412.1,22917.2,-1505.1,1635.1,3614.6,-1979.5,21454.3,11428.9,22536.7,-11107.8,1474.6,3094.2,6117.4,10686.2,-347.9,739.2,391.3,10294.9,3639.1,4954.8,-1315.7,-12772.9,5402.5,19209.2,11838.8,-8979.8,13482.9,4503.1,7335.7,5207.1,5207.1,229.7,16476.9,-63.0,76.7,16463.2,16476.9
Million Dollars,2011-03-31,137031.7,112479.3,24552.4,956.5,133.5,110.9,107.0,430.8,71.9,3492.3,859.8,130.0,167.1,652.0,1132.2,7154.0,65.9,2159.8,9901.5,2980.2,12881.7,5415.6,816.1,91.3,457.8,4783.2,1606.8,36522.2,6373.9,144.3,68.1,51.5,601.3,15.6,3525.6,498.0,57.9,1229.5,392.2,1876.7,8316.4,1135.9,213.4,6356.9,3765.7,10122.6,6254.5,901.7,96.2,154.2,993.7,1777.2,36484.0,38.2,19988.6,23057.2,-3068.6,2480.6,4086.2,-1605.6,19916.4,10994.6,12383.1,-1388.5,3996.7,2402.9,2142.5,8542.1,-225.5,-846.3,-1071.8,9613.9,9211.7,4914.8,4296.9,9630.0,18656.7,130.6,28417.3,11848.2,15562.4,27410.6,1006.7,13529.0,13529.0,-152.1,6235.3,-257.8,361.4,6131.7,6235.3
Million Dollars,2011-06-30,139523.8,117511.8,22012.0,786.8,128.0,106.5,96.4,439.6,73.7,3595.8,843.7,132.5,163.6,690.6,1193.6,7336.0,64.7,2068.8,11256.7,2920.4,14177.1,5414.7,752.7,91.8,458.7,4829.7,1544.7,37653.7,6287.4,142.2,66.7,52.7,584.7,15.0,3174.2,488.5,56.5,1206.2,415.4,1810.6,7870.5,1114.4,213.1,6760.9,3875.2,10636.1,6844.3,819.7,49.3,161.6,974.3,1778.4,36891.3,762.4,21779.7,23485.4,-1705.7,2345.2,3901.4,-1556.2,19512.5,10937.4,13773.1,-2835.7,-11671.7,3759.7,-541.7,-8453.7,-855.7,387.7,-468.0,-7985.7,12759.3,6219.8,6539.5,21305.5,4303.0,3258.3,28866.8,3201.1,7667.5,10868.6,17998.2,13716.3,13716.3,-330.7,5465.5,-27.4,-46.4,5539.3,5465.5
Million Dollars,2011-09-30,143571.9,118615.9,24956.0,796.3,149.2,107.0,106.2,463.9,77.7,3723.2,844.5,150.3,163.5,689.5,1229.1,7554.9,64.7,2632.0,10166.9,3122.2,13289.1,6028.6,786.9,92.8,498.2,4809.9,1510.1,38212.7,6419.1,143.4,68.2,62.2,590.0,15.5,3226.6,488.7,55.9,1207.3,414.8,1813.6,7942.8,1115.5,241.5,6635.3,3826.4,10461.7,6576.7,829.1,50.7,167.5,1023.9,1800.5,36772.4,1440.3,21370.7,24016.9,-2646.2,2392.4,4093.1,-1700.7,22049.4,9481.3,17693.9,-8212.6,7945.7,3686.3,561.2,12193.2,-516.0,-3686.3,-4202.3,16395.5,13796.7,6975.6,6821.1,59653.8,7305.3,-2188.3,64770.8,81292.2,-12908.0,68384.2,-3613.4,11390.6,11390.6,-571.4,10087.4,76.3,142.1,9869.0,10087.4
Million Dollars,2011-12-31,144287.9,120780.8,23507.1,805.8,146.1,113.3,92.7,472.9,78.7,3817.2,849.2,145.3,164.6,687.3,1253.4,7674.6,65.1,2482.3,10091.6,3083.5,13175.1,5692.3,679.7,93.0,526.3,4705.8,1578.3,37624.4,6510.5,147.1,71.0,55.8,614.5,16.4,3515.3,491.7,64.4,1213.3,413.5,2029.1,8485.0,1121.1,204.3,6508.6,4060.4,10569.0,7266.1,768.1,64.6,178.1,923.2,1830.0,38067.1,-442.7,19568.3,24221.3,-4653.0,2049.8,3871.0,-1821.2,16590.2,8710.0,17976.7,-9266.7,-14017.4,2886.9,4086.4,-7044.1,-1274.9,-329.9,-1604.8,-5439.3,8372.9,4549.7,3823.2,-17111.0,3607.6,-9674.0,-23177.4,-36855.3,-15237.4,-52092.7,28915.3,18032.5,18032.5,1141.8,-300.5,-28.2,27.5,-299.8,-300.5
Million Dollars,2012-03-31,144363.1,121065.8,23297.3,846.2,143.7,61.9,99.1,695.7,86.3,3537.0,1047.1,134.2,186.2,761.3,1286.4,7895.2,62.3,2375.8,10467.3,3144.8,13612.1,6123.3,958.4,95.0,466.3,4827.4,2140.8,39546.5,7009.3,140.6,38.9,63.0,775.5,21.2,3692.1,584.2,166.4,1484.7,759.2,2186.3,9771.5,1335.0,203.3,6523.4,4442.8,10966.2,6765.6,958.4,81.8,153.3,960.1,2387.7,40732.8,-1186.3,20078.9,23816.0,-3737.1,2951.1,4929.5,-1978.4,16395.5,7116.4,9169.5,-2053.1,8422.5,2700.6,14178.9,25302.0,518.1,1152.8,1670.9,23631.1,-11040.5,-2446.4,-8594.1,-27919.0,1570.9,1970.1,-24378.0,-28650.8,7934.0,-20716.8,-3661.2,9322.7,9322.7,-701.1,6371.7,-42.4,-2.4,6416.5,6371.7
Million Dollars,2012-06-30,145181.7,121481.2,23700.5,881.9,137.1,63.5,99.8,709.2,88.0,3682.0,1080.7,152.5,192.8,782.4,1399.9,8250.8,64.3,2382.9,10920.4,3142.8,14063.2,5598.7,855.8,95.6,468.8,5119.5,2127.4,40046.0,7421.8,137.8,39.9,63.0,755.9,20.7,3528.4,602.7,161.8,1533.0,780.2,2155.5,9641.1,1378.4,205.6,6565.2,4537.4,11102.6,7240.1,895.1,43.9,161.9,987.2,2396.8,41612.3,-1566.3,20737.3,24622.9,-3885.6,2818.5,4599.2,-1780.7,16467.9,4931.1,21994.7,-17063.6,2744.1,4036.5,12254.9,19035.5,1932.2,-1895.0,37.2,18998.3,-15305.0,-11486.1,-3818.9,24292.0,3610.2,7339.4,35241.6,25629.9,-3594.5,22035.4,13206.2,11322.0,11322.0,-303.4,4842.5,-12.3,54.5,4800.3,4842.5
Million Dollars,2012-09-30,137657.1,112524.0,25133.1,843.5,159.4,63.6,115.1,710.8,88.0,3647.4,1025.0,152.7,183.6,784.3,1367.6,8138.1,61.0,2118.1,10657.9,3251.7,13909.6,5677.8,832.8,96.0,487.9,4935.4,2096.3,39355.9,7370.9,137.3,40.0,76.2,743.8,20.7,3577.7,571.8,155.9,1453.1,782.2,2093.0,9514.4,1306.5,231.8,6686.1,4486.3,11172.4,7034.1,863.1,60.7,159.2,982.7,2382.0,41215.1,-1859.2,19831.1,24117.4,-4286.3,2582.2,4638.6,-2056.4,16931.2,5205.7,15808.7,-10603.0,8010.1,3929.7,16448.8,28388.6,-7873.8,9846.9,1973.1,26415.5,-12720.5,-6564.6,-6155.9,-11726.8,5408.5,3080.0,-3238.3,-5220.3,3271.1,-1949.2,-1289.1,8367.5,8367.5,-714.4,7849.3,-37.0,-10.1,7896.4,7849.3
Million Dollars,2012-12-31,136472.8,114936.5,21536.3,943.0,158.4,65.2,93.3,744.2,91.8,5585.0,1042.7,160.7,187.3,789.9,1436.0,10196.1,62.0,2176.3,10818.7,3182.7,14001.4,6087.5,749.6,96.2,499.3,5812.3,2038.7,42820.8,7072.5,142.2,41.5,68.6,781.8,22.0,3874.2,581.4,179.8,1478.4,787.7,2357.9,10173.3,1329.3,196.3,6498.4,4768.8,11267.2,7876.0,781.7,70.4,174.4,1104.2,2349.4,42536.9,283.9,20375.9,24865.3,-4489.4,2281.0,4343.2,-2062.2,15268.6,8340.7,22147.7,-13807.0,18949.0,3263.1,9200.3,31412.4,608.9,1261.9,1870.8,29541.6,-11265.4,-8081.0,-3184.4,-1079.5,8700.9,6477.6,14099.0,15439.5,9816.0,25255.5,-11156.5,1393.7,1393.7,-332.5,13542.4,-0.1,-6.9,13549.4,13542.4
Million Dollars,2013-03-31,133668.0,111623.7,22044.3,1027.8,156.6,98.1,102.4,1143.5,75.8,4875.3,1165.1,153.0,264.7,885.4,949.9,9713.2,65.1,2322.9,10036.9,2912.4,12949.3,5907.2,983.9,98.1,517.4,5370.0,2335.4,41446.9,6877.9,144.4,61.9,60.7,771.8,20.0,4043.7,634.2,65.1,2684.6,1051.2,2679.8,12073.0,1494.5,207.1,6885.3,4680.9,11566.2,7318.6,1078.5,96.6,162.6,1043.8,2941.5,45004.7,-3557.8,19741.9,25223.7,-5481.8,3584.0,5368.1,-1784.1,11220.6,11066.1,22525.6,-11459.5,10413.4,2608.0,11080.4,24101.8,1063.4,386.6,1450.0,22651.8,-3953.0,927.2,-4880.2,7103.3,7630.6,2306.8,17040.7,22817.4,-1846.2,20971.2,-3930.5,2381.6,2381.6,-121.0,8718.0,-19.4,24.8,8712.6,8718.0
Million Dollars,2013-06-30,145807.2,119787.1,26020.1,1121.9,149.8,100.1,98.2,1192.1,78.9,5082.1,1291.9,157.7,292.8,933.9,975.5,10203.2,72.3,2486.5,11827.1,2918.9,14746.0,5902.3,887.6,97.3,515.7,5817.2,2351.3,44351.1,7017.8,145.5,63.6,61.1,778.3,19.5,3789.2,703.6,64.3,2982.7,1108.6,2546.9,12117.8,1660.4,206.4,7614.3,4806.7,12421.0,7600.6,1115.8,53.1,165.2,1123.1,2975.7,46602.4,-2251.3,22323.3,26524.7,-4201.4,3068.6,5007.2,-1938.6,17628.8,11846.0,16038.6,-4192.6,-4327.4,4469.2,-2980.4,-2838.6,632.4,-3565.7,-2933.3,94.7,-2282.3,360.3,-2642.6,29242.5,13807.1,3541.9,46591.5,22772.4,4059.1,26831.5,19760.0,13019.5,13019.5,776.3,5385.6,43.5,64.7,5277.4,5385.6
Million Dollars,2013-09-30,148262.8,124162.0,24100.8,1020.7,160.8,102.1,105.2,1213.6,79.2,5108.0,1278.6,164.6,291.3,960.5,976.1,10279.2,71.6,3087.5,11900.9,3092.7,14993.6,6397.4,836.1,97.9,540.5,5500.2,2409.1,45394.6,7696.6,146.0,64.5,73.4,761.7,19.4,3776.5,696.7,62.7,2952.0,1139.9,2519.1,12065.9,1643.3,233.5,7762.9,4810.3,12573.2,7493.7,1025.8,63.5,172.2,1098.6,2949.0,47161.3,-1766.7,21683.8,26441.1,-4757.3,3024.2,5045.5,-2021.3,15555.5,20717.9,22718.9,-2001.0,-2395.5,4601.2,13958.5,16164.2,4696.6,-3356.4,1340.2,14824.0,-5331.8,915.3,-6247.1,17572.0,11405.0,-5447.8,23529.2,5813.1,8941.9,14755.0,8774.2,15350.1,15350.1,744.2,949.6,15.5,56.0,878.1,949.6
Million Dollars,2013-12-31,145339.2,118929.8,26409.4,1102.1,169.3,100.6,94.5,1220.9,78.6,5073.8,1323.8,168.1,299.8,958.4,1026.6,10345.1,74.2,2870.3,12164.5,2977.5,15142.0,5856.4,926.9,98.2,562.0,6923.7,2456.5,46526.7,7177.6,148.2,63.4,64.9,789.6,19.9,4141.4,721.1,70.5,3058.3,1137.9,2827.4,12894.4,1702.3,198.2,7676.1,5044.2,12720.3,8127.4,1037.2,73.8,179.8,1381.7,2926.4,48567.3,-2040.6,20912.7,27202.1,-6289.4,2871.9,4903.9,-2032.0,16047.4,13027.4,19287.5,-6260.1,17924.0,3735.1,18651.2,40310.3,312.2,-2559.6,-2247.4,42557.7,-1636.9,1002.5,-2639.4,26863.0,4187.6,4260.6,35311.2,57339.2,2196.9,59536.1,-24224.9,9433.3,9433.3,1063.6,7677.7,17.0,35.5,7625.2,7677.7
Million Dollars,2014-03-31,138752.3,116325.8,22426.5,1326.5,202.0,128.8,81.5,1874.8,91.8,4994.3,1477.9,164.5,221.5,1193.5,1158.1,11386.7,104.1,3007.1,12367.5,3155.7,15523.2,6400.5,1082.2,99.1,364.7,5985.9,2478.2,47960.2,6282.1,154.0,63.8,66.8,862.4,14.4,4442.0,819.1,73.1,2613.6,1845.9,2936.7,13737.8,1925.4,215.3,9004.5,5209.9,14214.4,8131.4,858.7,115.9,121.5,1399.1,5044.8,52200.4,-4240.2,21454.2,24989.5,-3535.3,3336.4,5218.0,-1881.6,12769.4,15891.2,29073.5,-13182.3,13839.0,3784.5,3225.2,20848.7,7355.0,-8327.0,-972.0,21820.7,763.7,1170.1,-406.4,-11009.1,1519.2,6471.8,-3018.1,1693.5,-7802.4,-6108.9,3090.8,11322.8,11322.8,-999.0,447.6,0.1,-14.1,461.6,447.6
Million Dollars,2014-06-30,146206.5,119576.4,26630.1,1259.7,188.0,132.0,88.5,1985.8,97.3,5240.8,1518.1,164.6,228.7,1225.5,1227.0,11908.3,107.0,2192.6,13083.5,3156.3,16239.8,5853.5,1107.6,99.0,356.7,5930.0,2470.3,47712.5,6412.1,155.7,65.9,68.0,856.0,14.1,4206.5,841.3,73.7,2685.9,1895.4,2859.7,13566.5,1978.7,215.7,9292.7,5287.7,14580.4,8336.8,1069.6,54.6,124.0,1219.4,4994.1,52707.6,-4995.1,22435.9,26337.9,-3902.0,3143.4,5123.2,-1979.8,15753.2,16387.3,16734.1,-346.8,26319.6,4937.9,6532.4,37789.9,1819.5,-153.0,1666.5,36123.4,2612.6,2775.4,-162.8,-5420.8,3008.0,5557.0,3144.2,14751.9,14128.6,28880.5,-25736.3,9877.5,9877.5,-1221.2,4654.5,-14.1,-14.0,4682.6,4654.5
Million Dollars,2014-09-30,144338.7,113875.9,30462.8,1247.3,196.6,135.4,81.5,2008.3,98.5,5341.8,1507.4,172.9,229.2,1242.0,1221.5,12038.5,106.3,2465.0,12817.0,3421.1,16238.1,6130.3,1050.8,98.8,372.9,6457.1,2534.5,48936.2,6668.1,152.5,67.5,82.0,833.7,13.9,4143.3,835.2,71.6,2666.8,1920.8,2803.7,13438.5,1964.6,243.9,9127.6,5258.1,14385.7,7616.9,848.2,57.1,127.5,1332.8,5077.2,51913.0,-2976.8,23223.5,25994.1,-2770.6,3110.5,5149.9,-2039.4,22676.0,17393.3,18964.0,-1570.7,-10322.4,5675.7,5547.7,901.0,174.3,57.5,231.8,669.2,1995.6,2349.3,-353.7,24832.4,8055.8,948.2,33836.4,4680.5,9434.5,14115.0,19721.4,18466.2,18466.2,-804.6,3405.2,-31.4,-46.4,3483.0,3405.2
Million Dollars,2014-12-31,141653.9,111326.5,30327.4,1120.0,214.8,135.0,80.7,2085.4,102.0,5545.3,1517.6,174.8,235.2,1241.5,1293.3,12410.8,107.0,2188.4,12649.2,3268.5,15917.7,5893.1,1000.9,98.4,380.1,8291.5,2611.6,50234.3,7090.6,163.1,67.7,74.0,866.5,14.5,4526.5,841.0,80.3,2685.3,1919.6,3147.4,14222.8,1978.1,205.8,9159.7,5482.1,14641.8,8283.6,832.9,67.5,124.6,1550.7,5195.1,54356.6,-4122.3,23016.1,26686.1,-3670.0,2840.8,4962.5,-2121.7,20413.4,16819.8,22272.8,-5453.0,-8608.8,5710.4,5742.7,2844.3,2098.7,397.8,2496.5,347.8,-215.5,2477.9,-2693.4,41990.0,9446.4,7790.2,59226.6,31115.8,59.3,31175.1,28051.5,20252.9,20252.9,-50.0,110.5,25.6,-138.1,223.0,110.5
Million Dollars,2015-03-31,135365.0,101356.1,34008.9,2822.8,208.3,139.3,78.2,2381.2,89.6,5488.9,1283.7,168.2,260.4,1455.6,1305.0,12650.1,85.8,2175.2,12936.8,3292.8,16229.6,5641.9,1320.3,99.6,276.9,6880.0,2994.0,51384.5,6313.5,170.3,83.5,75.4,927.8,11.3,4706.4,813.3,77.0,4238.9,1280.8,3025.7,15240.1,2064.5,230.9,10731.0,5525.0,16256.0,7790.4,1080.5,101.4,118.3,1582.2,3735.2,54683.3,-3298.8,22223.4,30717.9,-8494.5,3473.8,5276.9,-1803.1,20412.5,14611.5,22590.2,-7978.7,-4285.5,4180.6,8667.9,8563.0,-653.7,-1280.1,-1933.8,10496.8,3078.5,-3403.9,6482.4,39943.8,4064.0,8607.1,52614.9,37860.5,3385.0,41245.5,11369.4,20369.9,20369.9,-1353.5,-1310.9,-23.8,-257.3,-1029.8,-1310.9
Million Dollars,2015-06-30,137023.6,106872.6,30151.0,3220.0,200.3,142.3,83.7,2523.8,94.3,5771.2,1318.1,200.8,266.9,1470.0,1377.3,13248.4,88.2,2315.4,12951.0,3157.5,16108.5,5392.7,1325.8,99.5,290.3,7044.0,3040.5,52373.6,6808.1,170.0,86.6,77.1,951.7,11.4,4487.4,835.8,77.4,4357.3,1293.7,2956.8,15135.2,2122.1,229.1,11029.4,5557.6,16587.0,8238.6,1103.5,47.6,121.1,1450.0,3717.0,55729.3,-3355.7,23886.4,32159.1,-8272.7,3299.7,5188.1,-1888.4,16634.2,20159.0,25340.1,-5181.1,-9394.2,5592.6,23825.3,20023.7,-2033.3,-869.0,-2902.3,22926.0,-7734.6,-1349.1,-6385.5,-39735.4,3309.8,-7753.0,-44178.6,-48348.4,2974.9,-45373.5,1194.9,12554.3,12554.3,-1393.4,2686.5,1.4,-7.7,2692.8,2686.5
Million Dollars,2015-09-30,136164.1,106010.2,30153.9,2864.1,212.1,148.4,68.9,2633.2,98.0,6027.8,1289.7,184.7,262.6,1492.5,1383.1,13588.9,86.2,2382.2,12908.2,3463.7,16371.9,6213.8,1310.0,99.1,298.8,7018.0,3072.2,53517.3,6803.3,170.2,90.3,93.5,942.8,11.8,4592.5,818.1,76.7,4262.2,1313.4,2923.0,15124.3,2075.8,255.8,11057.5,5389.8,16447.3,7866.4,1168.8,56.3,107.9,1568.3,3718.9,55363.3,-1846.0,27493.8,32123.5,-4629.7,3363.9,5270.5,-1906.6,21771.6,13811.5,25838.8,-12027.3,4368.3,8910.4,2270.6,15549.3,-506.9,-684.0,-1190.9,16740.2,-8542.0,3279.1,-11821.1,90296.6,4940.0,6278.0,101514.6,73658.5,884.0,74542.5,26972.1,19863.9,19863.9,-1428.3,479.4,95.1,58.9,325.4,479.4
Million Dollars,2015-12-31,136183.7,103229.6,32954.1,2987.2,232.1,147.1,76.5,2693.7,100.1,6167.9,1291.6,213.1,264.6,1465.2,1403.7,13823.5,86.3,2442.4,12002.1,3385.0,15387.1,5597.1,1356.6,98.8,306.2,7937.7,3092.3,53347.3,6747.1,174.7,90.7,85.0,986.5,12.4,4963.6,819.7,84.3,4268.1,1289.5,3191.5,15791.3,2078.8,213.5,10763.6,5557.7,16321.3,8629.5,1023.9,69.4,119.6,1593.5,3761.1,56523.7,-3176.4,24941.1,32437.0,-7495.9,3411.7,5357.3,-1945.6,20336.2,13592.0,22158.7,-8566.7,11701.0,6340.3,14009.7,32051.0,-2268.6,-277.5,-2546.1,34597.1,1970.4,-2171.1,4141.5,-68404.8,2365.5,-7395.5,-73434.8,-64510.8,1981.3,-62529.5,-10905.3,19266.6,19266.6,-1423.9,-354.3,-32.9,-25.5,-295.9,-354.3
Million Dollars,2016-03-31,120026.2,90916.4,29109.8,2248.8,180.4,186.2,81.0,2499.8,86.1,5858.8,1123.0,184.5,224.8,1246.3,1140.3,12630.8,67.5,1861.1,10242.1,3358.4,13600.5,5933.0,1566.1,101.4,307.4,7101.4,4357.8,49956.2,5227.6,130.3,97.5,92.5,1070.3,18.0,5520.9,839.4,83.2,3458.6,1179.6,3478.6,15838.6,1840.1,223.9,9172.0,5438.3,14610.3,8003.7,1560.5,105.9,143.6,1607.1,4456.8,53748.4,-3792.2,25000.4,32084.6,-7084.2,3919.0,6425.3,-2506.3,15727.1,11958.2,13405.5,-1447.3,-35971.0,5146.1,23811.6,-7013.3,4859.3,-7166.0,-2306.7,-4706.6,2186.9,2323.4,-136.5,-4929.7,2198.6,9652.4,6921.3,-14557.9,-8676.4,-23234.3,30155.6,23865.2,23865.2,-582.2,-8720.3,-305.4,566.9,-8981.8,-8720.3
Million Dollars,2016-06-30,127565.5,96184.8,31380.7,2742.2,180.6,187.5,90.7,2577.6,87.5,5916.9,1175.9,237.7,235.0,1284.0,1203.3,12996.1,67.1,2304.8,11312.4,3246.6,14559.0,6726.6,1598.6,101.3,336.8,7064.4,4261.9,52939.4,5345.2,132.2,98.8,92.8,1065.7,17.6,5257.6,812.2,83.4,3624.6,1215.4,3399.7,15667.8,2079.1,225.4,9778.8,5484.2,15263.0,8444.0,1498.9,73.4,128.6,1520.8,4420.6,54799.0,-1859.6,26938.3,33724.1,-6785.8,3517.6,6186.0,-2668.4,20066.9,8756.4,30785.6,-22029.2,9252.2,6816.9,3156.7,19225.8,4256.2,-1218.0,3038.2,16187.6,3764.8,-3087.4,6852.2,10582.8,11307.6,-627.9,21262.5,-3995.9,11938.4,7942.5,13320.0,14330.6,14330.6,-979.0,4757.3,-13.5,-21.0,4791.8,4757.3
Million Dollars,2016-09-30,129084.6,95976.2,33108.4,2359.7,193.8,184.3,72.1,2637.8,89.0,5933.3,1153.3,219.1,230.5,1282.0,1266.9,13068.3,74.5,2080.8,10960.6,3415.0,14375.6,7153.4,1448.6,101.2,342.6,7263.8,4244.8,52707.1,5281.5,135.8,99.0,107.6,1048.6,17.9,5267.1,786.1,80.9,3554.8,1213.5,3426.5,15602.0,1925.4,256.6,9356.1,5370.2,14726.3,7832.5,1497.8,62.2,122.5,1529.1,4396.3,53368.0,-660.9,28837.7,34085.5,-5247.8,4002.4,6506.5,-2504.1,24695.6,13416.5,16632.0,-3215.5,10748.6,7342.5,-6877.0,11214.1,606.6,14777.5,15384.1,-4170.0,1495.2,-4834.1,6329.3,-795.9,27756.8,4420.7,31381.6,-8176.1,18033.9,9857.8,21523.8,20467.6,20467.6,1206.4,5434.4,21.3,21.2,5391.9,5434.4
Million Dollars,2016-12-31,138902.2,108324.2,30578.0,2383.5,197.6,187.7,77.7,3105.5,88.7,5902.1,1265.7,229.5,254.1,1304.5,1360.0,13775.5,75.7,2291.0,11495.2,3320.3,14815.5,6399.8,1463.5,100.9,376.4,8830.5,3908.5,54618.4,5789.9,144.0,99.9,99.1,1074.1,18.5,5666.6,886.0,89.2,3906.7,1234.8,3862.2,16937.1,1845.1,218.2,9808.0,5701.8,15509.8,8783.2,1475.4,68.8,119.4,1706.3,4374.6,56971.8,-2353.4,27370.3,35159.3,-7789.0,3574.7,6167.0,-2592.3,17843.3,20442.5,29478.9,-9036.4,1660.7,6931.8,3839.7,12432.2,4325.5,-4599.6,-274.1,12706.3,1744.0,-1910.9,3654.9,29044.6,18421.0,12557.0,60022.6,37609.3,7329.7,44939.0,15083.6,22408.4,22408.4,638.4,-3926.7,26.4,22.0,-3975.1,-3926.7
Million Dollars,2017-03-31,138758.8,104255.1,34503.7,2503.8,166.1,200.5,78.1,3991.1,85.1,5393.5,915.3,230.7,256.3,1027.7,1638.3,13816.6,59.6,1881.5,12320.1,3518.7,15838.8,7027.3,1473.9,102.4,244.9,8833.7,4731.1,56679.7,5122.5,141.1,89.4,94.4,1986.7,13.8,5752.9,788.1,85.6,5225.1,1354.3,3881.3,19271.6,2123.9,198.2,11513.6,5619.6,17133.2,8200.2,1208.0,110.1,124.3,1900.9,5228.9,60762.9,-4083.2,34400.3,42811.3,-8411.0,3341.2,5066.6,-1725.4,20284.1,20023.1,45906.3,-25883.2,1358.2,7304.1,-2796.3,5866.0,2106.3,5530.5,7636.8,-1770.8,-2662.7,-4069.4,1406.7,-1538.0,17470.6,6676.0,22608.6,-9238.6,2996.8,-6241.8,28850.4,2603.1,2603.1,-1067.2,16613.8,-32.6,-135.0,16781.4,16613.8
Million Dollars,2017-06-30,140554.1,106470.1,34084.0,2957.5,161.0,207.0,84.2,4452.3,89.1,5586.9,959.6,242.9,265.1,1048.6,1653.5,14589.2,63.1,1949.4,13214.2,3606.6,16820.8,6847.1,1656.6,102.3,247.8,9166.7,4584.1,59145.6,5484.3,143.3,92.8,95.9,2003.8,13.6,5788.9,782.9,86.2,5482.3,1382.3,3715.9,19444.6,1957.6,202.1,11751.0,5724.4,17475.4,8692.1,1405.8,48.6,118.7,1809.8,5207.1,61989.4,-2843.8,33865.6,42031.4,-8165.8,3471.4,5391.0,-1919.6,21154.8,28500.8,18100.1,10400.7,13502.4,8998.3,2858.5,25359.2,4148.9,4551.9,8700.8,16658.4,-1275.4,2680.5,-3955.9,-21129.5,13187.0,6553.2,-1389.3,-24565.8,29028.6,4462.8,-5852.1,17251.1,17251.1,539.5,4443.2,14.0,7.5,4421.7,4443.2
Million Dollars,2017-09-30,144415.3,109096.4,35318.9,2730.8,171.0,215.5,69.5,4629.5,90.0,5653.4,1033.3,239.0,282.7,1056.9,1684.2,14954.0,60.4,2070.2,12863.7,4024.0,16887.7,7043.9,1697.6,102.2,250.4,9468.8,4511.1,59948.1,5633.2,146.6,95.2,113.1,1965.7,13.8,5845.6,779.5,84.0,5909.3,1393.3,3684.8,19884.3,1942.3,230.4,11790.8,5672.9,17463.7,8239.5,1410.2,64.0,131.2,1936.0,5184.8,62266.2,-2318.1,36815.0,43568.4,-6753.4,3774.2,5646.9,-1872.7,24374.7,25781.7,43355.9,-17574.2,-387.4,9296.5,4252.5,13161.6,889.9,7318.0,8207.9,4953.7,-4093.6,-4833.8,740.2,28664.8,20337.2,1324.0,50326.0,31574.3,-5183.6,26390.7,23935.3,12055.0,12055.0,-1119.0,11200.7,5.2,-34.2,11229.7,11200.7
Million Dollars,2017-12-31,152303.0,116834.5,35468.5,2864.9,176.3,210.7,73.4,4883.7,90.5,5676.4,1007.0,262.5,276.2,1071.3,1822.2,15373.9,60.1,2315.2,13505.8,4076.8,17582.6,6581.8,1882.1,102.0,268.4,9801.8,4461.1,61470.2,5593.3,153.5,94.2,101.3,2026.8,14.3,6218.5,836.0,92.1,5756.6,1412.3,4146.8,20698.9,2171.1,191.0,12429.1,5882.1,18311.2,9176.4,1524.8,70.7,140.2,2044.2,5186.9,65262.2,-3792.0,34806.8,44460.0,-9653.2,3769.8,5627.3,-1857.5,20165.8,15756.5,33712.7,-17956.2,8139.3,8345.0,2055.5,18539.8,3549.9,7345.6,10895.5,7644.3,6568.2,-6597.8,13166.0,13185.6,17546.9,1124.3,31856.8,33603.0,-12548.9,21054.1,10802.7,13656.8,13656.8,-925.5,5583.5,-9.7,-196.8,5790.0,5583.5
Million Dollars,2018-03-31,145100.9,115746.5,29354.4,2827.1,263.6,224.0,83.2,5592.2,80.8,6091.1,1132.7,220.8,251.5,1183.8,2036.1,16896.2,87.4,2728.6,16261.5,4192.4,20453.9,7016.4,2190.6,103.5,429.4,10623.8,4971.6,68592.1,5765.3,226.6,80.4,110.7,2560.0,16.3,6515.4,826.2,96.9,4547.5,1333.7,4000.2,20087.3,1845.4,238.4,13840.3,6968.6,20808.9,8436.6,1615.4,106.2,195.4,2125.7,4758.2,66209.4,2382.7,34668.2,48508.2,-13840.0,5769.2,7794.6,-2025.4,15871.7,7089.3,30486.2,-23396.9,-4705.3,6698.4,14367.2,16360.3,-216.2,-18005.6,-18221.8,34582.1,190.9,-5159.5,5350.4,49954.2,15859.5,3082.7,68896.4,49315.4,26430.3,75745.7,-6849.3,9686.3,9686.3,647.3,6832.7,2.4,-4.8,6835.1,6832.7
Million Dollars,2018-06-30,155463.8,121065.2,34398.6,3483.2,262.1,230.9,91.7,5842.7,83.7,6252.4,1193.8,253.8,263.7,1192.8,2103.1,17508.6,95.2,2456.9,16544.4,4023.4,20567.8,6755.7,2387.5,103.4,384.7,10440.3,5080.1,69525.5,5838.5,224.7,82.7,110.6,2541.3,16.0,6187.7,823.3,97.4,4795.6,1344.0,3880.1,19878.7,1892.7,242.4,14045.8,7111.7,21157.5,8958.7,1649.8,51.2,171.7,1814.7,4933.5,66814.1,2711.4,36839.0,52745.8,-15906.8,5759.6,7808.1,-2048.5,19154.7,8794.9,24423.2,-15628.3,-5449.0,10802.9,10225.5,15579.4,567.4,-4924.0,-4356.6,19936.0,1750.2,-5039.6,6789.8,64534.5,15857.3,-10474.1,69917.7,47603.7,22845.6,70449.3,-531.6,10565.9,10565.9,-809.1,7779.7,13.8,200.9,7565.0,7779.7
Million Dollars,2018-09-30,161410.4,123715.7,37694.7,2922.1,271.0,236.3,74.8,6201.5,84.6,6355.3,1204.0,248.8,263.5,1203.7,2143.8,18016.3,97.8,2418.2,16699.0,4297.3,20996.3,7227.4,2489.5,103.4,395.0,10709.4,5291.4,70937.8,5887.4,224.4,84.7,129.6,2489.9,16.2,6513.4,801.4,95.1,4851.1,1356.4,3832.6,20170.4,1931.3,278.2,14127.0,7187.9,21314.9,8761.7,1712.7,66.2,176.7,1997.5,5023.0,67544.4,3393.4,38825.2,53797.2,-14972.0,6562.8,8423.7,-1860.9,24255.2,7141.4,34417.4,-27276.0,-12526.4,11430.5,-1701.7,-2797.6,767.2,4085.0,4852.2,-7649.8,2692.1,-5291.4,7983.5,-54140.6,8683.9,10951.0,-34505.7,-51866.1,-26437.4,-78303.5,43797.8,16855.5,16855.5,-1178.0,6221.7,-6.3,-13.0,6241.0,6221.7
Million Dollars,2018-12-31,159687.2,120265.5,39421.7,2611.0,274.8,234.2,82.2,6629.4,84.2,6347.3,1185.8,266.6,255.1,1199.3,2230.0,18514.1,82.2,2486.1,16953.6,4332.1,21285.7,6531.2,2417.2,103.2,401.5,10895.0,5218.9,70820.9,5775.1,228.8,83.9,116.2,2563.6,16.6,6683.8,864.6,104.4,4774.5,1351.4,4233.8,20792.8,1907.5,232.5,14361.0,7353.7,21714.7,9581.7,1665.1,87.5,200.2,2915.7,5098.8,70200.4,620.5,36037.3,53648.0,-17610.7,6298.3,8118.4,-1820.1,20611.4,7742.9,20146.4,-12403.5,7499.4,9943.5,5977.3,23420.2,-916.4,-343.3,-1259.7,24679.9,2444.1,-5543.8,7987.9,21140.7,19902.3,-2420.1,38622.9,22090.1,11356.7,33446.8,5176.1,25440.4,25440.4,919.4,-3909.6,1.1,180.7,-4091.4,-3909.6
Million Dollars,2019-03-31,144366.7,113520.0,30846.7,3238.5,274.3,284.7,92.5,7164.5,78.5,6479.6,1770.3,237.5,235.0,1228.5,2516.7,20087.8,59.7,2385.1,17033.2,4272.0,21305.2,6713.5,2100.7,104.8,412.5,11005.4,5049.9,72737.4,5055.2,247.5,79.1,127.1,3456.5,12.4,7310.1,1074.9,104.8,4368.6,1142.7,3409.3,21085.5,1858.9,288.1,14313.0,7172.6,21485.6,8735.2,1796.3,100.3,164.3,2043.9,5765.3,68626.1,4111.3,38911.3,51762.9,-12851.6,6241.9,8466.3,-2224.4,19882.0,18310.9,30811.4,-12500.5,-4260.7,7917.9,8441.5,12098.7,-321.6,2196.1,1874.5,10224.2,1276.5,1739.7,-463.2,18200.3,11721.2,-16726.8,13194.7,192.5,2727.3,2919.8,10274.9,7535.4,7535.4,560.2,12906.8,-8.2,-22.8,12937.8,12906.8
Million Dollars,2019-06-30,151260.9,116433.6,34827.3,2847.6,268.4,288.4,102.7,7138.4,80.5,6626.0,1857.3,252.9,246.2,1260.9,2551.8,20405.1,63.3,2632.8,18011.9,4121.6,22133.5,6680.3,2137.5,105.1,405.9,11285.9,5198.5,74163.9,5237.5,248.0,80.6,124.8,3425.7,12.1,7079.1,1068.2,105.3,4585.4,1172.9,3244.8,20898.9,1958.2,294.7,15207.3,7620.5,22827.8,9326.9,1909.1,56.8,149.1,2202.4,5763.6,70873.0,3290.9,40132.7,55808.7,-15676.0,6091.8,8592.5,-2500.7,19941.5,24964.3,28529.8,-3565.5,29234.7,53779.2,10387.6,93401.5,3425.4,2986.1,6411.5,86990.0,3566.3,-628.5,4194.8,20366.9,14174.0,-20045.4,14495.5,20557.3,28625.8,49183.1,-34687.6,52931.7,52931.7,968.7,-32021.5,5.6,143.9,-32171.0,-32021.5
Million Dollars,2019-09-30,152132.7,117190.0,34942.7,2913.4,278.4,301.5,86.7,8087.6,82.2,6762.1,1858.7,258.6,246.7,1262.6,2538.4,21485.1,67.3,2687.3,17396.1,4366.8,21762.9,7245.7,2140.8,104.7,428.9,11345.3,4966.5,75426.3,5173.2,259.3,83.3,145.2,3368.1,12.4,7194.5,1031.9,102.6,4590.1,1174.3,3177.1,20879.5,2036.9,332.3,14353.5,7423.6,21777.1,9074.8,1835.0,70.8,164.8,2310.5,5740.1,69654.3,5772.0,39167.4,54871.7,-15704.3,6467.4,8885.7,-2418.3,22592.1,27038.2,38574.2,-11536.0,2039.6,11750.4,17747.0,31537.0,-2650.6,453.4,-2197.2,33734.2,5078.5,1970.9,3107.6,19832.0,12118.8,-6654.5,25296.3,27791.0,3239.3,31030.3,-5734.0,19571.8,19571.8,1120.8,4141.1,6.4,82.2,4052.5,4141.1
Million Dollars,2019-12-31,155080.1,122244.4,32835.7,2858.6,287.7,298.7,92.8,8316.0,83.0,6840.3,1779.7,289.0,236.4,1288.7,2611.0,21835.6,63.5,2845.5,17886.7,4535.2,22421.9,7053.3,2402.3,104.6,452.3,12280.6,4897.4,77503.3,5216.7,277.4,83.4,131.9,3491.2,12.9,7521.7,1213.1,112.7,4399.8,1198.8,3483.8,21649.3,2074.3,274.4,14745.6,7409.1,22154.7,9761.1,1966.7,87.7,161.1,3253.6,5678.6,72555.6,4947.7,33975.3,48521.7,-14546.4,6096.7,8703.7,-2607.0,20630.0,19859.5,45721.1,-25861.6,6367.3,9021.2,3178.7,18567.2,-199.5,1562.2,1362.7,17204.5,5084.4,2797.0,2287.4,-27711.0,25727.1,13810.6,11826.7,-20467.7,7814.8,-12652.9,24479.6,18109.9,18109.9,1010.7,3530.8,-11.9,-17.9,3560.6,3530.8
Million Dollars,2020-03-31,148632.2,117222.8,31409.4,2908.4,251.0,285.9,132.3,8807.6,77.4,7365.6,1887.0,279.2,276.5,1459.2,1980.4,22551.1,58.7,3056.0,19412.7,5355.4,24768.1,4394.5,2109.5,103.4,394.0,12600.7,6659.1,79854.5,5038.2,266.0,109.7,159.3,4076.4,13.2,7874.0,1309.9,145.9,5261.8,1068.1,4141.5,24159.8,2611.4,245.2,17092.6,9106.1,26198.7,7056.7,2344.2,97.8,250.5,3366.2,7923.2,79557.9,296.6,41135.5,55020.1,-13884.6,7211.5,8450.6,-1239.1,16582.3,12913.4,30395.0,-17481.6,-15641.7,13244.9,12045.0,9648.2,-1117.8,595.8,-522.0,10170.2,8272.9,9006.8,-733.9,285437.7,19907.3,-24677.5,280667.5,221401.8,41727.4,263129.2,17538.3,9493.0,9493.0,-93.5,6995.8,66.7,40.2,6888.9,6995.8
Million Dollars,2020-06-30,132102.2,94082.6,38019.6,2696.5,244.0,235.6,133.9,8232.2,64.0,6081.7,1821.8,279.5,266.9,1103.3,1968.4,20187.3,52.4,2071.7,18319.7,2302.4,20622.1,948.9,1964.4,102.8,215.3,12360.4,6859.7,68325.5,5030.7,221.1,90.4,142.5,3696.6,11.2,7064.0,1225.1,130.7,5081.5,807.7,3891.2,22140.9,2265.4,246.0,16247.6,7068.8,23316.4,875.9,2127.2,47.7,117.9,3279.6,7818.4,67487.2,838.3,34123.9,49000.7,-14876.8,6623.7,8231.6,-1607.9,22373.2,13788.2,24824.8,-11036.6,-1509.0,4833.3,11869.8,15194.1,-1333.9,-2207.3,-3541.2,18735.3,3603.0,1634.1,1968.9,-111661.0,-23327.2,-15045.2,-150033.4,-114932.2,-2922.3,-117854.5,-32178.9,-22511.3,-22511.3,391.7,45276.2,-17.9,279.2,45014.9,45276.2
Million Dollars,2020-09-30,146313.8,107453.1,38860.7,2987.7,255.2,263.3,116.3,9173.3,69.6,6601.4,2029.7,284.7,298.1,1255.2,1974.6,22066.2,51.8,1975.5,19417.6,2645.1,22062.7,975.6,2072.7,102.8,249.2,12145.4,6884.5,71829.3,5240.4,254.9,99.6,157.6,3674.9,11.9,7438.4,1250.5,132.8,5667.1,918.9,3819.0,23170.7,1936.4,279.9,17420.5,7717.7,25138.2,883.3,2157.2,66.4,120.8,3332.3,7879.1,70459.6,1369.7,36036.0,53153.4,-17117.4,6946.8,8253.9,-1307.1,21805.9,11940.7,23639.9,-11699.2,-2084.0,11909.4,16544.1,26369.5,-3756.1,1046.5,-2709.6,29079.1,5045.2,6356.8,-1311.6,-29294.6,65.3,-10549.4,-39778.7,-41867.8,10249.8,-31618.0,-8160.7,7907.6,7907.6,354.9,14253.2,2.7,-4.2,14254.7,14253.2
Million Dollars,2020-12-31,152361.9,113825.7,38536.2,3518.4,274.2,282.1,124.7,10667.7,74.7,7090.1,1950.5,296.8,286.7,1306.1,2188.9,24268.3,57.6,1891.1,19565.5,2728.6,22294.1,1069.2,2289.5,102.9,356.3,12676.6,6585.6,75383.8,5225.1,284.2,106.7,164.0,3913.0,12.8,8118.7,1337.4,149.9,5446.0,956.5,4348.7,24553.7,2306.3,224.9,20579.5,6415.9,26995.4,966.1,2457.0,77.0,180.4,3488.4,7963.9,74722.4,661.4,37725.7,57014.8,-19289.1,7191.4,8780.7,-1589.3,18319.2,14329.5,29377.7,-15048.2,12131.6,11976.9,2812.5,26921.0,178.2,1234.3,1412.5,25508.5,5377.8,9239.7,-3861.9,-24258.9,11.7,17912.3,-6334.9,10010.3,9324.2,19334.5,-25669.4,-19071.0,-19071.0,-598.9,36791.3,-10.8,221.0,36581.1,36791.3
Million Dollars,2021-03-31,156231.4,123345.5,32885.9,3299.9,864.1,304.1,99.3,10637.0,51.1,6746.3,2527.1,266.7,302.5,1629.7,2014.8,24578.6,58.5,2174.0,27196.3,3075.8,30272.1,1301.9,2229.9,104.9,284.0,13203.2,7765.0,86136.1,5273.2,326.8,95.4,140.2,4965.2,10.6,8484.6,1524.3,159.3,5289.8,905.0,4837.5,26411.9,2210.5,235.9,20593.0,7845.1,28438.1,1191.1,1905.9,89.2,186.2,3811.3,8952.3,79032.4,7103.7,50343.5,69294.6,-18951.1,6794.4,7972.2,-1177.8,19860.7,14517.0,46043.3,-31526.3,-5746.4,10673.8,11833.5,16760.9,-3295.2,4583.6,1288.4,15472.5,1311.4,-511.6,1823.0,-10892.8,10030.8,23001.9,22139.9,4786.4,16347.6,21134.0,1005.9,-13224.9,-13224.9,-856.0,32229.6,-2.7,-79.7,32312.0,32229.6
Million Dollars,2021-06-30,168534.6,124331.6,44203.0,3571.7,814.2,306.5,112.6,12145.4,51.3,6758.2,2583.8,302.8,309.0,1641.5,1989.9,26201.0,73.0,2206.6,27427.9,3069.6,30497.5,1310.9,2464.7,105.3,261.1,13141.3,7773.1,88420.4,5455.5,315.5,96.0,137.2,5009.3,10.5,8254.1,1544.3,160.4,5428.9,910.8,4631.2,26182.7,2546.5,240.0,21155.6,8228.1,29383.7,1244.5,2009.2,59.9,207.2,3890.5,8937.7,80472.9,7947.5,45601.2,69347.7,-23746.5,6557.8,8155.6,-1597.8,26806.2,14700.3,49926.6,-35226.3,13348.1,13255.0,13896.1,40499.2,4216.6,5700.8,9917.4,30581.8,-256.0,1003.1,-1259.1,-18823.1,21204.2,13478.9,15860.0,-5029.2,11126.0,6096.8,9763.2,3859.6,3859.6,-1277.9,21668.7,7.4,-28.2,21689.5,21668.7
Million Dollars,2021-09-30,175413.4,130250.2,45163.2,3844.5,864.6,318.9,95.6,12213.9,53.4,7059.2,2632.3,307.6,315.4,1649.1,1971.8,26617.2,80.1,2221.5,27673.4,3017.0,30690.4,1288.4,2371.4,105.6,290.7,12995.6,7953.4,89323.4,5519.9,321.2,100.0,161.4,4944.9,10.8,8788.7,1456.8,158.8,5547.7,914.5,4527.2,26610.8,2551.1,274.3,21225.0,8565.4,29790.4,1413.2,2010.3,65.9,201.0,3889.4,9100.7,81748.2,7575.2,51205.7,74458.8,-23253.1,7207.9,8276.5,-1068.6,28416.7,18686.1,45819.4,-27133.3,2344.2,16372.6,10267.7,28984.5,-3455.5,6314.9,2859.4,26125.1,568.0,-32.3,600.3,33573.2,2402.8,15851.3,51827.3,26368.2,28086.7,54454.9,-2627.6,-3035.5,-3035.5,-1384.1,30068.1,7145.8,-4.7,22927.0,30068.1
Million Dollars,2021-12-31,191091.7,144404.1,46687.6,4170.0,896.0,327.8,100.9,13998.1,55.1,7280.9,2716.6,340.8,325.4,1676.7,2079.9,28902.2,83.4,2511.0,28857.5,3566.7,32424.2,1619.7,2204.6,106.2,287.0,13253.0,7743.7,94201.0,5683.9,332.4,102.9,149.4,5138.5,11.2,9234.4,1509.1,179.2,5742.3,929.6,5043.2,28039.8,2593.7,227.6,22122.2,8870.7,30992.9,1711.8,1976.1,84.9,187.2,3946.1,9203.1,84979.5,9221.5,49287.6,76562.6,-27275.0,7109.5,8219.7,-1110.2,27523.9,20348.3,44342.5,-23994.2,997.1,14734.3,4633.5,20364.9,7429.7,4055.9,11485.6,8879.3,-606.6,2191.2,-2797.8,34857.1,11956.0,10927.4,57740.5,6177.5,9832.4,16009.9,41730.6,23817.9,23817.9,1234.8,4940.8,-113.7,18.7,5035.8,4940.8
Million Dollars,2022-03-31,188684.3,144528.4,44155.9,3858.2,881.7,325.1,116.4,12789.7,56.3,7299.0,2672.6,290.7,320.2,1740.7,2088.2,27698.9,76.9,2323.7,32247.3,3150.0,35397.3,2193.9,2479.7,109.1,269.3,13245.9,8104.9,96639.5,5430.0,331.1,102.7,149.9,5387.3,11.4,9291.4,1491.6,174.3,5661.2,937.7,5149.1,28356.6,2535.2,240.0,22638.1,9186.5,31824.6,2387.8,2005.7,107.8,219.2,3877.3,8964.7,86280.0,10359.5,57531.0,76697.7,-19166.7,7305.9,8220.0,-914.1,34434.6,24516.7,50393.2,-25876.5,-3396.7,49850.3,-11624.7,34828.9,-8517.4,7462.6,-1054.8,35883.7,4549.2,5427.0,-877.8,47240.3,68241.8,10261.5,125743.6,30434.0,25588.5,56022.5,69721.1,78850.5,78850.5,-1685.6,-46101.5,-75.6,-16.8,-46009.1,-46101.5
Million Dollars,2022-06-30,213445.5,160826.4,52619.1,4713.8,858.2,327.9,125.9,13291.2,53.5,7389.3,2740.7,307.3,328.5,1741.7,2027.6,28333.6,77.4,2462.3,32564.7,3944.4,36509.1,3518.1,2809.7,110.4,290.8,13461.1,7897.0,101041.5,5521.3,333.0,103.8,147.8,5349.0,11.3,8674.2,1488.5,174.0,5791.3,950.9,4879.3,27570.1,2962.0,244.9,22639.7,9735.2,32374.9,5614.4,2162.0,60.4,187.5,3914.5,9049.1,89994.1,11047.4,52144.1,80375.5,-28231.4,7001.9,8713.2,-1711.3,33723.8,16050.7,47593.8,-31543.1,-433.4,35189.7,-2681.6,32074.7,7587.7,44.4,7632.1,24442.6,7041.5,3802.0,3239.5,11903.7,106272.6,-5069.8,113106.5,4894.1,-1936.8,2957.3,110149.2,106288.2,106288.2,-1607.4,-74171.8,18.8,39.7,-74230.3,-74171.8
Million Dollars,2022-09-30,212381.4,162626.6,49754.8,4212.4,920.2,341.5,105.9,13040.8,57.2,7732.7,2662.0,310.8,320.3,1749.6,2044.1,28364.9,88.0,2618.2,31524.6,4513.4,36038.0,4798.3,2507.4,111.6,284.3,13972.4,8042.0,101957.7,5461.6,346.7,108.4,180.3,5279.9,11.6,9293.1,1418.4,173.1,5616.5,970.5,4772.6,27824.4,3010.1,278.8,22157.5,9667.6,31825.1,6176.9,2005.3,76.1,203.0,3846.9,9388.0,90442.9,11514.8,55929.7,83229.2,-27299.5,7582.7,8823.5,-1240.8,32729.3,12780.4,45285.9,-32505.5,-2382.8,25339.4,2772.8,25729.4,4834.1,4410.7,9244.8,16484.6,7284.7,4141.4,3143.3,53783.7,54790.2,9612.1,118186.0,41510.9,3057.3,44568.2,73617.8,60740.2,60740.2,1568.9,-26442.0,96.3,-13.6,-26524.7,-26442.0
Million Dollars,2022-12-31,184495.6,142788.6,41707.0,4230.8,884.8,352.1,112.1,15014.1,58.6,8009.5,2647.9,342.3,318.8,1708.4,2117.6,30681.4,70.4,3288.1,26882.6,5178.9,32061.5,5749.0,2413.0,111.8,309.1,14181.6,7924.2,101905.7,5379.4,354.8,111.8,159.9,5443.8,11.7,8957.7,1418.5,175.5,5585.5,959.1,4906.4,27729.9,2428.3,228.4,21792.1,9197.5,30989.6,6897.8,2041.9,80.5,204.6,3869.0,9622.0,89826.2,12079.5,50936.1,79829.0,-28892.9,7031.1,8402.4,-1371.3,23522.3,16672.4,50904.1,-34231.7,10917.5,13074.2,8408.5,32400.2,13224.7,573.0,13797.7,18602.5,-4715.4,-2334.0,-2381.4,-79347.8,75.1,13198.2,-66074.5,-82640.0,-34946.2,-117586.2,51511.7,33501.1,33501.1,-737.4,-10716.2,-42.0,-4.6,-10669.6,-10716.2
Million Dollars,2023-03-31,178485.8,132348.5,46137.3,4635.4,905.1,348.1,128.6,13468.3,59.3,7963.4,2525.9,308.0,303.7,1730.0,2045.3,28880.6,69.0,3024.5,23543.5,4754.4,28297.9,5932.8,2531.6,112.9,294.1,14476.0,7847.3,97007.2,5340.3,356.4,110.8,162.5,5678.1,12.3,9366.4,1453.1,191.5,5323.5,947.1,5117.4,28362.7,2341.2,236.7,21050.1,9089.5,30139.6,6296.7,2000.1,124.9,209.4,4081.7,9610.9,89100.6,7906.6,56403.9,79405.0,-23001.1,7301.1,8890.3,-1589.2,29453.6,13190.7,39351.6,-26160.9,6773.9,10120.7,8092.0,24986.6,-6119.4,-3920.9,-10040.3,35026.9,-4799.1,-2805.2,-1993.9,-53859.7,-8241.2,7674.1,-54426.8,-74046.4,27960.6,-46085.8,-8341.0,-1468.9,-1468.9,390.4,31312.9,-169.8,-32.1,31514.8,31312.9
