Units,Timepoint,1.10: Information & Communications,1.11: Finance & Insurance,1.12: Real Estate,1.13: Professional Services,1.14: Administrative & Support Services,"1.15: Education, Health & Social Services","1.16: Arts, Entertainment, Recreation & Other Services",1.17: Others,1.1: Manufacturing,1.2: Construction,1.4: Wholesale Trade,1.5: Retail Trade,1.6: Transportation & Storage,1.8: Accommodation,1.9: Food & Beverage Services,1: Total
Number,1990-01-31,20.0,27.0,28.0,70.0,69.0,24.0,85.0,8.0,142.0,156.0,343.0,216.0,56.0,2.0,51.0,1297.0
Number,1990-02-28,16.0,24.0,23.0,52.0,61.0,24.0,69.0,7.0,117.0,127.0,323.0,210.0,48.0,1.0,43.0,1145.0
Number,1990-03-31,19.0,20.0,33.0,75.0,76.0,21.0,92.0,14.0,152.0,155.0,396.0,216.0,64.0,1.0,66.0,1400.0
Number,1990-04-30,10.0,13.0,41.0,59.0,54.0,17.0,77.0,13.0,146.0,126.0,320.0,217.0,73.0,1.0,68.0,1235.0
Number,1990-05-31,18.0,21.0,29.0,69.0,55.0,20.0,100.0,7.0,129.0,137.0,366.0,216.0,61.0,1.0,65.0,1294.0
Number,1990-06-30,12.0,20.0,39.0,87.0,68.0,16.0,96.0,13.0,166.0,173.0,439.0,255.0,70.0,0.0,76.0,1530.0
Number,1990-07-31,21.0,32.0,38.0,69.0,64.0,32.0,100.0,11.0,150.0,166.0,396.0,291.0,59.0,2.0,78.0,1509.0
Number,1990-08-31,17.0,19.0,33.0,60.0,46.0,20.0,84.0,6.0,141.0,103.0,335.0,187.0,54.0,1.0,42.0,1148.0
Number,1990-09-30,19.0,25.0,32.0,45.0,39.0,16.0,69.0,11.0,97.0,95.0,294.0,194.0,50.0,2.0,50.0,1038.0
Number,1990-10-31,17.0,30.0,26.0,52.0,56.0,15.0,66.0,9.0,101.0,107.0,310.0,231.0,47.0,0.0,36.0,1103.0
Number,1990-11-30,12.0,20.0,22.0,63.0,53.0,22.0,61.0,11.0,115.0,103.0,328.0,235.0,56.0,3.0,61.0,1165.0
Number,1990-12-31,20.0,28.0,45.0,63.0,56.0,15.0,85.0,28.0,169.0,178.0,399.0,332.0,77.0,1.0,67.0,1563.0
Number,1991-01-31,23.0,29.0,33.0,59.0,45.0,16.0,70.0,16.0,125.0,89.0,320.0,249.0,51.0,3.0,57.0,1185.0
Number,1991-02-28,9.0,25.0,19.0,44.0,40.0,12.0,54.0,16.0,100.0,95.0,250.0,161.0,46.0,0.0,40.0,911.0
Number,1991-03-31,19.0,20.0,24.0,59.0,49.0,28.0,51.0,12.0,124.0,114.0,304.0,215.0,70.0,0.0,46.0,1135.0
Number,1991-04-30,16.0,18.0,28.0,77.0,36.0,23.0,61.0,12.0,147.0,135.0,307.0,192.0,64.0,1.0,47.0,1164.0
Number,1991-05-31,13.0,18.0,24.0,48.0,36.0,26.0,69.0,7.0,116.0,88.0,267.0,162.0,60.0,1.0,49.0,984.0
Number,1991-06-30,20.0,21.0,41.0,53.0,38.0,24.0,56.0,8.0,108.0,94.0,288.0,189.0,59.0,0.0,38.0,1037.0
Number,1991-07-31,47.0,33.0,106.0,163.0,162.0,45.0,189.0,27.0,305.0,386.0,787.0,483.0,163.0,3.0,146.0,3045.0
Number,1991-08-31,17.0,25.0,39.0,68.0,51.0,26.0,61.0,10.0,135.0,100.0,285.0,165.0,53.0,1.0,62.0,1098.0
Number,1991-09-30,14.0,29.0,29.0,58.0,35.0,12.0,68.0,4.0,117.0,105.0,319.0,166.0,52.0,1.0,64.0,1073.0
Number,1991-10-31,33.0,43.0,65.0,119.0,112.0,36.0,170.0,17.0,229.0,253.0,553.0,336.0,98.0,1.0,108.0,2173.0
Number,1991-11-30,14.0,15.0,22.0,60.0,40.0,10.0,58.0,4.0,94.0,117.0,238.0,146.0,45.0,0.0,53.0,916.0
Number,1991-12-31,16.0,31.0,41.0,77.0,59.0,26.0,75.0,10.0,183.0,151.0,377.0,233.0,79.0,1.0,53.0,1412.0
Number,1992-01-31,31.0,53.0,71.0,118.0,98.0,43.0,122.0,20.0,224.0,238.0,561.0,326.0,95.0,1.0,106.0,2107.0
Number,1992-02-29,23.0,28.0,35.0,63.0,60.0,19.0,67.0,8.0,154.0,128.0,351.0,179.0,62.0,0.0,43.0,1220.0
Number,1992-03-31,30.0,32.0,49.0,81.0,63.0,33.0,86.0,6.0,149.0,148.0,390.0,207.0,76.0,2.0,48.0,1400.0
Number,1992-04-30,29.0,40.0,70.0,79.0,61.0,20.0,81.0,11.0,185.0,158.0,453.0,191.0,80.0,1.0,53.0,1512.0
Number,1992-05-31,20.0,50.0,45.0,83.0,50.0,21.0,54.0,11.0,172.0,124.0,441.0,195.0,78.0,2.0,49.0,1395.0
Number,1992-06-30,33.0,48.0,50.0,105.0,69.0,29.0,91.0,9.0,190.0,175.0,490.0,258.0,83.0,2.0,79.0,1711.0
Number,1992-07-31,18.0,43.0,39.0,77.0,47.0,19.0,64.0,10.0,148.0,153.0,400.0,200.0,76.0,1.0,62.0,1357.0
Number,1992-08-31,15.0,25.0,54.0,67.0,48.0,23.0,41.0,8.0,124.0,120.0,383.0,183.0,72.0,3.0,55.0,1221.0
Number,1992-09-30,22.0,41.0,40.0,62.0,54.0,20.0,80.0,8.0,135.0,118.0,335.0,187.0,55.0,1.0,68.0,1226.0
Number,1992-10-31,22.0,30.0,27.0,68.0,48.0,13.0,71.0,6.0,108.0,131.0,324.0,197.0,55.0,1.0,62.0,1163.0
Number,1992-11-30,16.0,25.0,27.0,66.0,51.0,20.0,63.0,6.0,131.0,114.0,319.0,169.0,51.0,3.0,51.0,1112.0
Number,1992-12-31,19.0,42.0,47.0,98.0,66.0,25.0,96.0,10.0,162.0,142.0,465.0,270.0,90.0,1.0,72.0,1605.0
Number,1993-01-31,19.0,40.0,49.0,76.0,59.0,17.0,57.0,12.0,167.0,121.0,378.0,199.0,77.0,0.0,52.0,1323.0
Number,1993-02-28,15.0,33.0,34.0,74.0,50.0,18.0,65.0,10.0,151.0,136.0,392.0,198.0,63.0,1.0,48.0,1288.0
Number,1993-03-31,25.0,39.0,61.0,97.0,50.0,32.0,88.0,6.0,144.0,139.0,454.0,250.0,83.0,3.0,56.0,1527.0
Number,1993-04-30,18.0,27.0,43.0,92.0,53.0,22.0,67.0,7.0,127.0,135.0,362.0,236.0,44.0,1.0,53.0,1287.0
Number,1993-05-31,53.0,41.0,100.0,177.0,138.0,42.0,189.0,24.0,230.0,328.0,719.0,421.0,153.0,0.0,112.0,2727.0
Number,1993-06-30,44.0,57.0,105.0,190.0,151.0,61.0,202.0,17.0,331.0,388.0,871.0,483.0,176.0,4.0,152.0,3232.0
Number,1993-07-31,24.0,25.0,40.0,93.0,64.0,24.0,80.0,7.0,174.0,179.0,378.0,241.0,77.0,1.0,64.0,1471.0
Number,1993-08-31,24.0,26.0,56.0,85.0,48.0,27.0,94.0,13.0,173.0,198.0,352.0,247.0,80.0,2.0,80.0,1505.0
Number,1993-09-30,25.0,33.0,54.0,83.0,68.0,19.0,87.0,10.0,160.0,174.0,418.0,255.0,70.0,1.0,68.0,1525.0
Number,1993-10-31,25.0,25.0,48.0,114.0,64.0,22.0,86.0,9.0,180.0,161.0,422.0,264.0,73.0,5.0,78.0,1576.0
Number,1993-11-30,40.0,32.0,69.0,105.0,67.0,24.0,105.0,7.0,156.0,168.0,446.0,232.0,76.0,1.0,91.0,1619.0
Number,1993-12-31,49.0,33.0,47.0,119.0,64.0,38.0,101.0,16.0,197.0,175.0,542.0,296.0,91.0,1.0,73.0,1842.0
Number,1994-01-31,45.0,36.0,66.0,129.0,99.0,35.0,117.0,9.0,217.0,222.0,628.0,286.0,120.0,1.0,89.0,2099.0
Number,1994-02-28,32.0,22.0,70.0,111.0,83.0,26.0,99.0,13.0,167.0,225.0,514.0,253.0,84.0,1.0,66.0,1766.0
Number,1994-03-31,25.0,45.0,71.0,106.0,84.0,32.0,139.0,8.0,245.0,250.0,603.0,299.0,105.0,1.0,92.0,2105.0
Number,1994-04-30,43.0,35.0,56.0,112.0,82.0,34.0,102.0,16.0,213.0,235.0,585.0,306.0,110.0,0.0,85.0,2014.0
Number,1994-05-31,32.0,33.0,47.0,109.0,72.0,26.0,90.0,8.0,185.0,210.0,531.0,291.0,87.0,2.0,76.0,1799.0
Number,1994-06-30,35.0,30.0,75.0,116.0,69.0,33.0,117.0,9.0,203.0,188.0,541.0,308.0,95.0,2.0,75.0,1896.0
Number,1994-07-31,31.0,24.0,58.0,111.0,51.0,29.0,95.0,10.0,193.0,206.0,539.0,273.0,93.0,1.0,88.0,1802.0
Number,1994-08-31,41.0,31.0,60.0,122.0,68.0,30.0,114.0,6.0,173.0,208.0,545.0,265.0,103.0,2.0,88.0,1856.0
Number,1994-09-30,38.0,28.0,59.0,121.0,58.0,29.0,132.0,13.0,182.0,190.0,524.0,236.0,83.0,2.0,72.0,1767.0
Number,1994-10-31,31.0,34.0,48.0,82.0,44.0,31.0,81.0,6.0,146.0,156.0,370.0,206.0,69.0,0.0,59.0,1363.0
Number,1994-11-30,38.0,28.0,46.0,93.0,55.0,36.0,103.0,9.0,153.0,164.0,432.0,228.0,86.0,4.0,62.0,1537.0
Number,1994-12-31,38.0,40.0,55.0,144.0,64.0,38.0,99.0,8.0,165.0,162.0,514.0,264.0,84.0,2.0,87.0,1764.0
Number,1995-01-31,49.0,44.0,95.0,164.0,86.0,32.0,148.0,17.0,238.0,300.0,703.0,386.0,130.0,1.0,126.0,2519.0
Number,1995-02-28,21.0,31.0,55.0,107.0,70.0,25.0,110.0,11.0,159.0,206.0,491.0,224.0,118.0,1.0,73.0,1702.0
Number,1995-03-31,51.0,33.0,58.0,123.0,67.0,28.0,133.0,13.0,207.0,246.0,545.0,271.0,123.0,1.0,89.0,1988.0
Number,1995-04-30,37.0,26.0,57.0,124.0,64.0,25.0,121.0,13.0,183.0,250.0,490.0,269.0,109.0,2.0,74.0,1844.0
Number,1995-05-31,28.0,25.0,46.0,86.0,47.0,22.0,73.0,4.0,143.0,128.0,365.0,224.0,72.0,0.0,65.0,1328.0
Number,1995-06-30,29.0,22.0,51.0,80.0,43.0,31.0,74.0,7.0,136.0,134.0,357.0,198.0,69.0,0.0,49.0,1280.0
Number,1995-07-31,22.0,25.0,55.0,93.0,52.0,31.0,82.0,3.0,112.0,119.0,325.0,188.0,70.0,2.0,69.0,1248.0
Number,1995-08-31,28.0,31.0,47.0,96.0,45.0,25.0,82.0,4.0,119.0,145.0,348.0,180.0,62.0,1.0,78.0,1291.0
Number,1995-09-30,71.0,36.0,110.0,182.0,119.0,47.0,198.0,14.0,337.0,515.0,891.0,425.0,182.0,3.0,145.0,3275.0
Number,1995-10-31,29.0,29.0,55.0,101.0,49.0,26.0,73.0,5.0,143.0,152.0,399.0,194.0,64.0,4.0,82.0,1405.0
Number,1995-11-30,29.0,35.0,41.0,88.0,47.0,31.0,80.0,3.0,105.0,122.0,343.0,172.0,75.0,0.0,63.0,1234.0
Number,1995-12-31,78.0,59.0,115.0,266.0,138.0,69.0,254.0,14.0,363.0,472.0,1060.0,488.0,168.0,2.0,183.0,3729.0
Number,1996-01-31,46.0,29.0,49.0,137.0,72.0,45.0,114.0,13.0,172.0,198.0,506.0,280.0,100.0,1.0,84.0,1846.0
Number,1996-02-29,41.0,34.0,43.0,114.0,54.0,31.0,95.0,4.0,161.0,182.0,437.0,226.0,81.0,3.0,93.0,1599.0
Number,1996-03-31,53.0,44.0,55.0,140.0,78.0,46.0,105.0,13.0,244.0,240.0,564.0,295.0,99.0,6.0,91.0,2073.0
Number,1996-04-30,43.0,30.0,56.0,162.0,50.0,42.0,133.0,7.0,215.0,246.0,558.0,308.0,99.0,4.0,107.0,2060.0
Number,1996-05-31,42.0,33.0,51.0,148.0,58.0,30.0,114.0,9.0,202.0,224.0,522.0,270.0,99.0,1.0,113.0,1916.0
Number,1996-06-30,55.0,29.0,57.0,165.0,63.0,39.0,132.0,17.0,201.0,247.0,550.0,266.0,95.0,2.0,89.0,2007.0
Number,1996-07-31,34.0,33.0,39.0,97.0,51.0,29.0,79.0,13.0,154.0,158.0,369.0,190.0,67.0,3.0,67.0,1383.0
Number,1996-08-31,54.0,46.0,63.0,162.0,68.0,43.0,124.0,8.0,205.0,208.0,550.0,281.0,96.0,2.0,98.0,2008.0
Number,1996-09-30,46.0,26.0,53.0,136.0,56.0,51.0,106.0,10.0,195.0,213.0,529.0,280.0,89.0,4.0,89.0,1883.0
Number,1996-10-31,56.0,42.0,69.0,201.0,101.0,55.0,179.0,23.0,189.0,277.0,725.0,354.0,141.0,3.0,117.0,2532.0
Number,1996-11-30,38.0,31.0,39.0,91.0,49.0,27.0,59.0,5.0,132.0,119.0,324.0,184.0,78.0,1.0,53.0,1230.0
Number,1996-12-31,54.0,47.0,68.0,151.0,70.0,47.0,142.0,12.0,206.0,219.0,565.0,312.0,103.0,1.0,101.0,2098.0
Number,1997-01-31,54.0,37.0,81.0,181.0,51.0,63.0,141.0,14.0,224.0,275.0,635.0,311.0,119.0,2.0,121.0,2309.0
Number,1997-02-28,42.0,43.0,51.0,127.0,53.0,25.0,95.0,7.0,168.0,201.0,415.0,199.0,93.0,1.0,75.0,1595.0
Number,1997-03-31,58.0,36.0,55.0,168.0,63.0,48.0,90.0,14.0,195.0,268.0,544.0,293.0,111.0,6.0,100.0,2049.0
Number,1997-04-30,36.0,42.0,70.0,171.0,58.0,29.0,116.0,12.0,179.0,243.0,455.0,261.0,90.0,3.0,94.0,1859.0
Number,1997-05-31,60.0,25.0,64.0,150.0,65.0,47.0,107.0,8.0,201.0,215.0,479.0,255.0,95.0,4.0,96.0,1871.0
Number,1997-06-30,53.0,39.0,56.0,136.0,70.0,45.0,111.0,12.0,197.0,247.0,488.0,299.0,92.0,3.0,101.0,1949.0
Number,1997-07-31,44.0,40.0,60.0,161.0,59.0,48.0,110.0,5.0,168.0,252.0,494.0,259.0,99.0,6.0,84.0,1889.0
Number,1997-08-31,41.0,24.0,59.0,133.0,83.0,42.0,88.0,9.0,140.0,213.0,447.0,241.0,87.0,2.0,73.0,1682.0
Number,1997-09-30,45.0,38.0,65.0,131.0,68.0,44.0,100.0,11.0,149.0,212.0,500.0,267.0,75.0,3.0,96.0,1804.0
Number,1997-10-31,65.0,26.0,47.0,120.0,72.0,39.0,115.0,9.0,155.0,224.0,438.0,249.0,96.0,0.0,86.0,1741.0
Number,1997-11-30,46.0,35.0,43.0,140.0,51.0,40.0,98.0,15.0,124.0,189.0,419.0,209.0,72.0,4.0,82.0,1567.0
Number,1997-12-31,58.0,47.0,59.0,192.0,100.0,58.0,114.0,19.0,189.0,256.0,590.0,330.0,121.0,1.0,98.0,2232.0
Number,1998-01-31,62.0,41.0,52.0,136.0,67.0,41.0,83.0,6.0,151.0,193.0,477.0,217.0,81.0,3.0,65.0,1675.0
Number,1998-02-28,59.0,38.0,61.0,179.0,94.0,46.0,141.0,10.0,234.0,322.0,585.0,325.0,137.0,5.0,97.0,2333.0
Number,1998-03-31,62.0,36.0,64.0,161.0,76.0,41.0,121.0,2.0,207.0,269.0,559.0,297.0,128.0,1.0,98.0,2122.0
Number,1998-04-30,64.0,45.0,57.0,160.0,81.0,54.0,134.0,9.0,168.0,267.0,623.0,282.0,122.0,2.0,102.0,2170.0
Number,1998-05-31,54.0,33.0,44.0,153.0,75.0,33.0,102.0,11.0,177.0,239.0,439.0,252.0,104.0,2.0,99.0,1817.0
Number,1998-06-30,63.0,41.0,54.0,199.0,80.0,51.0,111.0,6.0,194.0,239.0,520.0,314.0,114.0,5.0,113.0,2104.0
Number,1998-07-31,59.0,40.0,57.0,181.0,111.0,56.0,125.0,12.0,198.0,259.0,571.0,318.0,99.0,3.0,93.0,2182.0
Number,1998-08-31,76.0,42.0,49.0,171.0,77.0,54.0,127.0,16.0,202.0,223.0,521.0,271.0,113.0,1.0,105.0,2048.0
Number,1998-09-30,75.0,41.0,43.0,175.0,72.0,39.0,135.0,8.0,163.0,240.0,513.0,291.0,105.0,2.0,88.0,1990.0
Number,1998-10-31,69.0,60.0,53.0,152.0,105.0,40.0,136.0,9.0,171.0,282.0,562.0,331.0,108.0,3.0,150.0,2231.0
Number,1998-11-30,75.0,64.0,89.0,174.0,109.0,53.0,156.0,12.0,223.0,346.0,625.0,338.0,100.0,3.0,139.0,2506.0
Number,1998-12-31,77.0,54.0,74.0,193.0,84.0,44.0,127.0,10.0,194.0,255.0,601.0,339.0,113.0,2.0,106.0,2273.0
Number,1999-01-31,59.0,43.0,48.0,143.0,71.0,58.0,101.0,6.0,161.0,217.0,416.0,235.0,116.0,3.0,77.0,1754.0
Number,1999-02-28,63.0,67.0,53.0,172.0,84.0,51.0,128.0,10.0,160.0,233.0,556.0,221.0,100.0,1.0,94.0,1993.0
Number,1999-03-31,68.0,68.0,75.0,199.0,104.0,44.0,152.0,14.0,214.0,339.0,627.0,344.0,148.0,1.0,115.0,2512.0
Number,1999-04-30,65.0,59.0,67.0,152.0,92.0,61.0,142.0,11.0,197.0,263.0,510.0,341.0,121.0,2.0,96.0,2179.0
Number,1999-05-31,81.0,86.0,71.0,193.0,106.0,53.0,149.0,8.0,205.0,307.0,688.0,292.0,109.0,4.0,104.0,2456.0
Number,1999-06-30,67.0,63.0,57.0,199.0,105.0,58.0,134.0,8.0,174.0,282.0,599.0,312.0,126.0,6.0,97.0,2287.0
Number,1999-07-31,62.0,83.0,56.0,231.0,90.0,66.0,149.0,10.0,184.0,293.0,617.0,322.0,121.0,1.0,112.0,2397.0
Number,1999-08-31,73.0,60.0,67.0,169.0,93.0,52.0,121.0,13.0,183.0,268.0,588.0,290.0,106.0,2.0,99.0,2184.0
Number,1999-09-30,68.0,51.0,63.0,167.0,109.0,77.0,138.0,14.0,144.0,282.0,539.0,334.0,144.0,2.0,91.0,2223.0
Number,1999-10-31,95.0,77.0,67.0,215.0,127.0,52.0,154.0,14.0,182.0,299.0,614.0,294.0,138.0,3.0,107.0,2438.0
Number,1999-11-30,86.0,53.0,55.0,207.0,128.0,62.0,138.0,14.0,203.0,320.0,565.0,360.0,124.0,4.0,135.0,2454.0
Number,1999-12-31,103.0,74.0,58.0,218.0,120.0,80.0,167.0,11.0,217.0,301.0,609.0,365.0,130.0,5.0,160.0,2618.0
Number,2000-01-31,71.0,62.0,55.0,172.0,98.0,60.0,103.0,16.0,170.0,261.0,496.0,274.0,123.0,6.0,92.0,2059.0
Number,2000-02-29,86.0,49.0,47.0,159.0,105.0,62.0,117.0,12.0,167.0,271.0,501.0,292.0,98.0,0.0,90.0,2056.0
Number,2000-03-31,115.0,52.0,49.0,222.0,155.0,75.0,156.0,14.0,219.0,376.0,646.0,345.0,140.0,2.0,143.0,2709.0
Number,2000-04-30,125.0,50.0,62.0,215.0,144.0,59.0,179.0,12.0,225.0,380.0,656.0,373.0,159.0,4.0,117.0,2760.0
Number,2000-05-31,114.0,91.0,52.0,217.0,120.0,64.0,140.0,5.0,180.0,261.0,607.0,335.0,109.0,3.0,105.0,2403.0
Number,2000-06-30,119.0,72.0,57.0,196.0,128.0,69.0,145.0,15.0,202.0,280.0,625.0,382.0,128.0,0.0,119.0,2537.0
Number,2000-07-31,109.0,122.0,64.0,265.0,138.0,71.0,160.0,16.0,205.0,354.0,774.0,361.0,150.0,3.0,115.0,2907.0
Number,2000-08-31,116.0,59.0,55.0,243.0,130.0,74.0,134.0,14.0,155.0,288.0,592.0,342.0,129.0,2.0,115.0,2448.0
Number,2000-09-30,116.0,51.0,41.0,204.0,121.0,77.0,145.0,9.0,178.0,306.0,581.0,353.0,136.0,1.0,110.0,2429.0
Number,2000-10-31,103.0,43.0,45.0,218.0,125.0,70.0,132.0,14.0,156.0,322.0,521.0,364.0,106.0,5.0,129.0,2353.0
Number,2000-11-30,111.0,69.0,55.0,194.0,126.0,62.0,148.0,22.0,194.0,265.0,651.0,335.0,103.0,2.0,102.0,2439.0
Number,2000-12-31,111.0,52.0,54.0,163.0,93.0,55.0,81.0,11.0,133.0,171.0,465.0,267.0,107.0,3.0,82.0,1848.0
Number,2001-01-31,143.0,54.0,52.0,224.0,151.0,84.0,153.0,12.0,194.0,333.0,657.0,340.0,133.0,3.0,117.0,2650.0
Number,2001-02-28,88.0,50.0,40.0,122.0,83.0,38.0,89.0,15.0,120.0,161.0,381.0,188.0,67.0,2.0,53.0,1497.0
Number,2001-03-31,135.0,55.0,50.0,246.0,135.0,64.0,179.0,16.0,207.0,347.0,647.0,363.0,138.0,3.0,117.0,2702.0
Number,2001-04-30,233.0,69.0,95.0,454.0,288.0,126.0,357.0,26.0,373.0,749.0,1130.0,688.0,243.0,4.0,254.0,5089.0
Number,2001-05-31,83.0,59.0,42.0,145.0,96.0,51.0,115.0,14.0,154.0,211.0,477.0,216.0,99.0,1.0,89.0,1852.0
Number,2001-06-30,61.0,54.0,27.0,76.0,54.0,20.0,68.0,11.0,98.0,105.0,276.0,150.0,54.0,0.0,56.0,1110.0
Number,2001-07-31,45.0,32.0,16.0,79.0,66.0,22.0,67.0,6.0,89.0,98.0,231.0,131.0,38.0,2.0,45.0,967.0
Number,2001-08-31,255.0,44.0,88.0,437.0,257.0,131.0,277.0,30.0,305.0,573.0,985.0,550.0,230.0,2.0,189.0,4353.0
Number,2001-09-30,160.0,71.0,58.0,193.0,119.0,61.0,131.0,12.0,167.0,243.0,510.0,256.0,104.0,2.0,104.0,2191.0
Number,2001-10-31,136.0,69.0,56.0,204.0,186.0,61.0,111.0,9.0,142.0,249.0,506.0,272.0,109.0,3.0,105.0,2218.0
Number,2001-11-30,82.0,86.0,50.0,102.0,85.0,31.0,67.0,6.0,117.0,146.0,375.0,170.0,60.0,3.0,60.0,1440.0
Number,2001-12-31,85.0,42.0,36.0,146.0,72.0,42.0,71.0,7.0,119.0,145.0,335.0,200.0,86.0,2.0,78.0,1466.0
Number,2002-01-31,73.0,68.0,41.0,138.0,70.0,27.0,88.0,7.0,119.0,165.0,358.0,170.0,59.0,3.0,55.0,1441.0
Number,2002-02-28,73.0,105.0,22.0,115.0,58.0,38.0,67.0,6.0,97.0,117.0,347.0,158.0,63.0,2.0,52.0,1320.0
Number,2002-03-31,67.0,55.0,26.0,114.0,73.0,40.0,83.0,6.0,102.0,141.0,314.0,173.0,71.0,1.0,61.0,1327.0
Number,2002-04-30,65.0,78.0,41.0,147.0,95.0,38.0,88.0,7.0,140.0,167.0,411.0,176.0,69.0,2.0,74.0,1598.0
Number,2002-05-31,54.0,31.0,22.0,95.0,52.0,37.0,75.0,5.0,97.0,106.0,259.0,159.0,59.0,3.0,63.0,1117.0
Number,2002-06-30,70.0,53.0,30.0,112.0,64.0,30.0,71.0,5.0,111.0,123.0,280.0,171.0,54.0,2.0,63.0,1239.0
Number,2002-07-31,136.0,139.0,66.0,175.0,97.0,57.0,98.0,10.0,173.0,171.0,506.0,203.0,100.0,1.0,82.0,2014.0
Number,2002-08-31,105.0,98.0,56.0,162.0,90.0,35.0,88.0,7.0,133.0,131.0,401.0,166.0,85.0,1.0,71.0,1629.0
Number,2002-09-30,69.0,61.0,43.0,120.0,74.0,42.0,90.0,1.0,94.0,123.0,322.0,152.0,81.0,0.0,63.0,1335.0
Number,2002-10-31,90.0,94.0,38.0,124.0,84.0,40.0,87.0,7.0,114.0,139.0,418.0,183.0,82.0,5.0,74.0,1579.0
Number,2002-11-30,97.0,85.0,36.0,131.0,78.0,31.0,94.0,9.0,117.0,118.0,385.0,184.0,81.0,1.0,71.0,1518.0
Number,2002-12-31,103.0,67.0,44.0,139.0,89.0,43.0,92.0,7.0,120.0,155.0,381.0,221.0,76.0,4.0,71.0,1612.0
Number,2003-01-31,70.0,98.0,36.0,119.0,63.0,28.0,76.0,7.0,105.0,134.0,345.0,123.0,86.0,3.0,60.0,1353.0
Number,2003-02-28,100.0,110.0,64.0,134.0,88.0,33.0,83.0,7.0,131.0,163.0,489.0,191.0,111.0,2.0,65.0,1771.0
Number,2003-03-31,49.0,40.0,29.0,104.0,65.0,27.0,76.0,5.0,92.0,136.0,237.0,157.0,56.0,0.0,49.0,1122.0
Number,2003-04-30,124.0,87.0,54.0,173.0,112.0,47.0,137.0,14.0,164.0,208.0,478.0,214.0,84.0,2.0,78.0,1976.0
Number,2003-05-31,98.0,20.0,41.0,214.0,125.0,69.0,177.0,10.0,165.0,325.0,536.0,380.0,110.0,2.0,148.0,2420.0
Number,2003-06-30,58.0,29.0,22.0,121.0,74.0,32.0,108.0,5.0,101.0,170.0,307.0,180.0,46.0,1.0,68.0,1322.0
Number,2003-07-31,63.0,18.0,24.0,130.0,84.0,53.0,100.0,5.0,86.0,146.0,306.0,199.0,54.0,1.0,65.0,1334.0
Number,2003-08-31,161.0,181.0,69.0,217.0,125.0,70.0,112.0,13.0,171.0,205.0,680.0,278.0,108.0,3.0,121.0,2514.0
Number,2003-09-30,78.0,49.0,44.0,171.0,80.0,55.0,116.0,8.0,133.0,178.0,387.0,235.0,71.0,1.0,91.0,1697.0
Number,2003-10-31,142.0,126.0,50.0,210.0,124.0,59.0,135.0,6.0,168.0,220.0,614.0,235.0,110.0,2.0,88.0,2289.0
Number,2003-11-30,113.0,140.0,52.0,179.0,101.0,64.0,125.0,8.0,149.0,173.0,531.0,217.0,91.0,2.0,89.0,2034.0
Number,2003-12-31,156.0,174.0,77.0,206.0,141.0,75.0,155.0,10.0,161.0,224.0,589.0,283.0,122.0,2.0,97.0,2472.0
Number,2004-01-31,70.0,42.0,27.0,163.0,72.0,43.0,98.0,13.0,109.0,143.0,374.0,180.0,68.0,1.0,66.0,1469.0
Number,2004-02-29,107.0,69.0,35.0,168.0,98.0,65.0,141.0,5.0,128.0,192.0,446.0,233.0,100.0,1.0,94.0,1882.0
Number,2004-03-31,96.0,70.0,42.0,219.0,125.0,73.0,165.0,13.0,145.0,208.0,499.0,299.0,106.0,3.0,118.0,2181.0
Number,2004-04-30,113.0,89.0,43.0,216.0,122.0,60.0,117.0,12.0,124.0,169.0,465.0,219.0,115.0,2.0,94.0,1960.0
Number,2004-05-31,94.0,53.0,40.0,173.0,81.0,57.0,116.0,8.0,110.0,133.0,421.0,229.0,89.0,4.0,101.0,1709.0
Number,2004-06-30,109.0,101.0,31.0,170.0,93.0,55.0,114.0,8.0,90.0,133.0,433.0,189.0,81.0,1.0,99.0,1707.0
Number,2004-07-31,119.0,102.0,41.0,173.0,111.0,64.0,111.0,8.0,117.0,122.0,447.0,198.0,75.0,1.0,83.0,1772.0
Number,2004-08-31,49.0,26.0,24.0,142.0,69.0,46.0,103.0,4.0,69.0,107.0,279.0,157.0,65.0,2.0,70.0,1212.0
Number,2004-09-30,90.0,83.0,61.0,189.0,116.0,65.0,116.0,13.0,120.0,193.0,471.0,226.0,90.0,5.0,95.0,1933.0
Number,2004-10-31,123.0,93.0,51.0,218.0,101.0,80.0,163.0,9.0,136.0,168.0,508.0,279.0,73.0,3.0,117.0,2122.0
Number,2004-11-30,83.0,81.0,43.0,154.0,98.0,56.0,104.0,8.0,81.0,120.0,419.0,195.0,61.0,1.0,76.0,1580.0
Number,2004-12-31,222.0,95.0,82.0,406.0,228.0,126.0,289.0,23.0,233.0,357.0,893.0,449.0,175.0,2.0,214.0,3794.0
Number,2005-01-31,300.0,77.0,96.0,566.0,314.0,179.0,390.0,26.0,289.0,528.0,1159.0,628.0,266.0,4.0,250.0,5072.0
Number,2005-02-28,206.0,95.0,55.0,370.0,213.0,111.0,248.0,25.0,166.0,269.0,749.0,400.0,145.0,3.0,171.0,3226.0
Number,2005-03-31,291.0,87.0,88.0,637.0,321.0,213.0,408.0,22.0,341.0,512.0,1235.0,657.0,217.0,4.0,257.0,5290.0
Number,2005-04-30,257.0,115.0,83.0,511.0,284.0,166.0,333.0,18.0,276.0,402.0,1122.0,585.0,208.0,10.0,236.0,4606.0
Number,2005-05-31,322.0,110.0,114.0,547.0,286.0,169.0,349.0,27.0,364.0,526.0,1174.0,634.0,253.0,11.0,244.0,5130.0
Number,2005-06-30,269.0,91.0,103.0,524.0,266.0,172.0,347.0,23.0,365.0,495.0,1104.0,613.0,218.0,3.0,233.0,4826.0
Number,2005-07-31,294.0,81.0,115.0,549.0,325.0,206.0,337.0,29.0,309.0,544.0,1193.0,657.0,228.0,8.0,227.0,5102.0
Number,2005-08-31,372.0,76.0,85.0,806.0,527.0,249.0,514.0,44.0,323.0,552.0,1504.0,906.0,314.0,6.0,435.0,6713.0
Number,2005-09-30,641.0,211.0,146.0,1381.0,791.0,484.0,934.0,66.0,510.0,842.0,2584.0,1376.0,525.0,11.0,642.0,11144.0
Number,2005-10-31,348.0,171.0,128.0,662.0,386.0,224.0,412.0,37.0,338.0,509.0,1321.0,752.0,263.0,5.0,296.0,5852.0
Number,2005-11-30,153.0,43.0,28.0,339.0,210.0,132.0,258.0,15.0,134.0,198.0,599.0,357.0,120.0,2.0,172.0,2760.0
Number,2005-12-31,203.0,131.0,61.0,455.0,265.0,165.0,289.0,17.0,166.0,232.0,872.0,481.0,154.0,7.0,189.0,3687.0
Number,2006-01-31,213.0,140.0,69.0,484.0,243.0,137.0,246.0,22.0,186.0,229.0,908.0,439.0,148.0,7.0,168.0,3639.0
Number,2006-02-28,194.0,116.0,53.0,412.0,241.0,124.0,277.0,17.0,176.0,246.0,832.0,407.0,179.0,5.0,189.0,3468.0
Number,2006-03-31,204.0,102.0,62.0,453.0,284.0,159.0,332.0,25.0,199.0,303.0,911.0,520.0,162.0,3.0,227.0,3946.0
Number,2006-04-30,198.0,99.0,57.0,369.0,222.0,125.0,251.0,16.0,172.0,201.0,776.0,427.0,140.0,2.0,195.0,3250.0
Number,2006-05-31,151.0,91.0,54.0,352.0,214.0,102.0,245.0,11.0,138.0,222.0,705.0,320.0,138.0,4.0,152.0,2899.0
Number,2006-06-30,144.0,99.0,48.0,301.0,174.0,96.0,233.0,13.0,155.0,189.0,598.0,247.0,122.0,3.0,107.0,2529.0
Number,2006-07-31,150.0,105.0,52.0,268.0,162.0,86.0,302.0,16.0,157.0,224.0,659.0,364.0,123.0,2.0,148.0,2818.0
Number,2006-08-31,128.0,67.0,48.0,281.0,183.0,97.0,242.0,9.0,126.0,181.0,577.0,318.0,93.0,1.0,130.0,2481.0
Number,2006-09-30,161.0,118.0,53.0,341.0,188.0,126.0,244.0,15.0,186.0,180.0,696.0,324.0,118.0,7.0,163.0,2920.0
Number,2006-10-31,136.0,85.0,41.0,292.0,148.0,97.0,206.0,16.0,144.0,197.0,618.0,337.0,113.0,2.0,131.0,2563.0
Number,2006-11-30,90.0,40.0,30.0,236.0,140.0,87.0,221.0,15.0,116.0,159.0,441.0,312.0,95.0,2.0,136.0,2120.0
Number,2006-12-31,167.0,167.0,60.0,367.0,218.0,123.0,252.0,15.0,167.0,237.0,836.0,378.0,158.0,5.0,189.0,3339.0
Number,2007-01-31,96.0,35.0,52.0,237.0,121.0,68.0,220.0,15.0,118.0,144.0,441.0,310.0,114.0,2.0,120.0,2093.0
Number,2007-02-28,218.0,221.0,72.0,416.0,193.0,123.0,275.0,29.0,209.0,210.0,935.0,399.0,138.0,4.0,194.0,3636.0
Number,2007-03-31,144.0,75.0,37.0,261.0,154.0,86.0,234.0,14.0,118.0,153.0,502.0,298.0,94.0,7.0,128.0,2305.0
Number,2007-04-30,121.0,95.0,41.0,283.0,149.0,96.0,210.0,16.0,139.0,155.0,573.0,314.0,117.0,4.0,129.0,2442.0
Number,2007-05-31,152.0,88.0,47.0,302.0,143.0,77.0,190.0,16.0,117.0,175.0,592.0,277.0,125.0,4.0,121.0,2426.0
Number,2007-06-30,119.0,137.0,42.0,259.0,155.0,96.0,224.0,13.0,111.0,176.0,591.0,287.0,103.0,2.0,123.0,2438.0
Number,2007-07-31,158.0,96.0,35.0,275.0,144.0,111.0,222.0,14.0,139.0,180.0,628.0,325.0,113.0,8.0,145.0,2593.0
Number,2007-08-31,158.0,98.0,39.0,286.0,166.0,74.0,199.0,8.0,131.0,145.0,606.0,303.0,115.0,6.0,132.0,2466.0
Number,2007-09-30,154.0,107.0,52.0,269.0,140.0,110.0,205.0,9.0,131.0,145.0,585.0,333.0,118.0,0.0,153.0,2511.0
Number,2007-10-31,154.0,90.0,49.0,308.0,156.0,98.0,238.0,10.0,126.0,137.0,603.0,343.0,102.0,5.0,165.0,2584.0
Number,2007-11-30,150.0,124.0,45.0,285.0,157.0,111.0,199.0,11.0,147.0,137.0,588.0,320.0,102.0,2.0,155.0,2533.0
Number,2007-12-31,171.0,129.0,63.0,288.0,156.0,94.0,234.0,16.0,121.0,184.0,635.0,352.0,124.0,0.0,183.0,2750.0
Number,2008-01-31,170.0,112.0,57.0,325.0,188.0,122.0,247.0,13.0,121.0,164.0,658.0,358.0,111.0,6.0,181.0,2833.0
Number,2008-02-29,155.0,105.0,36.0,308.0,138.0,89.0,200.0,13.0,125.0,125.0,522.0,298.0,119.0,1.0,175.0,2409.0
Number,2008-03-31,187.0,124.0,52.0,371.0,156.0,106.0,242.0,15.0,156.0,163.0,664.0,356.0,138.0,6.0,173.0,2909.0
Number,2008-04-30,133.0,103.0,37.0,286.0,153.0,87.0,241.0,14.0,150.0,158.0,646.0,326.0,111.0,2.0,136.0,2583.0
Number,2008-05-31,169.0,113.0,33.0,269.0,151.0,107.0,222.0,16.0,165.0,146.0,562.0,301.0,123.0,4.0,156.0,2537.0
Number,2008-06-30,147.0,121.0,44.0,316.0,161.0,117.0,255.0,17.0,163.0,169.0,649.0,302.0,123.0,3.0,141.0,2728.0
Number,2008-07-31,177.0,99.0,40.0,320.0,157.0,128.0,238.0,13.0,145.0,191.0,609.0,371.0,101.0,8.0,161.0,2758.0
Number,2008-08-31,180.0,115.0,59.0,310.0,149.0,107.0,224.0,17.0,155.0,147.0,570.0,321.0,127.0,2.0,148.0,2631.0
Number,2008-09-30,165.0,115.0,52.0,340.0,189.0,91.0,250.0,14.0,154.0,161.0,677.0,339.0,117.0,7.0,182.0,2853.0
Number,2008-10-31,171.0,102.0,43.0,297.0,161.0,97.0,232.0,13.0,123.0,172.0,582.0,346.0,110.0,2.0,174.0,2625.0
Number,2008-11-30,160.0,136.0,48.0,333.0,184.0,106.0,248.0,22.0,148.0,186.0,642.0,361.0,130.0,5.0,172.0,2881.0
Number,2008-12-31,137.0,169.0,55.0,266.0,128.0,68.0,146.0,19.0,104.0,138.0,539.0,187.0,93.0,3.0,178.0,2230.0
Number,2009-01-31,228.0,154.0,71.0,503.0,228.0,143.0,325.0,20.0,209.0,200.0,821.0,524.0,145.0,6.0,209.0,3786.0
Number,2009-02-28,159.0,121.0,45.0,320.0,145.0,137.0,222.0,23.0,133.0,183.0,620.0,350.0,142.0,7.0,163.0,2770.0
Number,2009-03-31,189.0,183.0,87.0,465.0,216.0,132.0,308.0,27.0,255.0,314.0,996.0,396.0,186.0,4.0,212.0,3970.0
Number,2009-04-30,175.0,156.0,63.0,389.0,196.0,114.0,234.0,19.0,228.0,242.0,911.0,376.0,181.0,8.0,176.0,3468.0
Number,2009-05-31,216.0,256.0,113.0,485.0,264.0,125.0,283.0,18.0,313.0,357.0,1395.0,478.0,260.0,4.0,213.0,4780.0
Number,2009-06-30,245.0,277.0,137.0,484.0,224.0,114.0,272.0,28.0,309.0,433.0,1130.0,388.0,229.0,12.0,214.0,4496.0
Number,2009-07-31,268.0,238.0,75.0,431.0,245.0,141.0,304.0,33.0,247.0,357.0,998.0,440.0,180.0,6.0,210.0,4173.0
Number,2009-08-31,227.0,135.0,44.0,383.0,169.0,124.0,240.0,15.0,182.0,194.0,701.0,348.0,136.0,5.0,171.0,3074.0
Number,2009-09-30,219.0,269.0,115.0,599.0,244.0,148.0,275.0,21.0,320.0,335.0,1466.0,462.0,250.0,9.0,210.0,4942.0
Number,2009-10-31,268.0,260.0,56.0,459.0,201.0,135.0,293.0,31.0,211.0,272.0,867.0,353.0,164.0,9.0,183.0,3762.0
Number,2009-11-30,165.0,176.0,59.0,389.0,172.0,146.0,250.0,16.0,156.0,186.0,635.0,325.0,142.0,8.0,154.0,2979.0
Number,2009-12-31,229.0,223.0,96.0,503.0,227.0,227.0,305.0,29.0,199.0,275.0,917.0,435.0,157.0,4.0,224.0,4050.0
Number,2010-01-31,211.0,185.0,54.0,403.0,208.0,139.0,266.0,18.0,161.0,178.0,717.0,325.0,132.0,8.0,161.0,3166.0
Number,2010-02-28,190.0,180.0,50.0,389.0,175.0,140.0,222.0,13.0,142.0,197.0,685.0,338.0,144.0,7.0,152.0,3024.0
Number,2010-03-31,199.0,170.0,58.0,424.0,197.0,147.0,257.0,18.0,173.0,197.0,668.0,370.0,146.0,5.0,188.0,3217.0
Number,2010-04-30,177.0,183.0,125.0,402.0,204.0,141.0,246.0,15.0,200.0,214.0,772.0,342.0,134.0,5.0,191.0,3351.0
Number,2010-05-31,206.0,196.0,65.0,449.0,179.0,161.0,250.0,17.0,152.0,195.0,711.0,343.0,115.0,7.0,184.0,3230.0
Number,2010-06-30,183.0,203.0,96.0,472.0,203.0,137.0,257.0,22.0,200.0,224.0,765.0,370.0,157.0,10.0,210.0,3509.0
Number,2010-07-31,211.0,154.0,81.0,468.0,215.0,128.0,308.0,24.0,198.0,239.0,729.0,398.0,175.0,4.0,193.0,3525.0
Number,2010-08-31,199.0,182.0,65.0,474.0,193.0,141.0,246.0,16.0,155.0,190.0,712.0,383.0,157.0,5.0,191.0,3309.0
Number,2010-09-30,190.0,167.0,58.0,458.0,171.0,139.0,274.0,16.0,165.0,187.0,706.0,390.0,133.0,7.0,173.0,3234.0
Number,2010-10-31,221.0,195.0,79.0,431.0,184.0,130.0,283.0,18.0,217.0,204.0,780.0,408.0,186.0,5.0,208.0,3549.0
Number,2010-11-30,203.0,188.0,86.0,451.0,220.0,139.0,281.0,15.0,168.0,166.0,697.0,406.0,132.0,6.0,192.0,3350.0
Number,2010-12-31,217.0,213.0,73.0,527.0,220.0,157.0,283.0,20.0,176.0,191.0,710.0,385.0,147.0,4.0,192.0,3515.0
Number,2011-01-31,195.0,175.0,69.0,471.0,206.0,169.0,264.0,10.0,139.0,200.0,647.0,410.0,145.0,4.0,195.0,3299.0
Number,2011-02-28,201.0,176.0,72.0,456.0,203.0,167.0,292.0,22.0,171.0,187.0,636.0,393.0,139.0,5.0,183.0,3303.0
Number,2011-03-31,230.0,288.0,124.0,541.0,255.0,156.0,257.0,23.0,236.0,272.0,1074.0,418.0,205.0,5.0,270.0,4354.0
Number,2011-04-30,243.0,262.0,98.0,512.0,219.0,157.0,244.0,19.0,203.0,279.0,926.0,338.0,160.0,8.0,306.0,3974.0
Number,2011-05-31,264.0,272.0,108.0,512.0,248.0,168.0,273.0,26.0,182.0,223.0,865.0,399.0,174.0,12.0,206.0,3932.0
Number,2011-06-30,250.0,201.0,77.0,476.0,218.0,139.0,255.0,17.0,179.0,217.0,805.0,354.0,169.0,9.0,239.0,3605.0
Number,2011-07-31,287.0,248.0,113.0,618.0,246.0,168.0,321.0,20.0,218.0,287.0,1114.0,436.0,202.0,11.0,224.0,4513.0
Number,2011-08-31,188.0,194.0,98.0,471.0,198.0,135.0,248.0,14.0,176.0,189.0,742.0,372.0,111.0,6.0,234.0,3376.0
Number,2011-09-30,187.0,164.0,84.0,417.0,189.0,126.0,245.0,20.0,138.0,183.0,644.0,359.0,126.0,8.0,189.0,3079.0
Number,2011-10-31,223.0,154.0,47.0,446.0,216.0,149.0,270.0,13.0,155.0,167.0,628.0,355.0,140.0,9.0,183.0,3155.0
Number,2011-11-30,204.0,181.0,64.0,413.0,198.0,164.0,223.0,13.0,164.0,175.0,666.0,368.0,127.0,2.0,191.0,3153.0
Number,2011-12-31,225.0,194.0,70.0,441.0,190.0,168.0,287.0,16.0,135.0,209.0,732.0,423.0,152.0,11.0,220.0,3473.0
Number,2012-01-31,224.0,213.0,58.0,455.0,202.0,163.0,250.0,20.0,147.0,215.0,666.0,361.0,138.0,5.0,225.0,3342.0
Number,2012-02-29,201.0,203.0,74.0,458.0,212.0,143.0,266.0,23.0,138.0,203.0,630.0,392.0,144.0,4.0,174.0,3265.0
Number,2012-03-31,173.0,202.0,59.0,471.0,182.0,170.0,255.0,22.0,170.0,185.0,671.0,394.0,132.0,5.0,191.0,3282.0
Number,2012-04-30,198.0,186.0,57.0,427.0,190.0,152.0,238.0,7.0,152.0,189.0,705.0,352.0,117.0,4.0,183.0,3157.0
Number,2012-05-31,209.0,229.0,71.0,430.0,189.0,175.0,244.0,14.0,149.0,173.0,714.0,395.0,145.0,8.0,211.0,3356.0
Number,2012-06-30,231.0,190.0,58.0,492.0,201.0,144.0,258.0,18.0,156.0,192.0,674.0,328.0,116.0,5.0,186.0,3249.0
Number,2012-07-31,248.0,241.0,72.0,529.0,214.0,166.0,297.0,17.0,194.0,229.0,785.0,469.0,178.0,3.0,217.0,3859.0
Number,2012-08-31,225.0,230.0,68.0,494.0,211.0,168.0,253.0,12.0,145.0,195.0,748.0,413.0,158.0,5.0,197.0,3522.0
Number,2012-09-30,233.0,214.0,68.0,477.0,210.0,159.0,263.0,15.0,174.0,193.0,772.0,400.0,158.0,6.0,229.0,3571.0
Number,2012-10-31,353.0,280.0,85.0,675.0,303.0,200.0,359.0,31.0,231.0,298.0,1099.0,483.0,199.0,9.0,277.0,4882.0
Number,2012-11-30,189.0,202.0,67.0,433.0,188.0,161.0,235.0,17.0,150.0,196.0,670.0,398.0,126.0,3.0,173.0,3208.0
Number,2012-12-31,268.0,289.0,68.0,498.0,195.0,149.0,259.0,20.0,180.0,198.0,808.0,419.0,159.0,3.0,209.0,3722.0
Number,2013-01-31,186.0,226.0,50.0,468.0,207.0,164.0,259.0,22.0,152.0,200.0,701.0,357.0,151.0,6.0,180.0,3329.0
Number,2013-02-28,221.0,228.0,63.0,432.0,182.0,177.0,254.0,12.0,137.0,191.0,678.0,389.0,128.0,9.0,178.0,3279.0
Number,2013-03-31,212.0,204.0,67.0,462.0,211.0,177.0,275.0,21.0,168.0,220.0,733.0,415.0,139.0,7.0,231.0,3542.0
Number,2013-04-30,219.0,215.0,71.0,453.0,212.0,170.0,246.0,16.0,162.0,224.0,731.0,392.0,166.0,6.0,178.0,3461.0
Number,2013-05-31,221.0,205.0,50.0,438.0,192.0,160.0,220.0,17.0,152.0,199.0,649.0,391.0,149.0,6.0,200.0,3249.0
Number,2013-06-30,239.0,235.0,47.0,494.0,226.0,158.0,242.0,16.0,168.0,179.0,713.0,386.0,150.0,6.0,188.0,3447.0
Number,2013-07-31,186.0,221.0,46.0,468.0,217.0,185.0,257.0,21.0,165.0,211.0,742.0,423.0,156.0,4.0,218.0,3520.0
Number,2013-08-31,205.0,210.0,51.0,473.0,198.0,168.0,252.0,19.0,124.0,199.0,666.0,428.0,159.0,8.0,223.0,3383.0
Number,2013-09-30,239.0,229.0,64.0,521.0,209.0,175.0,242.0,21.0,165.0,208.0,686.0,395.0,164.0,10.0,191.0,3519.0
Number,2013-10-31,222.0,244.0,74.0,543.0,213.0,179.0,248.0,20.0,173.0,207.0,748.0,397.0,165.0,7.0,192.0,3632.0
Number,2013-11-30,245.0,225.0,42.0,499.0,172.0,200.0,272.0,20.0,151.0,194.0,753.0,460.0,156.0,10.0,195.0,3594.0
Number,2013-12-31,265.0,249.0,87.0,530.0,237.0,185.0,260.0,26.0,155.0,227.0,761.0,485.0,165.0,4.0,186.0,3822.0
Number,2014-01-31,220.0,222.0,64.0,489.0,201.0,187.0,258.0,17.0,149.0,197.0,713.0,424.0,131.0,2.0,173.0,3447.0
Number,2014-02-28,245.0,239.0,58.0,534.0,191.0,187.0,228.0,19.0,135.0,201.0,714.0,437.0,159.0,6.0,194.0,3547.0
Number,2014-03-31,233.0,265.0,59.0,505.0,214.0,174.0,243.0,11.0,142.0,222.0,748.0,408.0,168.0,5.0,192.0,3589.0
Number,2014-04-30,228.0,253.0,67.0,464.0,197.0,149.0,213.0,18.0,175.0,205.0,707.0,400.0,131.0,4.0,201.0,3412.0
Number,2014-05-31,248.0,218.0,77.0,491.0,188.0,178.0,248.0,22.0,161.0,201.0,715.0,457.0,156.0,6.0,168.0,3534.0
Number,2014-06-30,296.0,223.0,62.0,484.0,204.0,183.0,233.0,17.0,147.0,213.0,681.0,390.0,146.0,8.0,182.0,3469.0
Number,2014-07-31,261.0,223.0,82.0,516.0,240.0,177.0,340.0,15.0,165.0,226.0,723.0,414.0,173.0,13.0,204.0,3772.0
Number,2014-08-31,278.0,240.0,69.0,524.0,221.0,179.0,238.0,20.0,167.0,204.0,774.0,452.0,164.0,7.0,231.0,3768.0
Number,2014-09-30,257.0,254.0,67.0,530.0,197.0,198.0,254.0,19.0,150.0,210.0,701.0,491.0,147.0,13.0,200.0,3688.0
Number,2014-10-31,253.0,230.0,60.0,515.0,196.0,187.0,243.0,21.0,134.0,187.0,634.0,422.0,136.0,6.0,180.0,3404.0
Number,2014-11-30,256.0,204.0,63.0,474.0,187.0,187.0,246.0,22.0,121.0,174.0,665.0,436.0,143.0,7.0,163.0,3348.0
Number,2014-12-31,260.0,264.0,62.0,555.0,204.0,191.0,224.0,31.0,160.0,190.0,693.0,494.0,132.0,1.0,212.0,3673.0
Number,2015-01-31,267.0,223.0,48.0,537.0,195.0,191.0,241.0,19.0,145.0,175.0,703.0,439.0,138.0,5.0,192.0,3518.0
Number,2015-02-28,233.0,260.0,60.0,602.0,186.0,206.0,240.0,21.0,138.0,207.0,691.0,464.0,166.0,5.0,184.0,3663.0
Number,2015-03-31,277.0,240.0,55.0,514.0,214.0,182.0,226.0,30.0,148.0,194.0,729.0,501.0,162.0,4.0,152.0,3628.0
Number,2015-04-30,241.0,220.0,49.0,518.0,196.0,172.0,223.0,19.0,152.0,195.0,679.0,473.0,136.0,3.0,171.0,3447.0
Number,2015-05-31,286.0,221.0,61.0,576.0,211.0,196.0,232.0,12.0,166.0,164.0,733.0,444.0,159.0,3.0,181.0,3645.0
Number,2015-06-30,335.0,332.0,90.0,605.0,238.0,216.0,281.0,22.0,179.0,236.0,839.0,500.0,189.0,3.0,195.0,4260.0
Number,2015-07-31,184.0,206.0,29.0,354.0,100.0,114.0,150.0,16.0,103.0,114.0,480.0,232.0,112.0,1.0,101.0,2296.0
Number,2015-08-31,433.0,284.0,84.0,826.0,331.0,294.0,421.0,26.0,207.0,301.0,1020.0,885.0,250.0,6.0,305.0,5673.0
Number,2015-09-30,333.0,220.0,76.0,642.0,259.0,198.0,306.0,11.0,176.0,201.0,753.0,648.0,180.0,5.0,196.0,4204.0
Number,2015-10-31,354.0,217.0,55.0,613.0,277.0,202.0,312.0,19.0,159.0,211.0,858.0,736.0,228.0,1.0,182.0,4424.0
Number,2015-11-30,330.0,307.0,58.0,695.0,238.0,225.0,294.0,27.0,205.0,204.0,908.0,742.0,213.0,2.0,263.0,4711.0
Number,2015-12-31,630.0,307.0,100.0,1202.0,505.0,418.0,628.0,44.0,320.0,390.0,1470.0,1856.0,415.0,10.0,390.0,8685.0
Number,2016-01-31,358.0,256.0,52.0,669.0,246.0,228.0,299.0,15.0,191.0,191.0,863.0,830.0,268.0,7.0,213.0,4686.0
Number,2016-02-29,520.0,318.0,78.0,873.0,374.0,356.0,481.0,19.0,213.0,235.0,1152.0,1350.0,317.0,9.0,262.0,6557.0
Number,2016-03-31,413.0,363.0,74.0,745.0,243.0,252.0,279.0,37.0,225.0,235.0,1016.0,622.0,262.0,5.0,276.0,5047.0
Number,2016-04-30,413.0,339.0,70.0,688.0,259.0,240.0,282.0,25.0,204.0,249.0,880.0,580.0,274.0,6.0,213.0,4722.0
Number,2016-05-31,436.0,243.0,52.0,789.0,294.0,239.0,333.0,23.0,188.0,239.0,911.0,673.0,280.0,10.0,228.0,4938.0
Number,2016-06-30,403.0,280.0,66.0,724.0,236.0,243.0,306.0,28.0,181.0,212.0,826.0,643.0,331.0,10.0,242.0,4731.0
Number,2016-07-31,377.0,238.0,47.0,727.0,249.0,243.0,327.0,27.0,166.0,213.0,776.0,651.0,350.0,10.0,197.0,4598.0
Number,2016-08-31,336.0,240.0,57.0,735.0,235.0,250.0,295.0,24.0,189.0,221.0,816.0,635.0,404.0,6.0,223.0,4666.0
Number,2016-09-30,400.0,275.0,84.0,771.0,294.0,281.0,326.0,29.0,221.0,248.0,946.0,711.0,563.0,7.0,261.0,5417.0
Number,2016-10-31,351.0,230.0,64.0,686.0,215.0,235.0,317.0,23.0,178.0,196.0,834.0,633.0,690.0,5.0,222.0,4879.0
Number,2016-11-30,343.0,266.0,55.0,762.0,242.0,256.0,292.0,24.0,170.0,209.0,852.0,655.0,883.0,4.0,210.0,5223.0
Number,2016-12-31,342.0,269.0,65.0,667.0,251.0,275.0,302.0,32.0,200.0,201.0,901.0,648.0,901.0,4.0,225.0,5283.0
Number,2017-01-31,282.0,281.0,59.0,581.0,179.0,230.0,277.0,27.0,160.0,173.0,721.0,548.0,715.0,7.0,174.0,4414.0
Number,2017-02-28,331.0,263.0,65.0,629.0,204.0,206.0,264.0,22.0,164.0,200.0,802.0,495.0,619.0,6.0,183.0,4453.0
Number,2017-03-31,343.0,296.0,50.0,612.0,190.0,220.0,228.0,34.0,147.0,198.0,762.0,494.0,506.0,3.0,192.0,4275.0
Number,2017-04-30,288.0,229.0,51.0,519.0,189.0,171.0,198.0,11.0,122.0,180.0,610.0,378.0,525.0,2.0,139.0,3612.0
Number,2017-05-31,329.0,227.0,51.0,642.0,191.0,212.0,269.0,23.0,150.0,201.0,673.0,448.0,655.0,13.0,154.0,4238.0
Number,2017-06-30,270.0,242.0,37.0,577.0,171.0,181.0,230.0,26.0,147.0,208.0,567.0,380.0,826.0,5.0,183.0,4050.0
Number,2017-07-31,230.0,228.0,55.0,462.0,173.0,141.0,224.0,20.0,140.0,150.0,583.0,386.0,541.0,7.0,169.0,3509.0
Number,2017-08-31,321.0,258.0,48.0,580.0,202.0,184.0,229.0,22.0,133.0,235.0,692.0,414.0,461.0,4.0,175.0,3958.0
Number,2017-09-30,310.0,236.0,58.0,560.0,186.0,175.0,236.0,14.0,138.0,171.0,623.0,370.0,523.0,4.0,124.0,3728.0
Number,2017-10-31,241.0,221.0,37.0,503.0,163.0,164.0,215.0,24.0,149.0,161.0,576.0,387.0,537.0,7.0,176.0,3561.0
Number,2017-11-30,344.0,297.0,84.0,619.0,214.0,205.0,250.0,25.0,155.0,192.0,754.0,446.0,609.0,4.0,266.0,4464.0
Number,2017-12-31,280.0,263.0,56.0,557.0,186.0,244.0,193.0,17.0,146.0,209.0,644.0,395.0,570.0,4.0,180.0,3944.0
Number,2018-01-31,291.0,280.0,53.0,553.0,184.0,181.0,225.0,21.0,143.0,172.0,665.0,401.0,538.0,7.0,181.0,3895.0
Number,2018-02-28,334.0,265.0,52.0,599.0,187.0,199.0,193.0,24.0,132.0,197.0,703.0,397.0,597.0,5.0,192.0,4076.0
Number,2018-03-31,272.0,251.0,53.0,562.0,181.0,181.0,228.0,19.0,172.0,212.0,686.0,444.0,672.0,6.0,169.0,4108.0
Number,2018-04-30,233.0,253.0,54.0,403.0,141.0,129.0,136.0,17.0,127.0,155.0,547.0,213.0,213.0,10.0,103.0,2734.0
Number,2018-05-31,347.0,266.0,59.0,644.0,227.0,206.0,302.0,18.0,193.0,272.0,797.0,497.0,907.0,9.0,241.0,4985.0
Number,2018-06-30,242.0,234.0,58.0,421.0,142.0,164.0,178.0,9.0,121.0,147.0,562.0,321.0,465.0,4.0,149.0,3217.0
Number,2018-07-31,285.0,257.0,50.0,501.0,182.0,165.0,179.0,22.0,120.0,165.0,622.0,338.0,480.0,5.0,158.0,3529.0
Number,2018-08-31,270.0,242.0,44.0,477.0,149.0,187.0,204.0,27.0,144.0,148.0,566.0,346.0,496.0,4.0,177.0,3481.0
Number,2018-09-30,255.0,221.0,48.0,481.0,146.0,156.0,158.0,32.0,122.0,152.0,672.0,321.0,399.0,6.0,174.0,3343.0
Number,2018-10-31,273.0,267.0,48.0,502.0,140.0,138.0,193.0,19.0,117.0,153.0,652.0,363.0,386.0,1.0,174.0,3426.0
Number,2018-11-30,338.0,301.0,75.0,614.0,196.0,169.0,226.0,25.0,154.0,192.0,650.0,428.0,413.0,3.0,224.0,4008.0
Number,2018-12-31,326.0,290.0,55.0,614.0,217.0,167.0,248.0,20.0,161.0,227.0,689.0,420.0,383.0,7.0,190.0,4014.0
Number,2019-01-31,326.0,286.0,49.0,535.0,183.0,183.0,205.0,13.0,125.0,168.0,632.0,343.0,327.0,7.0,147.0,3529.0
Number,2019-02-28,258.0,255.0,41.0,458.0,123.0,146.0,128.0,24.0,102.0,106.0,602.0,208.0,133.0,3.0,141.0,2728.0
Number,2019-03-31,364.0,242.0,59.0,616.0,207.0,246.0,318.0,25.0,162.0,232.0,698.0,545.0,575.0,5.0,231.0,4525.0
Number,2019-04-30,390.0,280.0,47.0,605.0,209.0,220.0,252.0,29.0,165.0,194.0,740.0,405.0,389.0,9.0,188.0,4122.0
Number,2019-05-31,413.0,330.0,77.0,767.0,258.0,259.0,313.0,22.0,212.0,273.0,829.0,557.0,484.0,8.0,246.0,5048.0
Number,2019-06-30,333.0,224.0,38.0,605.0,205.0,225.0,275.0,18.0,154.0,223.0,618.0,449.0,393.0,4.0,206.0,3970.0
Number,2019-07-31,363.0,315.0,46.0,656.0,194.0,224.0,238.0,21.0,163.0,225.0,787.0,446.0,397.0,4.0,216.0,4295.0
Number,2019-08-31,362.0,233.0,35.0,589.0,185.0,187.0,248.0,22.0,132.0,190.0,668.0,403.0,390.0,10.0,203.0,3857.0
Number,2019-09-30,349.0,214.0,40.0,505.0,207.0,195.0,230.0,19.0,125.0,195.0,649.0,430.0,397.0,9.0,224.0,3788.0
Number,2019-10-31,364.0,308.0,54.0,537.0,179.0,196.0,229.0,25.0,149.0,167.0,648.0,451.0,359.0,10.0,189.0,3865.0
Number,2019-11-30,328.0,288.0,51.0,589.0,186.0,199.0,227.0,25.0,141.0,165.0,660.0,460.0,324.0,5.0,170.0,3818.0
Number,2019-12-31,324.0,272.0,48.0,575.0,178.0,215.0,212.0,16.0,134.0,193.0,673.0,413.0,323.0,3.0,197.0,3776.0
Number,2020-01-31,360.0,245.0,51.0,560.0,175.0,179.0,234.0,20.0,148.0,193.0,706.0,422.0,316.0,5.0,189.0,3803.0
Number,2020-02-29,356.0,222.0,42.0,523.0,170.0,191.0,183.0,26.0,133.0,160.0,660.0,416.0,332.0,5.0,176.0,3595.0
Number,2020-03-31,371.0,264.0,44.0,573.0,169.0,203.0,234.0,15.0,150.0,194.0,620.0,387.0,303.0,8.0,191.0,3726.0
Number,2020-04-30,349.0,304.0,61.0,573.0,172.0,212.0,172.0,24.0,149.0,158.0,681.0,344.0,306.0,7.0,158.0,3670.0
Number,2020-05-31,533.0,240.0,60.0,518.0,151.0,173.0,200.0,18.0,124.0,158.0,585.0,364.0,304.0,4.0,146.0,3578.0
Number,2020-06-30,461.0,245.0,47.0,606.0,153.0,194.0,171.0,22.0,159.0,170.0,664.0,379.0,270.0,7.0,173.0,3721.0
Number,2020-07-31,474.0,269.0,56.0,624.0,193.0,195.0,210.0,36.0,112.0,189.0,694.0,394.0,294.0,6.0,188.0,3934.0
Number,2020-08-31,69.0,33.0,10.0,176.0,79.0,63.0,127.0,3.0,73.0,52.0,178.0,209.0,184.0,2.0,74.0,1332.0
Number,2020-09-30,654.0,427.0,67.0,833.0,214.0,278.0,255.0,32.0,168.0,176.0,830.0,442.0,345.0,8.0,215.0,4944.0
Number,2020-10-31,218.0,132.0,21.0,343.0,118.0,140.0,171.0,2.0,97.0,98.0,342.0,295.0,212.0,10.0,103.0,2302.0
Number,2020-11-30,431.0,254.0,53.0,531.0,170.0,183.0,195.0,25.0,141.0,168.0,608.0,395.0,267.0,5.0,199.0,3625.0
Number,2020-12-31,437.0,293.0,72.0,649.0,224.0,241.0,258.0,30.0,177.0,205.0,726.0,449.0,250.0,11.0,222.0,4244.0
Number,2021-01-31,364.0,223.0,54.0,573.0,183.0,188.0,205.0,24.0,167.0,169.0,593.0,355.0,255.0,5.0,163.0,3521.0
Number,2021-02-28,421.0,285.0,43.0,502.0,176.0,166.0,171.0,26.0,117.0,152.0,628.0,360.0,222.0,9.0,169.0,3447.0
Number,2021-03-31,527.0,318.0,47.0,635.0,191.0,232.0,235.0,27.0,184.0,189.0,720.0,460.0,242.0,12.0,214.0,4233.0
Number,2021-04-30,417.0,285.0,59.0,618.0,213.0,216.0,226.0,22.0,161.0,173.0,661.0,391.0,255.0,8.0,174.0,3879.0
Number,2021-05-31,616.0,353.0,45.0,691.0,207.0,225.0,266.0,27.0,176.0,224.0,856.0,476.0,315.0,8.0,220.0,4705.0
Number,2021-06-30,396.0,282.0,33.0,601.0,213.0,239.0,221.0,24.0,151.0,180.0,690.0,467.0,273.0,2.0,247.0,4019.0
Number,2021-07-31,568.0,332.0,57.0,697.0,211.0,224.0,270.0,29.0,179.0,207.0,875.0,520.0,295.0,6.0,227.0,4697.0
Number,2021-08-31,449.0,322.0,57.0,674.0,196.0,202.0,210.0,25.0,178.0,204.0,752.0,459.0,277.0,6.0,227.0,4238.0
Number,2021-09-30,400.0,287.0,43.0,561.0,203.0,191.0,240.0,24.0,156.0,164.0,750.0,439.0,243.0,8.0,201.0,3910.0
Number,2021-10-31,397.0,301.0,46.0,594.0,160.0,209.0,242.0,26.0,161.0,160.0,728.0,482.0,243.0,9.0,224.0,3982.0
Number,2021-11-30,435.0,299.0,61.0,579.0,176.0,165.0,210.0,25.0,177.0,171.0,822.0,414.0,252.0,11.0,211.0,4008.0
Number,2021-12-31,386.0,316.0,44.0,616.0,196.0,231.0,251.0,30.0,161.0,186.0,758.0,466.0,236.0,6.0,179.0,4062.0
Number,2022-01-31,594.0,249.0,38.0,537.0,164.0,172.0,214.0,25.0,145.0,174.0,691.0,410.0,220.0,8.0,212.0,3853.0
Number,2022-02-28,373.0,278.0,40.0,582.0,197.0,207.0,206.0,24.0,151.0,183.0,679.0,411.0,216.0,7.0,212.0,3766.0
Number,2022-03-31,379.0,268.0,48.0,637.0,166.0,200.0,223.0,26.0,164.0,187.0,752.0,473.0,253.0,4.0,214.0,3994.0
Number,2022-04-30,416.0,305.0,48.0,667.0,219.0,226.0,259.0,24.0,219.0,189.0,752.0,538.0,276.0,4.0,243.0,4385.0
Number,2022-05-31,411.0,282.0,49.0,655.0,200.0,190.0,203.0,27.0,167.0,246.0,767.0,471.0,273.0,8.0,230.0,4179.0
Number,2022-06-30,418.0,226.0,48.0,556.0,152.0,209.0,256.0,24.0,197.0,161.0,709.0,491.0,276.0,4.0,176.0,3903.0
Number,2022-07-31,421.0,303.0,46.0,670.0,196.0,211.0,273.0,19.0,189.0,201.0,819.0,449.0,282.0,13.0,209.0,4301.0
Number,2022-08-31,481.0,240.0,51.0,610.0,191.0,214.0,236.0,19.0,181.0,208.0,751.0,517.0,258.0,4.0,240.0,4201.0
Number,2022-09-30,453.0,294.0,45.0,670.0,224.0,194.0,278.0,32.0,176.0,227.0,816.0,504.0,272.0,11.0,243.0,4439.0
Number,2022-10-31,431.0,358.0,52.0,637.0,187.0,223.0,236.0,34.0,182.0,196.0,738.0,547.0,273.0,2.0,286.0,4382.0
Number,2022-11-30,463.0,293.0,43.0,675.0,222.0,217.0,272.0,36.0,165.0,209.0,817.0,520.0,254.0,10.0,275.0,4471.0
Number,2022-12-31,405.0,290.0,48.0,612.0,178.0,197.0,209.0,19.0,194.0,155.0,662.0,503.0,214.0,5.0,209.0,3900.0
Number,2023-01-31,392.0,264.0,50.0,569.0,189.0,186.0,228.0,15.0,161.0,179.0,742.0,442.0,234.0,10.0,186.0,3847.0
Number,2023-02-28,363.0,263.0,40.0,491.0,160.0,172.0,204.0,21.0,158.0,202.0,644.0,351.0,192.0,7.0,195.0,3463.0
Number,2023-03-31,479.0,330.0,54.0,655.0,214.0,218.0,240.0,27.0,203.0,183.0,804.0,474.0,286.0,7.0,222.0,4396.0
Number,2023-04-30,535.0,327.0,59.0,759.0,211.0,231.0,280.0,36.0,180.0,212.0,887.0,516.0,249.0,14.0,228.0,4724.0
Number,2023-05-31,484.0,241.0,50.0,568.0,176.0,200.0,246.0,34.0,170.0,165.0,592.0,465.0,228.0,3.0,222.0,3844.0
