Units,Timepoint,1.0: Food & Live Animals,1.1: Beverages & Tobacco,1.2: Crude Materials (Excl Fuels),"1.3: Mineral Fuels, Lubricants & Related Materials",1.4: Animal & Vegetable Oils Fats & Waxes,1.5: Chemicals & Chemical Products,1.6: Manufactured Goods,1.7: Machinery & Transport Equipment,1.8: Miscellaneous Manufactured Articles,1: Domestic Supply Price Index - Overall Items,2: Non-Oil Domestic Supply Price Index
Index,1974-01-31,57.012,33.239,79.72,23.654,120.085,61.38,67.291,155.498,69.948,79.774,109.687
Index,1974-02-28,58.158,34.364,76.303,24.144,129.956,63.154,68.55,157.536,72.206,80.715,110.894
Index,1974-03-31,60.16,34.537,74.514,24.317,138.948,64.0,69.359,158.834,72.206,81.278,111.566
Index,1974-04-30,60.017,34.537,68.168,25.009,146.187,67.127,69.81,162.171,72.306,81.56,111.432
Index,1974-05-31,59.374,34.71,67.842,24.951,147.283,67.635,71.25,162.541,72.206,81.842,111.834
Index,1974-06-30,58.801,34.71,63.044,25.21,154.191,68.228,70.98,163.839,72.109,81.278,110.894
Index,1974-07-31,59.017,35.144,59.303,25.555,154.63,68.735,70.98,164.024,72.6,81.09,110.224
Index,1974-08-31,59.444,37.047,58.65,25.586,157.811,67.973,71.518,166.432,72.6,81.56,111.028
Index,1974-09-30,59.731,37.047,53.934,25.297,157.372,67.805,71.34,165.506,72.6,80.715,109.821
Index,1974-10-31,61.161,37.047,52.388,25.873,159.017,67.044,70.35,166.062,73.484,80.808,109.554
Index,1974-11-30,62.092,37.912,48.157,25.671,153.753,66.367,69.001,166.803,73.582,79.961,108.347
Index,1974-12-31,60.876,38.086,51.085,25.873,152.985,66.198,68.101,167.358,73.877,80.244,108.615
Index,1975-01-31,60.232,38.433,51.085,25.297,144.212,63.493,66.931,166.803,75.351,79.399,107.677
Index,1975-02-28,59.087,38.605,51.737,24.663,140.154,63.154,66.391,164.951,75.056,78.648,107.007
Index,1975-03-31,59.017,38.777,51.248,24.778,129.297,63.07,65.582,164.579,74.957,78.272,106.336
Index,1975-04-30,58.587,38.777,50.597,24.693,116.356,63.323,65.131,164.579,74.86,77.989,105.8
Index,1975-05-31,58.158,40.51,50.517,24.951,111.751,63.154,64.052,163.097,74.565,77.52,105.13
Index,1975-06-30,57.657,40.596,52.55,24.865,102.209,63.323,63.963,162.541,74.86,77.613,105.264
Index,1975-07-31,58.444,40.682,56.454,26.218,99.907,64.169,64.503,163.097,75.154,79.305,106.872
Index,1975-08-31,59.731,40.855,58.325,26.681,100.015,63.662,64.861,166.803,75.253,80.433,108.213
Index,1975-09-30,59.516,41.028,57.512,27.112,102.099,63.831,64.772,167.358,75.154,80.715,108.213
Index,1975-10-31,59.231,40.941,57.268,28.927,103.526,64.422,65.672,166.989,75.351,81.747,108.615
Index,1975-11-30,57.728,40.941,58.081,28.985,103.745,64.845,65.941,169.769,75.744,82.029,109.151
Index,1975-12-31,58.444,40.941,61.417,29.187,105.061,65.014,66.031,169.954,75.842,82.97,110.09
Index,1976-01-31,58.801,41.115,62.8,29.013,99.797,66.79,65.492,171.436,77.316,83.346,111.028
Index,1976-02-29,59.444,41.028,65.891,28.985,97.055,67.044,66.121,171.436,77.708,84.003,112.236
Index,1976-03-31,59.516,41.115,68.006,28.84,98.261,67.044,66.572,170.881,77.512,84.285,112.772
Index,1976-04-30,59.874,41.028,68.413,28.179,98.261,67.127,66.662,171.251,77.611,84.097,113.041
Index,1976-05-31,60.089,41.028,71.667,28.179,97.275,67.213,66.842,171.251,77.512,84.66,113.979
Index,1976-06-30,60.518,41.203,74.107,28.092,99.358,67.383,67.831,171.251,77.413,85.319,114.918
Index,1976-07-31,59.874,41.289,72.316,28.034,104.294,67.889,68.28,171.251,75.154,84.848,114.381
Index,1976-08-31,60.876,41.289,73.375,28.034,105.828,68.142,68.55,171.623,74.565,85.319,114.918
Index,1976-09-30,61.449,41.289,72.887,28.121,110.105,68.142,69.269,171.251,75.253,85.506,115.185
Index,1976-10-31,62.449,41.289,75.49,28.206,110.433,68.228,69.089,173.103,75.744,86.258,116.392
Index,1976-11-30,62.377,41.203,75.328,28.206,113.834,68.312,69.269,174.032,76.923,86.539,116.928
Index,1976-12-31,64.739,41.203,73.293,28.121,117.233,68.481,69.359,173.661,77.217,86.539,116.928
Index,1977-01-31,65.597,41.115,73.375,29.273,120.304,68.735,69.179,173.103,79.083,87.386,117.331
Index,1977-02-28,66.241,41.028,73.618,30.974,124.911,68.904,69.449,173.103,79.378,88.514,117.867
Index,1977-03-31,68.172,41.115,74.677,30.368,136.206,68.904,69.72,174.587,79.968,88.982,119.075
Index,1977-04-30,68.387,41.203,74.269,30.425,143.663,68.904,69.72,176.071,80.263,89.264,119.477
Index,1977-05-31,67.529,41.203,74.107,30.484,146.187,68.65,69.179,175.884,80.165,88.982,118.807
Index,1977-06-30,66.884,41.203,73.537,30.484,144.212,68.818,69.539,174.958,80.361,88.701,118.539
Index,1977-07-31,66.384,41.203,73.701,30.627,142.127,68.142,69.629,175.884,80.361,88.889,118.673
Index,1977-08-31,66.884,41.289,74.107,30.828,131.819,68.481,69.72,176.626,80.558,89.171,118.94
Index,1977-09-30,67.314,41.375,76.954,30.828,126.774,68.312,69.989,176.442,80.951,89.734,119.878
Index,1977-10-31,66.884,43.106,76.872,30.741,121.4,68.142,69.72,176.442,81.245,89.641,119.746
Index,1977-11-30,66.884,43.106,75.653,29.906,118.769,68.058,70.17,176.442,81.343,89.077,119.612
Index,1977-12-31,65.025,43.106,73.862,29.648,119.975,67.805,69.72,176.442,81.441,88.325,118.539
Index,1978-01-31,65.525,43.106,74.269,29.532,117.672,67.296,70.17,177.182,82.129,88.607,119.209
Index,1978-02-28,65.668,43.193,74.107,29.389,118.659,67.127,70.53,177.182,82.228,88.607,119.477
Index,1978-03-31,65.097,43.279,74.351,29.359,123.046,66.959,71.34,178.294,81.834,88.982,119.878
Index,1978-04-30,66.384,43.366,74.757,29.273,124.252,67.296,71.969,178.48,81.834,89.264,120.416
Index,1978-05-31,66.313,43.453,76.466,29.561,131.601,67.551,72.508,178.849,82.031,89.923,121.354
Index,1978-06-30,65.883,43.539,79.638,29.273,136.645,67.383,73.408,180.332,82.326,90.581,122.561
Index,1978-07-31,65.454,43.539,79.802,28.985,136.863,67.551,74.128,181.26,83.307,90.767,123.231
Index,1978-08-31,65.955,43.626,81.591,28.553,137.303,67.805,74.218,181.26,83.602,90.956,123.768
Index,1978-09-30,65.525,43.539,83.869,28.265,138.071,67.72,75.027,181.446,83.898,91.332,124.572
Index,1978-10-31,65.883,43.712,86.635,27.458,142.127,66.705,75.118,181.26,84.586,91.427,125.376
Index,1978-11-30,65.31,43.626,88.667,27.658,144.212,67.383,75.298,180.332,83.307,91.519,125.376
Index,1978-12-31,65.167,43.626,87.284,27.832,143.115,67.296,75.478,179.591,84.193,91.427,125.108
Index,1979-01-31,65.525,43.626,88.505,28.753,142.347,68.987,76.646,182.0,85.568,92.929,126.852
Index,1979-02-28,65.525,44.232,91.434,29.129,147.283,70.763,77.277,181.816,86.649,93.963,128.059
Index,1979-03-31,66.598,44.319,92.654,29.445,149.585,71.863,77.997,181.816,87.336,94.715,129.132
Index,1979-04-30,66.241,44.578,98.51,34.776,151.011,76.85,78.806,181.075,87.729,98.755,131.143
Index,1979-05-31,67.457,44.836,102.009,35.697,155.726,78.203,79.345,184.41,89.104,100.635,133.557
Index,1979-06-30,69.388,45.097,106.239,37.945,153.861,83.36,79.345,186.264,89.104,103.266,135.97
Index,1979-07-31,70.533,45.183,105.506,43.622,158.798,85.981,80.245,187.561,90.775,106.929,137.312
Index,1979-08-31,71.462,45.443,105.182,44.255,154.739,86.573,80.695,187.006,91.56,107.588,137.579
Index,1979-09-30,70.962,45.962,104.531,44.976,150.025,87.249,81.055,187.191,94.114,108.057,137.982
Index,1979-10-31,70.748,45.962,106.157,46.185,146.405,88.772,81.865,187.561,93.427,109.184,138.785
Index,1979-11-30,71.248,45.962,107.215,47.366,146.295,89.194,82.045,187.006,94.213,110.03,139.322
Index,1979-12-31,70.962,45.962,108.354,51.717,144.649,91.139,82.584,188.487,97.553,113.131,140.663
Index,1980-01-31,71.748,47.608,114.781,57.653,144.979,96.127,84.473,189.971,104.037,118.863,145.088
Index,1980-02-29,72.894,47.78,120.068,60.189,149.147,97.056,85.103,191.826,103.742,121.4,147.233
Index,1980-03-31,73.823,48.992,113.641,62.983,144.979,98.833,85.913,193.123,100.402,122.434,146.43
Index,1980-04-30,73.967,49.425,113.561,61.283,143.335,98.409,86.722,194.603,100.598,121.871,146.965
Index,1980-05-31,74.038,49.599,107.948,63.731,136.425,99.678,86.993,193.862,100.795,122.434,145.758
Index,1980-06-30,73.252,49.771,108.192,64.078,125.568,99.17,87.531,200.165,103.84,123.562,147.503
Index,1980-07-31,73.323,50.205,107.459,66.21,125.787,99.847,87.711,200.348,103.742,124.782,147.503
Index,1980-08-31,73.323,50.205,108.354,66.066,121.181,99.931,87.981,200.348,104.528,124.971,147.904
Index,1980-09-30,74.896,50.291,109.493,65.518,118.329,99.678,88.252,200.348,105.412,125.158,148.843
Index,1980-10-31,76.256,50.291,106.97,66.268,118.549,98.071,88.252,200.165,104.43,125.158,148.173
Index,1980-11-30,77.185,50.205,104.937,67.795,123.813,97.987,88.342,200.348,104.528,125.816,147.904
Index,1980-12-31,77.758,50.205,103.718,67.882,131.381,97.987,88.072,201.648,103.35,125.816,147.904
Index,1981-01-31,78.473,50.291,103.066,72.664,132.807,99.17,88.163,207.023,101.777,128.823,148.977
Index,1981-02-28,78.187,50.291,101.521,75.458,134.999,99.339,88.163,205.91,101.777,129.951,148.308
Index,1981-03-31,78.259,50.291,99.324,76.64,132.915,99.339,88.252,205.725,102.464,130.233,147.904
Index,1981-04-30,77.4,51.763,94.768,76.842,129.187,100.269,89.062,205.91,101.777,129.951,147.101
Index,1981-05-31,77.042,53.925,95.989,78.08,130.065,101.283,89.691,205.725,102.072,130.89,147.77
Index,1981-06-30,77.113,54.272,94.525,76.524,129.956,100.524,89.691,204.798,100.009,129.575,146.965
Index,1981-07-31,77.686,54.359,89.645,76.64,128.201,100.437,89.512,204.242,99.617,128.823,145.758
Index,1981-08-31,76.828,54.186,87.935,77.072,121.4,100.354,89.781,203.316,100.402,128.73,145.088
Index,1981-09-30,76.828,54.272,86.227,75.747,117.782,99.339,89.781,202.573,99.911,127.695,144.284
Index,1981-10-31,75.969,54.272,80.534,73.644,117.782,98.325,89.781,204.055,99.42,125.723,143.077
Index,1981-11-30,75.326,54.272,78.743,72.49,116.685,97.648,89.512,202.945,98.142,124.407,141.87
Index,1981-12-31,74.968,54.272,79.149,72.49,113.065,97.817,89.512,202.573,99.124,124.407,141.87
Index,1982-01-31,75.612,54.445,79.802,72.664,114.053,96.886,88.342,207.023,96.865,124.782,142.139
Index,1982-02-28,75.326,56.09,79.394,70.099,116.027,97.142,88.432,206.28,97.062,123.373,142.139
Index,1982-03-31,76.256,56.09,80.126,70.043,114.601,97.056,87.711,207.023,95.392,123.373,142.139
Index,1982-04-30,75.684,55.917,80.208,69.956,114.053,95.957,87.442,207.206,96.669,123.28,142.005
Index,1982-05-31,75.254,55.917,80.859,69.033,113.944,94.943,87.083,208.32,95.489,122.621,141.87
Index,1982-06-30,75.183,56.003,80.695,69.869,113.616,95.535,86.722,207.206,94.802,122.81,141.469
Index,1982-07-31,75.183,56.09,80.615,69.235,107.473,95.451,86.363,207.023,95.686,122.434,141.334
Index,1982-08-31,74.896,56.09,80.451,70.214,103.963,95.874,86.183,206.28,95.294,122.716,141.067
Index,1982-09-30,74.681,56.264,80.37,69.926,101.221,95.705,85.373,206.28,98.339,122.621,141.067
Index,1982-10-31,75.183,56.264,80.534,70.415,95.957,96.634,84.744,206.651,98.339,122.81,141.067
Index,1982-11-30,73.395,56.264,80.208,71.107,97.714,96.55,84.293,205.725,97.16,122.621,139.992
Index,1982-12-31,73.252,56.436,79.231,69.38,97.604,95.028,83.934,207.023,97.946,121.682,139.858
Index,1983-01-31,72.321,56.264,78.743,64.797,96.178,93.844,82.494,205.539,99.027,118.486,138.651
Index,1983-02-28,70.82,59.466,83.218,64.683,95.3,93.759,82.315,204.242,99.42,118.863,139.322
Index,1983-03-31,70.533,59.38,88.017,64.77,94.204,93.675,82.225,203.871,96.669,119.145,139.724
Index,1983-04-30,71.462,59.38,91.596,61.83,102.209,89.87,82.404,202.758,97.16,118.111,140.262
Index,1983-05-31,71.177,59.38,88.667,61.456,104.842,90.04,82.404,202.387,96.865,117.359,139.59
Index,1983-06-30,71.248,59.466,90.051,61.744,100.674,90.04,82.225,202.387,96.472,117.642,139.724
Index,1983-07-31,71.032,59.466,91.759,62.521,106.048,89.617,82.315,203.316,96.963,118.394,140.396
Index,1983-08-31,71.748,58.686,92.247,62.608,127.761,89.701,82.404,204.055,96.768,118.769,140.932
Index,1983-09-30,72.536,58.773,89.319,62.81,143.882,90.546,82.404,203.687,96.571,118.676,140.396
Index,1983-10-31,72.394,58.686,89.074,62.896,142.347,90.546,82.225,204.613,96.374,118.676,140.396
Index,1983-11-30,73.252,58.6,91.434,61.283,140.154,90.377,82.584,204.242,95.883,118.3,141.2
Index,1983-12-31,73.252,58.6,92.736,61.37,142.566,90.293,82.225,204.613,96.08,118.486,141.469
Index,1984-01-31,72.822,58.947,93.386,60.735,161.977,89.617,81.595,207.206,95.195,118.3,141.736
Index,1984-02-29,72.464,58.947,94.117,60.189,172.176,89.448,81.595,209.432,95.589,118.486,142.273
Index,1984-03-31,72.394,64.573,94.606,59.006,180.182,89.279,81.775,210.358,95.883,118.394,143.211
Index,1984-04-30,72.679,64.573,92.979,59.295,182.706,89.279,81.415,210.358,95.097,118.206,142.54
Index,1984-05-31,72.965,64.573,91.109,60.159,190.6,89.531,81.595,210.174,95.489,118.486,142.407
Index,1984-06-30,72.965,64.746,87.855,60.562,183.582,89.701,81.055,208.874,95.489,118.018,141.2
Index,1984-07-31,72.178,65.178,87.284,60.707,165.048,90.124,81.055,208.874,94.802,117.735,140.663
Index,1984-08-31,72.822,65.178,87.284,60.995,161.428,89.531,81.325,207.577,94.901,117.924,140.529
Index,1984-09-30,72.464,65.178,87.284,61.254,152.985,88.602,80.785,205.91,94.802,117.454,139.858
Index,1984-10-31,72.178,65.092,84.438,61.514,155.069,88.094,80.785,204.613,94.802,116.983,138.785
Index,1984-11-30,71.535,65.006,82.73,60.88,152.655,88.01,80.245,205.725,94.901,116.231,138.25
Index,1984-12-31,70.962,65.006,82.241,61.082,147.94,87.419,80.065,205.168,94.311,116.044,137.713
Index,1985-01-31,72.249,64.485,83.38,63.962,147.064,87.081,78.716,207.577,91.953,117.735,137.847
Index,1985-02-28,71.462,64.573,82.73,65.576,142.019,87.419,78.446,208.32,92.151,118.769,137.713
Index,1985-03-31,70.962,64.66,84.438,65.403,146.077,87.671,77.997,209.061,91.953,118.769,137.847
Index,1985-04-30,70.748,64.918,84.52,63.818,150.682,87.419,77.727,208.32,92.739,117.548,137.713
Index,1985-05-31,70.676,65.006,81.753,60.936,162.197,87.419,77.277,206.651,92.839,115.668,137.444
Index,1985-06-30,70.962,65.178,81.916,60.189,149.147,87.757,77.727,204.055,92.445,114.447,136.372
Index,1985-07-31,70.39,65.265,80.451,59.9,135.219,88.094,76.916,204.242,92.641,113.882,135.702
Index,1985-08-31,69.746,65.353,79.638,60.303,116.137,88.264,77.096,205.354,92.839,113.978,135.166
Index,1985-09-30,69.674,65.439,78.011,61.628,106.926,87.333,77.006,201.832,94.41,114.165,134.093
Index,1985-10-31,68.673,65.698,75.246,59.382,94.094,86.403,76.826,199.794,94.999,112.004,132.751
Index,1985-11-30,68.601,65.611,74.189,59.382,88.61,86.151,76.467,200.906,95.294,112.004,132.617
Index,1985-12-31,68.673,65.698,74.514,59.64,89.708,85.897,76.106,199.423,95.686,111.816,132.214
Index,1986-01-31,68.958,65.698,74.839,56.558,88.61,86.32,74.488,201.091,95.589,109.748,132.081
Index,1986-02-28,68.601,65.784,76.221,45.926,86.746,85.981,74.937,202.945,96.276,103.171,132.751
Index,1986-03-31,69.388,65.87,75.897,35.237,78.192,85.981,75.747,209.246,97.062,97.345,134.764
Index,1986-04-30,70.605,66.218,75.571,33.681,73.477,85.897,76.557,209.246,97.75,96.594,135.166
Index,1986-05-31,70.39,66.304,76.628,30.282,75.012,86.659,77.367,214.991,99.027,95.749,137.713
Index,1986-06-30,70.319,66.218,76.547,27.487,74.902,86.489,77.997,216.103,99.322,94.151,138.115
Index,1986-07-31,70.104,66.304,76.547,22.243,71.284,87.842,78.716,219.625,100.009,91.427,139.59
Index,1986-08-31,70.032,66.477,76.303,25.555,64.375,87.419,78.446,220.738,100.697,93.681,139.59
Index,1986-09-30,69.961,66.564,77.36,30.425,60.974,87.419,78.536,219.068,101.483,96.594,139.322
Index,1986-10-31,71.39,66.736,78.174,30.253,64.702,87.588,78.626,220.367,101.58,97.063,139.992
Index,1986-11-30,71.177,66.823,77.605,31.261,79.947,87.419,78.716,218.328,101.188,97.535,139.858
Index,1986-12-31,71.032,66.736,77.036,32.875,79.18,87.588,78.986,221.106,101.188,99.037,140.663
Index,1987-01-31,71.177,67.083,78.581,41.633,85.101,87.671,79.255,219.81,101.58,104.862,140.932
Index,1987-02-28,70.39,67.257,77.443,39.788,82.908,87.757,79.345,218.883,101.089,103.36,140.262
Index,1987-03-31,70.032,69.593,76.141,38.492,87.733,88.772,79.345,216.658,101.483,102.42,139.992
Index,1987-04-30,69.961,69.765,76.954,41.145,84.224,90.632,80.065,220.551,102.759,104.956,141.736
Index,1987-05-31,70.319,70.112,77.443,41.864,85.321,92.237,80.695,219.254,103.35,105.709,142.005
Index,1987-06-30,70.175,70.112,78.662,42.641,87.186,92.153,81.055,218.883,103.056,106.178,142.005
Index,1987-07-31,70.175,70.026,79.964,44.025,83.236,93.336,81.325,219.068,103.056,107.212,142.273
Index,1987-08-31,70.032,69.94,80.126,43.046,81.373,94.69,81.865,217.771,102.956,106.461,142.139
Index,1987-09-30,70.319,70.112,81.591,40.654,84.114,95.195,82.225,219.625,103.252,105.615,143.211
Index,1987-10-31,71.748,70.112,81.753,40.682,87.294,95.282,82.944,220.367,103.84,106.084,144.149
Index,1987-11-30,72.249,70.198,81.51,38.753,87.186,96.464,83.303,220.367,103.84,104.862,144.553
Index,1987-12-31,73.537,70.719,81.997,35.093,93.874,96.634,83.303,218.328,104.528,102.608,144.553
Index,1988-01-31,72.751,70.545,82.648,35.093,106.815,99.339,85.373,223.332,105.118,104.205,147.369
Index,1988-02-29,73.681,70.458,82.241,34.689,105.279,98.494,85.643,220.923,105.019,103.735,146.831
Index,1988-03-31,72.106,70.458,82.567,33.249,98.261,99.508,85.913,221.848,105.412,102.701,146.965
Index,1988-04-30,71.535,70.112,85.089,35.237,98.042,101.876,86.812,223.887,105.806,104.769,148.308
Index,1988-05-31,72.679,70.198,86.878,36.619,99.028,103.229,87.083,220.738,106.297,105.519,147.904
Index,1988-06-30,72.894,70.198,89.888,34.344,104.951,103.905,87.621,222.22,106.1,104.675,148.977
Index,1988-07-31,75.684,70.286,88.18,31.203,112.957,105.935,88.882,225.371,106.198,103.83,151.122
Index,1988-08-31,75.183,70.286,88.586,31.261,110.215,106.44,89.152,222.774,105.806,103.36,150.452
Index,1988-09-30,75.183,70.372,86.309,29.302,104.622,106.863,89.601,224.999,105.706,102.42,150.988
Index,1988-10-31,75.397,70.372,83.38,25.037,102.759,105.595,89.781,223.702,105.51,99.319,150.318
Index,1988-11-30,76.042,70.198,82.73,27.313,101.662,105.426,89.871,222.961,105.903,100.635,150.318
Index,1988-12-31,76.613,70.198,84.276,30.022,101.989,105.089,89.871,220.551,105.806,102.139,149.648
Index,1989-01-31,75.326,70.198,85.251,33.278,95.957,102.806,90.771,219.254,105.706,104.017,149.111
Index,1989-02-28,74.896,70.198,84.844,32.067,94.204,102.298,92.03,219.81,104.627,103.36,149.38
Index,1989-03-31,75.111,72.277,83.95,34.344,93.217,102.128,92.391,220.923,104.528,104.956,149.916
Index,1989-04-30,75.469,74.7,84.276,38.406,91.682,101.453,93.379,218.883,104.037,107.682,149.514
Index,1989-05-31,75.684,75.566,81.428,37.513,91.572,100.607,93.379,219.068,104.037,106.929,149.514
Index,1989-06-30,76.113,76.344,79.964,36.85,90.914,99.593,92.84,218.142,103.35,106.084,148.843
Index,1989-07-31,76.9,76.344,80.126,36.044,87.294,97.056,93.56,218.142,103.447,105.615,148.843
Index,1989-08-31,77.4,76.344,78.824,35.439,83.458,96.381,93.2,218.142,103.447,104.956,148.441
Index,1989-09-30,77.543,76.344,78.988,36.389,77.974,95.195,93.289,218.142,103.252,105.519,148.173
Index,1989-10-31,77.4,76.344,77.605,37.426,76.876,94.097,93.2,219.81,103.056,106.273,148.441
Index,1989-11-30,77.901,75.479,77.849,38.118,78.302,93.591,93.92,218.142,103.35,106.553,148.308
Index,1989-12-31,76.042,75.392,77.443,39.213,74.464,93.591,93.379,216.658,103.35,106.929,147.233
Index,1990-01-31,74.324,76.085,79.638,38.78,74.024,92.237,94.188,219.254,102.759,107.588,146.43
Index,1990-02-28,74.324,75.999,79.882,37.224,71.174,92.153,93.74,217.771,102.662,106.273,145.758
Index,1990-03-31,74.324,76.171,79.964,36.505,72.38,92.323,93.74,217.216,102.464,105.709,145.491
Index,1990-04-30,74.968,76.692,80.208,34.43,72.051,92.237,93.65,215.361,101.58,104.205,145.223
Index,1990-05-31,75.183,76.518,80.126,32.096,73.367,92.153,93.379,212.951,102.268,102.514,145.893
Index,1990-06-30,75.039,76.431,79.964,29.129,72.6,92.153,92.84,212.025,101.876,100.635,145.758
Index,1990-07-31,74.826,76.344,80.045,30.338,70.845,91.73,92.84,209.246,101.876,100.54,145.624
Index,1990-08-31,73.537,76.171,80.045,45.004,70.296,91.222,92.391,208.135,101.974,108.057,145.088
Index,1990-09-30,72.751,76.257,80.045,55.376,70.625,91.815,91.94,206.836,101.58,113.413,143.48
Index,1990-10-31,72.751,75.912,79.72,61.628,69.419,94.773,91.94,205.91,101.483,116.796,143.613
Index,1990-11-30,73.109,75.912,80.289,56.384,72.161,96.55,91.581,204.613,101.58,113.882,143.211
Index,1990-12-31,72.894,76.605,81.51,50.624,74.683,96.634,91.491,205.354,101.58,110.877,143.346
Index,1991-01-31,71.82,78.768,80.045,52.525,76.876,98.916,93.2,205.168,101.974,112.379,143.747
Index,1991-02-28,71.105,78.335,79.72,43.738,80.057,98.747,93.02,203.871,101.777,107.306,143.211
Index,1991-03-31,71.39,79.46,80.045,34.602,81.263,98.409,92.84,203.316,101.58,102.325,143.077
Index,1991-04-30,71.748,79.547,80.045,34.776,78.851,95.195,93.02,204.798,101.089,102.42,143.077
Index,1991-05-31,72.106,79.634,79.557,35.784,78.412,94.266,92.84,205.539,100.598,102.889,142.943
Index,1991-06-30,71.678,81.019,79.313,35.871,76.656,93.591,92.75,204.055,100.5,102.514,142.139
Index,1991-07-31,71.39,80.846,78.988,35.323,77.644,92.068,92.66,204.242,99.714,102.043,141.87
Index,1991-08-31,71.39,80.759,78.256,35.352,78.851,91.139,91.581,202.387,99.812,101.292,140.663
Index,1991-09-30,71.606,81.537,77.605,35.497,77.974,90.463,91.581,200.906,99.223,101.01,140.128
Index,1991-10-31,71.39,81.537,77.198,37.513,79.07,90.04,91.13,202.387,99.223,102.325,140.396
Index,1991-11-30,71.748,81.712,76.792,37.311,79.29,89.87,90.411,201.091,99.322,101.857,139.724
Index,1991-12-31,71.606,81.625,76.466,33.422,80.166,89.701,89.96,200.72,99.124,99.507,139.455
Index,1992-01-31,71.892,81.712,75.653,31.059,81.812,88.179,89.422,201.461,98.339,98.097,139.322
Index,1992-02-29,72.178,81.365,75.653,30.656,83.895,88.179,89.422,200.348,97.946,97.627,138.785
Index,1992-03-31,71.535,82.404,75.083,31.001,86.856,88.179,89.332,200.906,97.847,98.003,138.92
Index,1992-04-30,71.177,82.317,75.164,32.817,88.063,88.602,89.152,202.203,97.75,99.131,139.455
Index,1992-05-31,71.32,82.317,74.92,34.516,87.186,88.35,88.972,199.609,97.455,99.507,138.25
Index,1992-06-30,71.032,82.144,75.001,35.611,88.392,88.264,88.882,197.754,97.553,99.694,137.713
Index,1992-07-31,71.248,82.23,74.107,36.246,86.088,88.179,88.252,196.272,97.847,99.601,136.908
Index,1992-08-31,71.105,82.058,74.269,35.497,84.224,88.01,88.252,195.161,97.75,98.944,136.506
Index,1992-09-30,70.82,81.712,73.293,35.583,82.798,87.757,87.711,195.346,97.75,98.944,136.238
Index,1992-10-31,71.105,83.183,73.618,36.246,82.58,87.588,87.442,193.123,98.83,98.848,135.702
Index,1992-11-30,71.32,83.702,73.862,35.524,84.991,87.671,87.352,193.123,98.929,98.567,135.836
Index,1992-12-31,71.606,83.876,74.189,32.356,84.334,87.757,87.352,193.677,98.339,96.876,135.97
Index,1993-01-31,69.889,83.876,75.083,31.433,86.308,85.897,87.263,193.493,97.455,96.031,135.166
Index,1993-02-28,68.816,84.134,75.408,31.261,86.527,85.813,87.173,194.232,97.16,96.031,135.299
Index,1993-03-31,67.958,86.039,75.408,31.809,87.186,86.573,86.902,196.087,97.357,96.688,135.97
Index,1993-04-30,68.029,85.953,75.246,32.644,86.746,86.403,87.263,195.716,97.847,97.158,136.105
Index,1993-05-31,68.029,85.867,76.628,33.164,83.675,86.32,87.352,194.603,98.045,97.252,135.702
Index,1993-06-30,68.029,85.953,77.117,32.558,82.58,85.644,87.173,197.754,98.045,97.44,136.641
Index,1993-07-31,68.958,86.125,76.466,30.08,79.618,85.39,87.621,197.942,98.436,96.312,136.775
Index,1993-08-31,69.103,85.606,76.466,29.013,78.631,84.967,87.621,198.125,98.339,95.749,136.775
Index,1993-09-30,69.532,85.606,76.221,28.582,79.18,83.953,86.902,197.754,97.651,95.09,136.238
Index,1993-10-31,69.674,86.125,75.49,29.445,77.644,84.375,86.363,196.272,97.357,95.185,135.568
Index,1993-11-30,70.032,86.731,75.246,28.582,77.206,84.46,86.632,195.716,97.847,94.715,135.702
Index,1993-12-31,70.605,86.731,74.92,25.383,80.276,84.46,86.632,195.346,97.847,93.023,135.702
Index,1994-01-31,70.82,86.906,75.246,25.931,82.908,83.783,86.453,195.346,97.651,93.211,135.568
Index,1994-02-28,70.605,86.731,75.571,26.218,84.771,83.698,86.543,194.974,97.357,93.399,135.299
Index,1994-03-31,69.603,86.818,76.303,25.123,85.978,83.698,86.722,193.862,97.357,92.459,134.898
Index,1994-04-30,68.958,86.731,76.06,27.199,88.063,83.783,86.722,193.677,97.553,93.587,134.898
Index,1994-05-31,69.674,86.645,76.06,28.265,93.547,81.5,86.453,192.565,97.062,93.775,134.228
Index,1994-06-30,70.104,86.645,76.792,28.753,99.358,81.247,86.812,192.009,96.865,93.963,134.228
Index,1994-07-31,71.105,86.645,78.418,30.627,99.467,82.6,86.993,191.268,96.963,95.09,134.361
Index,1994-08-31,70.89,86.212,78.824,31.001,104.842,83.108,86.812,190.526,96.865,95.185,134.228
Index,1994-09-30,71.606,86.039,78.418,28.206,107.144,84.121,86.902,190.897,96.768,93.868,134.629
Index,1994-10-31,71.462,86.731,79.07,28.582,109.117,85.474,86.722,189.599,97.16,93.963,134.495
Index,1994-11-30,71.32,86.731,78.581,29.445,118.112,85.981,86.902,189.229,96.768,94.527,134.495
Index,1994-12-31,71.462,86.472,80.695,28.84,120.304,85.558,87.173,188.675,96.571,94.151,134.361
Index,1995-01-31,71.949,84.715,81.745,29.311,114.624,84.426,88.62,189.192,99.93,95.231,135.823
Index,1995-02-28,71.864,85.355,82.217,30.215,111.486,84.587,88.782,188.692,99.714,95.475,135.608
Index,1995-03-31,70.725,86.177,81.738,30.134,112.398,84.501,89.089,187.636,99.409,95.119,135.072
Index,1995-04-30,70.491,85.476,82.046,30.289,116.522,85.753,88.972,186.06,98.978,94.799,134.455
Index,1995-05-31,70.725,85.659,81.973,30.327,108.669,86.767,89.322,185.244,98.889,94.677,134.228
Index,1995-06-30,71.485,85.736,81.477,29.175,109.37,86.954,89.555,185.578,98.555,94.329,134.442
Index,1995-07-31,71.778,86.446,80.557,27.316,107.111,86.412,90.492,184.67,97.376,93.277,133.986
Index,1995-08-31,71.885,86.368,80.615,26.718,108.064,85.955,91.095,184.28,97.346,92.967,133.891
Index,1995-09-30,72.064,87.892,80.736,27.147,107.386,84.629,91.382,184.931,97.621,93.296,134.146
Index,1995-10-31,71.521,87.234,80.94,27.241,106.201,82.845,91.248,183.243,96.807,92.629,132.98
Index,1995-11-30,71.899,88.376,81.07,27.93,107.43,81.213,90.734,182.558,97.298,92.619,132.483
Index,1995-12-31,72.028,89.26,81.022,29.945,106.728,80.486,90.24,182.0,96.955,93.165,132.014
Index,1996-01-31,72.0,88.394,80.688,31.473,104.238,80.587,90.168,181.0,95.274,93.352,131.277
Index,1996-02-29,72.057,88.567,80.704,30.641,101.321,80.401,89.898,179.664,95.087,92.563,130.565
Index,1996-03-31,71.485,88.991,81.778,30.715,100.564,80.629,89.539,178.256,94.655,92.131,129.802
Index,1996-04-30,72.0,88.791,83.845,31.232,100.126,81.053,89.385,174.996,94.871,91.538,128.474
Index,1996-05-31,73.03,88.809,83.812,31.365,101.706,80.985,89.026,173.864,95.51,91.341,128.059
Index,1996-06-30,73.672,87.632,83.365,30.215,101.662,80.731,88.765,173.291,95.176,90.637,127.696
Index,1996-07-31,73.351,86.792,82.656,29.938,99.447,78.897,88.35,170.955,94.311,89.584,126.155
Index,1996-08-31,73.438,88.713,82.241,30.789,98.842,78.643,88.108,170.752,93.672,89.782,125.9
Index,1996-09-30,73.509,88.48,84.911,32.7,99.938,78.28,87.918,169.897,93.849,90.345,125.524
Index,1996-10-31,73.452,87.406,84.682,34.981,99.6,79.243,87.452,167.395,94.125,90.646,124.451
Index,1996-11-30,73.266,87.268,84.284,36.064,99.271,79.048,86.839,166.803,93.211,90.741,123.874
Index,1996-12-31,73.122,86.818,82.615,37.06,98.8,79.04,86.803,165.135,93.889,90.741,123.178
Index,1997-01-31,73.523,86.083,83.087,37.044,98.569,77.502,86.389,162.781,92.041,89.763,121.608
Index,1997-02-28,73.416,88.039,82.665,33.935,100.728,78.077,86.336,162.448,92.003,88.419,121.529
Index,1997-03-31,73.044,88.168,83.015,33.039,101.134,78.618,86.561,161.781,92.257,87.95,121.381
Index,1997-04-30,72.672,88.446,82.559,32.137,101.397,78.55,86.31,160.742,92.425,87.254,120.858
Index,1997-05-31,72.744,88.704,82.404,32.02,101.639,78.482,86.326,159.26,93.505,86.907,120.361
Index,1997-06-30,72.543,88.939,82.518,30.771,100.904,78.212,86.345,157.981,93.23,85.985,119.705
Index,1997-07-31,73.33,87.614,81.843,29.676,99.49,78.33,86.299,155.925,93.889,85.045,118.915
Index,1997-08-31,73.981,88.185,81.664,30.696,98.317,78.255,86.858,157.705,93.79,86.033,119.826
Index,1997-09-30,74.03,88.195,81.485,31.76,98.129,78.922,86.983,159.612,94.38,87.113,120.871
Index,1997-10-31,74.153,87.406,81.29,33.996,98.952,79.26,87.452,159.148,91.266,87.714,120.334
Index,1997-11-30,74.61,88.022,80.582,34.358,101.486,80.038,87.649,161.725,91.442,88.692,121.688
Index,1997-12-31,75.619,89.355,80.192,32.363,102.68,80.241,88.476,163.839,92.337,88.682,123.03
Index,1998-01-31,76.977,90.41,79.89,28.803,108.23,80.782,89.718,165.599,93.76,88.091,124.493
Index,1998-02-28,76.628,90.402,79.761,26.769,109.71,79.513,88.962,164.931,93.565,86.84,123.835
Index,1998-03-31,75.991,89.536,78.191,24.259,108.834,78.221,86.875,161.967,92.129,84.445,121.623
Index,1998-04-30,75.411,89.414,76.864,25.326,109.832,76.919,86.569,160.225,91.481,84.191,120.481
Index,1998-05-31,75.397,90.073,75.969,26.623,113.747,77.07,86.13,160.28,91.59,84.717,120.455
Index,1998-06-30,75.247,91.025,74.839,25.183,117.189,77.231,85.921,161.595,91.56,84.464,121.019
Index,1998-07-31,74.983,92.686,74.082,25.159,116.718,76.41,85.759,161.113,91.816,84.256,120.697
Index,1998-08-31,75.598,93.041,72.48,25.112,118.132,76.259,86.416,162.076,92.573,84.651,121.381
Index,1998-09-30,75.254,92.592,71.731,25.989,120.315,76.275,85.85,162.04,93.221,84.98,121.327
Index,1998-10-31,74.238,91.882,70.17,27.006,119.515,75.811,83.754,159.798,91.245,84.248,119.437
Index,1998-11-30,73.388,91.302,69.291,25.262,119.11,76.335,83.178,158.185,91.05,82.979,118.552
Index,1998-12-31,73.416,92.055,69.113,22.205,119.614,76.25,83.16,158.611,90.883,81.804,118.712
Index,1999-01-31,74.432,91.718,68.25,23.12,119.262,76.326,82.557,158.834,90.902,82.208,118.739
Index,1999-02-28,74.346,88.964,68.437,23.283,118.659,77.105,82.504,159.742,91.216,82.584,119.235
Index,1999-03-31,73.808,91.068,68.836,24.491,113.967,77.392,82.315,159.112,91.708,82.931,118.994
Index,1999-04-30,74.303,91.493,66.77,29.366,110.148,77.713,82.027,159.742,92.101,85.149,119.29
Index,1999-05-31,76.67,90.747,66.965,31.377,108.307,78.28,82.18,158.352,91.56,85.703,118.833
Index,1999-06-30,76.492,91.215,67.282,30.769,105.214,78.609,82.008,157.907,91.717,85.338,118.632
Index,1999-07-31,76.091,89.942,67.485,33.388,99.347,78.997,81.999,156.314,91.197,85.928,117.814
Index,1999-08-31,75.575,90.16,67.526,37.012,95.387,79.886,81.999,155.182,90.382,87.085,117.237
Index,1999-09-30,75.534,89.234,68.543,40.175,95.913,80.841,82.324,156.221,90.47,88.814,117.907
Index,1999-10-31,75.977,90.341,68.827,42.273,97.878,82.913,82.414,156.536,90.803,90.007,118.431
Index,1999-11-30,75.504,89.926,69.129,43.504,96.342,83.698,82.377,155.702,91.069,90.345,118.148
Index,1999-12-31,75.733,90.886,68.275,44.526,95.696,83.233,82.341,156.684,90.99,90.993,118.511
Index,2000-01-31,73.891,90.039,68.55,44.194,94.774,82.203,82.981,158.234,91.403,91.538,119.121
Index,2000-02-29,73.562,89.832,69.659,47.124,95.406,82.726,83.498,158.172,92.189,92.785,119.346
Index,2000-03-31,73.078,90.091,69.587,51.596,96.388,85.118,83.591,158.757,92.386,94.863,119.968
Index,2000-04-30,73.079,91.104,70.445,48.58,94.111,84.924,83.895,159.284,91.844,93.866,120.192
Index,2000-05-31,73.303,91.215,70.691,49.611,91.026,83.921,83.954,158.916,91.958,94.077,119.907
Index,2000-06-30,73.772,91.156,70.618,51.776,90.133,83.467,84.186,159.554,92.041,95.09,120.224
Index,2000-07-31,74.043,91.681,70.336,52.525,88.923,84.937,84.496,160.762,92.05,95.905,121.069
Index,2000-08-31,74.194,91.158,70.484,52.364,86.345,84.714,84.389,158.484,91.478,95.073,119.842
Index,2000-09-30,74.108,91.044,70.125,59.128,84.735,86.179,84.616,158.828,91.616,97.877,120.24
Index,2000-10-31,74.257,91.542,70.339,60.832,83.343,86.255,84.519,158.68,90.336,98.376,120.013
Index,2000-11-30,74.669,92.729,70.899,58.486,80.723,84.879,84.38,159.583,89.982,97.627,120.23
Index,2000-12-31,74.862,90.264,70.985,52.062,77.626,83.242,84.171,158.392,90.122,94.678,119.394
Index,2001-01-31,74.839,92.883,70.352,48.035,76.786,83.257,83.006,160.642,91.078,93.807,120.425
Index,2001-02-28,74.861,92.854,70.155,48.658,73.493,84.275,82.627,160.513,90.906,94.026,120.402
Index,2001-03-31,75.221,93.702,69.82,48.916,74.334,83.786,82.843,161.114,91.313,94.336,120.739
Index,2001-04-30,75.455,93.333,69.311,50.439,76.581,83.924,82.844,162.866,92.78,95.578,121.802
Index,2001-05-31,75.982,92.94,69.597,52.442,75.205,84.355,82.392,162.22,93.333,96.188,121.568
Index,2001-06-30,75.713,92.985,69.703,51.62,76.283,83.642,81.808,161.55,93.815,95.589,121.107
Index,2001-07-31,75.005,93.549,69.773,48.909,78.954,81.955,80.806,162.255,93.467,94.492,120.993
Index,2001-08-31,74.234,93.216,69.445,48.262,83.551,80.304,79.81,161.558,92.187,93.675,120.078
Index,2001-09-30,73.83,91.153,71.486,48.636,83.123,79.856,78.977,159.222,91.744,92.942,118.69
Index,2001-10-31,73.719,92.213,70.607,45.393,81.51,80.201,79.079,159.799,93.553,92.065,119.24
Index,2001-11-30,74.072,92.055,70.345,40.626,84.466,78.95,79.359,159.925,94.176,90.293,119.283
Index,2001-12-31,73.998,93.273,69.907,38.614,87.809,77.783,79.288,159.939,94.076,89.432,119.12
Index,2002-01-31,74.015,93.727,69.068,38.783,90.768,77.074,79.459,157.272,92.206,88.496,117.529
Index,2002-02-28,74.68,93.924,69.186,38.984,91.454,77.386,79.268,157.343,92.384,88.643,117.641
Index,2002-03-31,73.55,93.914,68.569,43.543,91.714,78.929,78.929,156.9,92.225,90.265,117.486
Index,2002-04-30,73.009,93.403,69.199,47.998,93.643,81.056,79.065,155.15,92.695,91.634,116.99
Index,2002-05-31,72.383,94.446,68.901,49.241,92.457,81.128,78.869,153.854,92.628,91.667,116.297
Index,2002-06-30,72.922,93.732,68.889,48.044,95.116,80.048,78.98,151.774,92.45,90.51,115.174
Index,2002-07-31,72.705,94.661,68.144,47.735,97.042,78.613,78.982,151.336,91.537,90.061,114.645
Index,2002-08-31,72.823,94.075,68.084,48.837,100.138,79.239,79.228,150.459,91.394,90.285,114.341
Index,2002-09-30,72.777,94.398,68.062,51.402,98.934,80.098,79.603,150.275,91.166,91.287,114.394
Index,2002-10-31,73.156,95.639,68.254,52.923,98.199,80.755,80.004,148.801,91.944,91.59,113.963
Index,2002-11-30,73.009,95.113,67.935,50.089,100.899,80.341,79.917,150.06,91.588,90.827,114.451
Index,2002-12-31,73.113,94.947,67.866,51.81,104.118,80.224,79.778,149.287,91.731,91.239,114.073
Index,2003-01-31,74.3,96.507,68.184,55.892,104.149,81.058,79.796,147.207,91.467,92.253,113.236
Index,2003-02-28,74.026,96.352,68.652,61.28,104.648,83.142,80.124,147.493,92.023,94.624,113.773
Index,2003-03-31,73.54,97.43,68.326,61.978,103.722,85.728,80.786,148.228,91.694,95.352,114.514
Index,2003-04-30,74.079,97.67,68.508,55.032,102.395,85.321,81.391,149.054,92.074,93.058,115.034
Index,2003-05-31,74.751,97.632,68.854,51.402,101.284,80.716,81.522,148.036,91.94,91.016,113.963
Index,2003-06-30,75.244,97.659,69.684,51.508,101.637,80.201,81.596,148.202,91.703,91.078,114.0
Index,2003-07-31,75.105,98.907,69.473,52.861,101.39,81.349,82.201,147.006,92.173,91.421,113.73
Index,2003-08-31,75.374,98.641,69.635,54.907,100.809,82.03,82.256,147.224,92.56,92.361,113.999
Index,2003-09-30,75.571,98.926,69.836,52.684,99.724,82.905,82.65,146.073,92.844,91.315,113.671
Index,2003-10-31,75.946,99.125,70.216,53.487,101.71,82.465,82.98,145.953,92.603,91.583,113.614
Index,2003-11-30,76.076,98.608,70.673,54.046,104.458,82.735,83.41,146.565,93.685,92.148,114.175
Index,2003-12-31,76.399,99.575,70.673,55.1,109.075,83.718,83.744,145.822,92.532,92.374,113.903
Index,2004-01-31,77.372,99.741,71.865,57.708,109.89,84.971,85.112,144.808,93.319,93.407,113.982
Index,2004-02-29,76.796,99.541,73.124,57.329,113.051,87.041,87.095,144.458,92.335,93.457,114.289
Index,2004-03-31,76.814,100.306,73.147,58.193,115.796,87.982,89.285,144.441,92.78,94.125,114.833
Index,2004-04-30,77.272,100.035,74.747,59.564,117.373,88.545,90.722,142.64,92.239,94.282,114.259
Index,2004-05-31,77.882,100.437,74.835,65.611,117.784,88.649,91.523,143.258,92.692,96.902,114.8
Index,2004-06-30,78.129,100.216,74.849,65.17,112.405,90.181,91.746,143.353,93.266,96.958,115.151
Index,2004-07-31,78.875,99.92,75.263,66.664,109.89,91.526,92.688,143.186,93.192,97.697,115.431
Index,2004-08-31,78.837,99.525,75.571,71.798,108.479,94.565,93.533,143.276,93.422,100.018,116.043
Index,2004-09-30,80.863,98.788,74.29,70.193,108.026,98.462,93.786,142.392,93.035,99.524,116.219
Index,2004-10-31,81.442,99.369,74.933,75.714,104.604,100.16,94.49,141.726,92.31,101.583,116.182
Index,2004-11-30,80.75,99.046,76.373,71.866,102.079,100.527,94.347,141.133,92.565,99.97,115.926
Index,2004-12-31,80.791,99.203,76.96,66.616,101.537,98.915,94.666,140.749,92.725,97.789,115.605
Index,2005-01-31,80.276,99.221,79.253,68.155,100.167,95.954,95.882,139.84,92.736,97.967,114.965
Index,2005-02-28,80.53,99.257,80.282,70.259,97.878,96.447,96.425,139.321,92.403,98.688,114.849
Index,2005-03-31,80.132,100.747,81.654,82.448,98.408,99.25,96.589,138.707,92.366,103.362,114.968
Index,2005-04-30,80.837,101.977,83.168,87.349,100.643,100.797,97.566,138.615,92.73,105.496,115.421
Index,2005-05-31,80.791,100.919,83.198,85.212,100.899,98.498,97.787,138.724,92.348,104.514,115.141
Index,2005-06-30,81.069,101.952,83.8,92.259,101.041,96.073,98.127,138.966,92.542,107.112,115.046
Index,2005-07-31,81.374,102.23,84.017,95.144,100.701,97.657,98.252,139.553,93.249,108.596,115.675
Index,2005-08-31,81.403,101.992,85.167,99.673,99.948,98.594,97.714,138.578,92.651,109.998,115.184
Index,2005-09-30,81.364,101.918,87.106,105.088,100.1,100.172,97.924,139.261,93.638,112.501,115.917
Index,2005-10-31,81.587,102.355,86.985,103.368,100.763,102.089,98.038,138.691,93.483,111.85,115.916
Index,2005-11-30,81.779,101.949,89.525,95.416,101.2,101.012,98.427,138.74,94.741,108.946,116.071
Index,2005-12-31,81.479,102.113,90.012,96.138,99.377,99.385,98.15,138.224,94.712,108.884,115.536
Index,2006-01-31,81.92,103.001,87.12,100.664,102.862,100.857,97.662,138.977,94.826,111.048,115.823
Index,2006-02-28,81.406,103.006,90.192,101.405,101.693,101.62,97.823,137.908,94.326,111.013,115.443
Index,2006-03-31,80.503,102.776,90.587,104.84,100.977,101.429,98.144,136.709,94.126,111.633,114.819
Index,2006-04-30,80.941,102.14,92.253,111.518,99.828,101.869,99.075,135.695,94.331,113.548,114.629
Index,2006-05-31,81.646,101.291,96.769,110.293,99.453,102.829,100.436,134.956,94.904,113.301,114.813
Index,2006-06-30,82.293,100.793,95.709,112.312,99.384,106.116,101.066,136.019,93.378,114.674,115.902
Index,2006-07-31,81.648,101.277,98.846,116.253,100.963,107.683,102.759,134.952,95.365,116.1,116.217
Index,2006-08-31,82.134,101.38,100.288,114.371,100.428,107.881,103.083,134.792,94.773,115.506,116.193
Index,2006-09-30,81.667,101.225,100.895,101.503,100.396,108.628,103.461,134.867,94.115,111.652,116.324
Index,2006-10-31,81.494,101.242,103.78,93.56,101.29,107.855,103.751,133.811,94.277,108.823,115.755
Index,2006-11-30,81.099,100.313,104.064,90.904,101.387,105.922,103.444,132.395,94.319,107.24,114.641
Index,2006-12-31,81.249,100.473,102.398,92.509,102.787,105.324,103.381,131.819,93.642,107.401,114.165
Index,2007-01-31,82.456,99.755,106.017,85.854,105.498,106.076,103.723,130.284,94.163,105.141,113.846
Index,2007-02-28,82.877,99.97,116.746,91.143,105.665,105.775,105.393,129.075,94.347,106.578,113.581
Index,2007-03-31,82.757,99.735,119.171,97.116,106.395,106.17,108.357,128.656,93.99,108.576,113.822
Index,2007-04-30,84.671,100.069,120.712,102.916,108.84,106.51,109.11,127.362,92.597,110.041,113.37
Index,2007-05-31,84.858,100.47,121.201,105.337,107.786,107.326,110.381,127.463,93.306,111.118,113.856
Index,2007-06-30,85.949,100.807,123.592,109.155,110.138,107.855,111.067,127.163,94.083,112.469,114.116
Index,2007-07-31,87.618,101.037,120.561,112.544,111.265,108.373,110.561,125.645,93.511,113.073,113.489
Index,2007-08-31,89.291,101.091,123.407,111.378,114.05,108.601,110.768,125.439,93.859,112.828,113.651
Index,2007-09-30,89.882,100.411,122.679,116.585,115.635,108.896,110.837,124.965,94.464,114.401,113.617
Index,2007-10-31,89.937,99.881,120.985,120.578,116.56,108.732,109.795,122.882,93.914,114.8,112.425
Index,2007-11-30,90.905,99.528,121.3,132.896,116.752,108.158,108.983,121.449,93.605,117.983,111.572
Index,2007-12-31,90.546,99.667,123.356,134.852,120.554,109.132,108.674,120.97,93.919,118.582,111.572
Index,2008-01-31,92.921,99.554,122.349,133.826,125.405,109.435,110.102,120.214,94.672,118.38,111.733
Index,2008-02-29,93.226,99.727,123.155,134.95,130.472,109.664,111.223,119.326,94.299,118.581,111.525
Index,2008-03-31,92.332,100.261,124.078,141.596,131.236,110.268,113.168,118.234,95.055,120.575,111.465
Index,2008-04-30,92.554,100.151,127.426,148.492,139.014,110.315,114.461,116.928,93.09,122.278,110.871
Index,2008-05-31,94.12,100.188,133.52,166.8,145.374,111.973,115.889,116.669,92.418,128.234,111.369
Index,2008-06-30,95.206,99.878,140.142,180.149,151.442,115.661,117.345,116.914,93.014,133.221,112.662
Index,2008-07-31,96.333,100.205,143.578,184.337,142.41,121.216,120.247,116.451,93.714,135.534,114.148
Index,2008-08-31,98.117,99.937,142.744,168.069,140.451,121.765,121.15,117.772,93.245,131.144,115.012
Index,2008-09-30,98.929,100.048,137.934,150.026,142.199,119.845,122.368,118.85,93.677,125.834,115.327
Index,2008-10-31,98.615,100.673,126.386,114.062,140.34,114.043,121.674,120.693,96.087,114.616,115.046
Index,2008-11-30,98.093,100.794,117.108,81.291,131.745,99.325,118.475,122.189,95.768,102.478,112.02
Index,2008-12-31,97.338,100.935,112.067,65.989,119.961,92.884,114.075,121.761,96.351,96.278,109.84
Index,2009-01-31,96.426,101.897,109.361,70.259,106.33,91.78,109.761,122.921,96.248,97.308,109.437
Index,2009-02-28,96.056,101.906,109.97,70.287,108.209,93.561,108.166,124.791,98.423,98.206,110.722
Index,2009-03-31,95.431,102.472,100.013,72.273,107.594,94.478,107.103,124.938,98.057,98.793,110.691
Index,2009-04-30,93.786,102.115,97.485,78.208,110.946,96.367,105.212,123.711,96.875,100.157,110.032
Index,2009-05-31,93.9,101.575,97.257,85.857,115.206,97.662,103.926,120.901,96.024,101.635,108.781
Index,2009-06-30,93.868,101.657,95.592,101.705,111.948,98.806,103.149,120.058,95.707,106.28,108.474
Index,2009-07-31,94.856,101.757,93.735,98.283,116.46,100.46,103.547,119.796,95.372,105.444,108.781
Index,2009-08-31,95.351,102.133,95.448,107.008,116.523,102.023,104.498,119.725,95.508,108.453,109.267
Index,2009-09-30,94.918,101.83,97.977,99.98,115.157,101.069,104.547,119.452,95.707,106.084,108.956
Index,2009-10-31,95.02,102.387,97.971,105.127,113.637,98.88,103.32,117.775,95.547,106.695,107.561
Index,2009-11-30,95.262,102.854,95.009,110.365,113.197,100.234,102.815,118.013,96.212,108.584,107.971
Index,2009-12-31,96.416,102.896,93.734,109.423,113.956,101.868,103.407,116.63,96.459,108.222,107.864
Index,2010-01-31,98.561,103.294,94.841,112.188,114.203,105.011,104.795,116.5,95.633,109.638,108.686
Index,2010-02-28,98.318,102.311,99.526,109.629,115.88,106.424,105.293,116.849,97.746,109.414,109.495
Index,2010-03-31,98.748,102.108,100.863,112.697,118.408,105.936,106.296,116.086,97.277,110.124,109.162
Index,2010-04-30,98.815,102.147,105.676,117.836,121.473,107.28,107.65,115.837,97.146,111.964,109.544
Index,2010-05-31,98.379,101.454,105.383,110.614,123.22,106.584,107.036,115.499,98.398,109.579,109.297
Index,2010-06-30,99.089,101.104,102.407,106.633,125.069,104.608,106.999,115.516,98.594,108.108,108.935
Index,2010-07-31,99.492,101.546,100.482,104.129,126.605,103.047,106.793,115.049,97.563,106.869,108.255
Index,2010-08-31,99.425,101.22,99.343,104.473,130.953,103.191,106.918,114.244,97.102,106.718,107.883
Index,2010-09-30,98.603,100.39,102.595,103.218,130.412,103.244,106.86,112.985,97.017,105.909,107.27
Index,2010-10-31,98.438,99.913,101.464,107.982,131.652,103.901,106.59,112.026,97.123,107.138,106.936
Index,2010-11-30,99.424,99.683,105.191,112.011,136.842,104.856,106.928,111.006,97.14,108.3,106.831
Index,2010-12-31,99.011,99.743,106.525,119.203,138.598,107.336,107.76,111.449,97.614,111.117,107.717
Index,2011-01-31,100.717,100.192,110.183,125.426,145.505,107.981,108.884,110.772,96.897,113.057,107.764
Index,2011-02-28,101.426,100.002,113.563,136.166,148.634,109.057,109.813,111.546,96.78,116.876,108.526
Index,2011-03-31,101.231,100.101,109.817,144.478,153.511,111.215,109.568,111.126,97.201,119.611,108.798
Index,2011-04-30,101.645,99.821,112.915,149.964,152.139,113.743,109.669,108.694,97.296,120.948,108.298
Index,2011-05-31,101.237,99.653,111.477,141.573,151.205,110.81,109.247,107.902,97.19,117.623,107.212
Index,2011-06-30,102.072,99.458,111.661,139.402,149.75,109.287,109.399,107.593,97.392,116.699,106.839
Index,2011-07-31,101.824,98.88,109.617,141.317,151.016,107.838,108.992,106.024,97.711,116.555,105.782
Index,2011-08-31,101.695,98.889,113.646,136.445,148.394,109.131,107.895,105.781,99.678,115.258,106.066
Index,2011-09-30,102.217,99.085,115.83,139.328,148.58,113.527,108.835,107.079,101.812,117.5,108.025
Index,2011-10-31,103.976,99.286,115.839,143.036,149.442,113.095,108.868,109.669,103.25,119.592,109.407
Index,2011-11-30,103.784,99.925,114.867,148.697,150.902,110.384,108.094,109.44,104.753,120.917,108.816
Index,2011-12-31,103.22,99.463,115.628,145.534,150.275,110.362,107.598,109.841,103.37,119.879,108.716
Index,2012-01-31,102.515,99.709,111.685,152.913,154.368,110.365,106.558,112.163,103.454,122.819,109.718
Index,2012-02-29,100.735,99.441,113.689,155.88,154.194,112.525,105.955,110.636,102.688,123.284,109.095
Index,2012-03-31,100.344,99.386,113.74,160.696,157.732,114.66,106.073,110.491,102.28,124.938,109.371
Index,2012-04-30,99.61,99.174,113.014,155.959,160.54,114.184,105.578,109.82,101.924,123.112,108.811
Index,2012-05-31,100.204,98.984,114.017,143.896,154.156,111.08,105.191,109.77,101.764,119.001,108.164
Index,2012-06-30,99.871,99.38,113.63,130.129,147.164,107.658,105.378,109.856,102.75,114.481,107.67
Index,2012-07-31,98.662,99.239,112.971,133.19,145.425,106.108,104.079,109.185,101.908,114.747,106.717
Index,2012-08-31,97.882,98.992,112.516,143.158,140.996,107.47,103.388,107.845,101.189,117.306,106.051
Index,2012-09-30,98.093,98.778,113.867,145.278,137.771,108.133,103.834,107.102,101.408,117.828,105.877
Index,2012-10-31,98.244,98.687,114.478,140.999,124.331,108.531,103.423,105.264,100.995,115.825,104.866
Index,2012-11-30,98.199,98.549,113.911,136.189,122.012,107.903,102.88,104.316,100.498,113.854,104.131
Index,2012-12-31,98.762,99.083,113.415,135.155,115.959,108.115,102.923,105.056,100.299,113.815,104.524
Index,2013-01-31,99.006,99.694,113.758,139.243,119.242,109.915,103.22,105.103,100.419,115.36,104.962
Index,2013-02-28,99.799,99.68,113.829,144.663,122.662,111.677,103.594,104.582,100.724,117.143,105.162
Index,2013-03-31,99.927,99.17,113.533,139.033,121.812,110.754,103.289,106.2,100.821,115.87,105.787
Index,2013-04-30,100.325,99.215,112.337,132.76,120.368,107.509,102.0,105.567,99.434,113.116,104.565
Index,2013-05-31,100.487,99.293,112.711,132.363,121.03,108.095,101.992,105.926,99.31,113.196,104.854
Index,2013-06-30,100.931,99.243,113.163,135.233,122.7,109.67,101.78,105.714,99.689,114.236,105.096
Index,2013-07-31,101.886,99.345,110.829,138.006,120.441,109.343,101.479,105.636,99.312,114.968,104.938
Index,2013-08-31,102.415,99.275,111.946,140.669,119.705,109.744,101.832,107.166,100.094,116.485,105.958
Index,2013-09-30,102.877,98.793,112.203,140.677,119.208,109.987,101.554,106.18,99.859,116.145,105.465
Index,2013-10-31,102.903,98.648,112.398,138.36,118.912,110.459,100.766,106.153,98.775,115.339,105.317
Index,2013-11-30,102.763,97.87,112.761,138.61,124.628,110.002,100.629,105.562,98.638,115.14,104.921
Index,2013-12-31,102.835,97.763,112.887,142.274,125.352,111.381,100.918,104.426,98.754,116.063,104.653
Index,2014-01-31,104.34,97.972,112.914,140.243,124.216,110.948,101.646,106.574,99.847,116.356,105.957
Index,2014-02-28,104.246,98.295,115.246,140.617,124.821,111.928,102.16,105.848,100.194,116.421,105.888
Index,2014-03-31,103.892,98.617,114.452,138.599,130.612,110.429,101.835,104.554,100.517,115.169,104.97
Index,2014-04-30,104.056,99.42,114.195,137.229,128.171,108.735,101.522,105.291,99.588,114.693,104.883
Index,2014-05-31,104.842,100.036,113.843,136.937,126.49,110.631,100.857,103.568,99.24,114.184,104.28
Index,2014-06-30,104.912,100.076,113.628,138.235,123.033,110.215,100.965,103.116,99.247,114.363,103.971
Index,2014-07-31,104.665,101.101,113.817,136.16,121.057,108.986,100.746,102.376,99.162,113.283,103.322
Index,2014-08-31,104.398,101.147,113.755,132.079,115.449,108.791,100.858,102.237,99.526,111.98,103.23
Index,2014-09-30,104.447,101.153,113.706,128.341,112.425,108.327,100.899,102.676,99.607,110.943,103.368
Index,2014-10-31,103.745,101.076,113.625,116.21,112.914,108.259,100.615,101.886,99.803,106.945,102.912
Index,2014-11-30,104.652,101.184,114.129,106.065,113.41,104.99,101.01,103.933,100.272,104.284,103.51
Index,2014-12-31,102.763,101.192,114.017,86.701,111.112,98.94,101.265,105.779,99.966,98.201,103.208
Index,2015-01-31,102.459,101.641,112.346,68.524,113.16,93.219,100.771,106.136,99.665,92.009,102.232
Index,2015-02-28,102.339,101.656,112.229,83.348,113.375,94.648,101.527,106.847,100.371,97.053,103.018
Index,2015-03-31,102.077,102.189,112.894,81.966,112.222,96.675,102.035,109.346,100.639,97.827,104.732
Index,2015-04-30,101.122,101.657,112.37,84.021,109.476,98.982,100.818,106.728,99.648,97.59,103.497
Index,2015-05-31,100.764,100.6,112.481,90.939,107.206,97.261,99.732,106.618,99.025,99.267,102.892
Index,2015-06-30,100.898,100.607,111.931,89.457,107.853,97.436,99.242,106.307,99.261,98.718,102.748
Index,2015-07-31,100.798,100.582,109.013,79.221,106.908,96.564,98.607,106.169,99.298,95.383,102.419
Index,2015-08-31,101.469,100.535,107.557,68.836,101.163,93.532,98.891,107.835,100.611,92.566,102.896
Index,2015-09-30,101.578,100.399,106.539,67.812,100.214,92.656,98.709,107.067,101.273,91.911,102.401
Index,2015-10-31,100.717,100.324,106.755,68.198,100.747,92.285,97.615,106.753,101.301,91.758,102.015
Index,2015-11-30,100.173,100.329,105.519,65.138,99.257,92.073,96.242,106.818,101.11,90.672,101.787
Index,2015-12-31,99.453,101.286,103.339,55.36,100.601,89.683,95.401,106.919,100.559,87.294,101.196
Index,2016-01-31,99.538,100.862,102.316,46.51,102.666,87.963,94.239,107.222,101.568,84.499,101.037
Index,2016-02-29,99.329,100.741,101.964,46.151,106.165,88.633,93.512,105.32,101.215,83.721,100.077
Index,2016-03-31,99.0,101.421,100.611,52.099,108.895,92.976,93.407,103.284,100.393,85.274,99.716
Index,2016-04-30,98.114,100.844,100.005,54.895,112.474,89.756,92.598,101.342,99.373,84.848,97.888
Index,2016-05-31,97.768,100.734,99.495,61.943,112.721,93.253,92.743,103.167,100.391,88.158,99.571
Index,2016-06-30,97.831,100.429,98.95,65.527,110.288,88.745,92.521,102.427,99.865,88.336,98.266
Index,2016-07-31,98.223,100.325,99.046,62.174,107.171,86.811,92.347,101.051,99.793,86.573,97.193
Index,2016-08-31,98.287,100.309,98.559,61.744,111.012,87.146,92.119,101.122,100.018,86.525,97.313
Index,2016-09-30,98.924,100.45,98.159,64.106,114.294,91.177,92.203,102.787,100.727,88.446,99.041
Index,2016-10-31,100.087,100.091,98.461,72.007,112.512,91.443,92.793,102.504,101.19,90.9,99.125
Index,2016-11-30,100.859,100.176,99.207,70.151,116.46,90.91,94.381,103.926,101.983,91.009,100.088
Index,2016-12-31,101.927,100.396,99.525,81.584,122.926,95.749,95.732,103.803,101.982,95.219,101.156
Index,2017-01-31,101.762,99.183,99.173,83.982,124.076,98.43,96.612,104.863,102.288,96.746,102.302
Index,2017-02-28,101.539,99.054,98.998,83.831,122.465,98.759,96.773,104.12,102.556,96.498,102.014
Index,2017-03-31,101.167,99.013,98.387,77.667,118.509,97.884,96.62,104.166,102.097,94.45,101.756
Index,2017-04-30,100.739,98.464,98.113,79.65,115.046,97.027,95.981,102.828,102.485,94.421,100.852
Index,2017-05-31,100.803,98.841,98.577,76.345,116.372,94.548,96.036,102.781,101.864,93.049,100.321
Index,2017-06-30,100.72,98.905,98.265,70.996,112.915,92.634,95.776,102.917,101.726,91.181,99.968
Index,2017-07-31,100.521,98.893,98.51,72.479,111.151,91.43,95.563,101.029,100.669,90.691,98.619
Index,2017-08-31,100.515,99.317,98.64,74.769,110.239,93.814,96.482,100.623,100.536,91.604,98.933
Index,2017-09-30,101.284,99.316,98.914,79.075,111.591,94.779,97.134,100.47,100.531,93.064,99.155
Index,2017-10-31,100.898,98.696,99.239,81.72,111.462,94.81,98.161,101.099,100.632,94.162,99.579
Index,2017-11-30,101.072,98.601,99.32,87.711,110.089,95.056,98.298,100.937,100.496,95.954,99.542
Index,2017-12-31,101.227,98.562,99.138,87.929,105.784,96.901,98.081,100.174,99.872,95.904,99.376
Index,2018-01-31,100.384,99.731,95.316,89.593,106.942,98.483,98.612,99.511,99.207,96.585,99.287
Index,2018-02-28,100.423,99.724,95.306,87.088,106.97,99.149,99.127,99.092,99.143,95.804,99.173
Index,2018-03-31,99.417,99.91,96.272,86.737,105.692,98.639,99.058,98.012,99.095,95.147,98.398
Index,2018-04-30,98.683,99.765,98.055,92.115,104.268,98.773,99.155,99.289,98.802,97.177,99.134
Index,2018-05-31,99.638,100.045,100.014,102.138,103.508,99.175,100.015,100.598,99.663,100.736,100.195
Index,2018-06-30,99.55,100.127,101.275,103.365,101.465,101.044,100.339,100.522,100.191,101.317,100.525
Index,2018-07-31,99.816,99.997,102.181,106.222,100.268,101.922,100.672,102.121,100.56,102.958,101.696
Index,2018-08-31,100.238,100.013,103.309,108.478,98.321,102.519,100.689,101.633,100.599,103.464,101.526
Index,2018-09-30,100.586,100.244,103.317,112.42,96.593,102.425,100.504,101.951,100.761,104.698,101.712
Index,2018-10-31,100.653,100.066,102.591,116.715,94.751,102.004,100.566,99.784,100.921,104.918,100.358
Index,2018-11-30,100.215,100.199,101.732,104.436,90.803,99.51,100.351,99.293,100.657,100.93,99.574
Index,2018-12-31,100.397,100.179,100.63,90.689,90.42,96.359,100.913,98.196,100.402,96.267,98.423
Index,2019-01-31,100.729,101.327,99.186,87.479,91.377,95.293,100.004,97.452,100.161,94.872,97.73
Index,2019-02-28,99.923,101.179,98.581,93.311,91.14,95.765,100.926,97.651,99.889,96.629,97.911
Index,2019-03-31,99.774,101.319,98.4,97.409,89.941,95.642,101.609,99.516,99.897,98.583,99.036
Index,2019-04-30,100.021,101.925,97.603,99.543,90.7,95.422,101.092,96.266,100.067,97.749,97.055
Index,2019-05-31,100.635,102.07,98.245,98.757,89.752,95.442,101.64,97.198,100.97,98.054,97.782
Index,2019-06-30,101.078,101.93,97.729,91.911,88.353,93.724,101.195,96.752,101.07,95.747,97.229
Index,2019-07-31,101.513,102.269,97.401,96.155,87.123,93.024,101.007,96.456,100.974,96.713,96.928
Index,2019-08-31,101.904,102.915,99.06,89.698,89.441,94.356,101.471,101.043,102.534,97.224,100.133
Index,2019-09-30,102.261,102.809,98.57,92.273,89.569,94.53,102.141,100.008,102.474,97.552,99.592
Index,2019-10-31,102.8,102.456,98.473,90.92,89.997,93.627,102.203,99.422,102.036,96.804,99.079
Index,2019-11-30,102.37,102.312,98.505,89.458,94.1,92.518,102.368,98.565,101.267,95.851,98.323
Index,2019-12-31,102.713,102.158,98.505,88.494,99.043,90.41,102.312,98.189,101.04,95.191,97.78
Index,2020-01-31,103.613,102.747,98.873,89.253,103.375,91.257,101.705,97.922,101.097,95.411,97.791
Index,2020-02-29,103.72,103.678,99.533,83.903,102.506,92.482,103.019,99.963,102.642,95.134,99.475
Index,2020-03-31,103.93,104.192,100.015,58.571,100.314,90.714,103.095,103.036,104.915,89.381,101.29
Index,2020-04-30,105.058,104.89,98.619,41.106,98.038,85.742,102.545,100.876,106.054,83.095,99.326
Index,2020-05-31,104.903,104.779,98.32,45.461,95.773,85.124,102.337,99.741,105.81,83.703,98.486
Index,2020-06-30,103.568,105.241,97.906,58.023,96.962,86.372,101.781,98.2,104.828,86.54,97.563
Index,2020-07-31,103.753,104.66,94.365,64.881,98.377,86.518,101.999,98.54,104.726,88.597,97.765
Index,2020-08-31,103.244,104.631,93.517,66.502,102.121,86.23,101.429,96.75,104.361,88.181,96.562
Index,2020-09-30,102.843,104.86,94.863,62.848,104.22,86.302,101.307,97.105,104.122,87.307,96.761
Index,2020-10-31,102.228,103.43,96.27,62.88,108.248,86.468,101.799,97.37,103.732,87.447,96.943
Index,2020-11-30,102.832,103.409,96.888,66.204,113.131,86.919,102.643,93.614,103.196,86.853,94.834
Index,2020-12-31,103.223,102.222,97.809,72.861,119.556,88.39,102.849,93.243,102.445,88.711,94.838
Index,2021-01-31,104.428,103.817,99.926,78.923,124.667,89.158,103.965,94.166,102.792,91.051,95.74
Index,2021-02-28,105.438,103.79,100.579,88.233,129.49,90.064,105.747,95.333,103.432,94.449,96.852
Index,2021-03-31,104.283,104.058,101.962,95.02,138.263,93.462,106.716,98.137,103.702,98.018,99.176
Index,2021-04-30,104.134,104.345,102.191,92.603,142.699,95.338,107.586,98.729,104.217,97.914,99.966
Index,2021-05-31,104.611,104.252,102.643,95.242,150.57,95.499,109.246,98.601,104.276,98.751,100.107
Index,2021-06-30,105.178,104.366,103.175,102.15,148.011,94.89,111.43,99.429,104.507,101.101,100.695
Index,2021-07-31,105.817,105.152,106.31,106.911,153.133,97.49,113.818,101.247,105.407,103.767,102.552
Index,2021-08-31,106.121,105.35,106.788,104.329,156.222,98.223,114.302,101.588,105.713,103.354,102.977
Index,2021-09-30,106.172,105.22,107.111,111.694,156.638,98.407,115.539,102.661,105.465,105.936,103.71
Index,2021-10-31,106.929,104.966,109.329,124.213,164.21,99.556,116.134,102.7,105.637,109.692,104.078
Index,2021-11-30,107.402,105.067,110.466,119.515,168.428,99.884,117.485,104.846,106.194,109.496,105.623
Index,2021-12-31,109.095,105.175,111.51,110.879,168.244,100.178,118.08,107.096,107.201,108.262,107.251
Index,2022-01-31,110.042,110.557,109.89,122.479,165.941,100.383,117.554,107.523,107.104,111.692,107.523
Index,2022-02-28,110.256,110.867,110.196,135.43,174.988,102.815,118.186,107.835,107.603,115.835,108.26
Index,2022-03-31,111.549,111.14,111.136,164.079,187.894,107.79,120.4,108.637,109.344,125.088,110.016
Index,2022-04-30,112.77,113.532,111.661,169.448,194.168,108.088,121.534,109.687,109.792,127.24,110.924
Index,2022-05-31,114.213,113.911,115.678,174.656,201.129,107.8,122.536,112.076,109.672,129.836,112.511
Index,2022-06-30,114.274,113.914,114.835,170.191,195.168,107.384,122.186,114.021,109.507,129.32,113.521
Index,2022-07-31,116.082,115.68,121.784,149.166,182.572,106.18,121.763,114.665,109.584,123.652,113.789
Index,2022-08-31,116.434,116.134,120.285,144.249,174.451,104.381,120.154,113.621,109.36,121.495,112.699
Index,2022-09-30,117.156,117.062,125.525,132.474,168.184,105.642,120.308,115.889,110.164,119.447,114.412
Index,2022-10-31,118.014,118.206,122.924,129.652,163.734,104.644,120.314,116.922,110.506,119.008,114.894
Index,2022-11-30,116.984,117.552,123.242,126.288,158.769,102.14,118.721,113.391,109.129,116.024,112.056
Index,2022-12-31,116.394,116.828,121.265,113.192,153.515,100.341,117.351,111.056,107.737,110.924,110.048
Index,2023-01-31,116.628,117.909,117.46,114.472,149.925,99.252,116.543,108.549,107.361,109.972,108.232
Index,2023-02-28,116.014,117.81,118.376,115.936,148.123,100.442,116.384,108.267,107.885,110.409,108.273
Index,2023-03-31,116.026,117.84,118.427,115.794,148.494,101.332,116.638,109.109,109.301,110.962,109.094
Index,2023-04-30,115.805,117.868,117.69,121.093,148.498,101.286,116.619,109.791,109.813,112.754,109.531
