Units,Timepoint,1.0: Food & Live Animals,1.1: Beverages & Tobacco,1.2: Crude Materials (Excl Fuels),"1.3: Mineral Fuels, Lubricants & Related Materials",1.4: Animal & Vegetable Oils Fats & Waxes,1.5: Chemicals & Chemical Products,1.6: Manufactured Goods,1.7: Machinery & Transport Equipment,1.8: Miscellaneous Manufactured Articles,1: Export Price Index - Overall Items,2: Non-Oil Export Price Index
Index,1978-01-31,84.323,54.731,61.347,35.355,126.798,69.848,81.253,317.904,107.289,157.389,216.72
Index,1978-02-28,82.728,54.37,61.772,35.214,133.245,69.848,81.6,317.637,107.405,157.389,216.913
Index,1978-03-31,79.755,54.731,61.631,35.129,133.613,69.935,81.514,318.436,107.405,156.949,216.337
Index,1978-04-30,78.594,54.731,62.127,35.214,135.27,69.761,82.982,317.904,107.289,157.241,216.72
Index,1978-05-31,79.031,54.804,64.038,35.27,137.02,69.761,83.499,312.317,106.478,157.389,216.72
Index,1978-06-30,79.393,55.02,67.156,35.412,140.058,69.761,84.19,312.05,107.637,158.86,219.41
Index,1978-07-31,77.942,55.093,66.801,34.987,138.954,69.761,85.226,310.455,109.026,158.125,219.217
Index,1978-08-31,76.854,54.659,68.36,34.987,130.482,69.935,86.003,312.05,108.911,158.712,220.18
Index,1978-09-30,77.507,55.165,70.84,34.817,132.877,69.674,86.349,311.254,108.911,159.448,222.099
Index,1978-10-31,79.103,55.165,73.46,34.028,131.863,69.065,87.385,308.327,108.563,159.303,223.445
Index,1978-11-30,78.014,55.165,74.736,34.252,132.324,69.326,87.902,309.391,108.448,159.742,224.597
Index,1978-12-31,79.32,54.731,73.319,34.225,132.692,70.021,88.162,312.317,108.911,160.036,224.983
Index,1979-01-31,77.797,54.948,72.752,35.497,137.757,71.845,89.629,319.767,110.533,163.273,227.672
Index,1979-02-28,77.942,54.804,76.506,36.824,142.821,71.584,90.062,322.958,110.418,166.802,231.323
Index,1979-03-31,78.087,55.093,77.285,37.673,138.033,72.106,90.407,322.958,110.186,168.273,231.706
Index,1979-04-30,79.248,55.165,82.174,41.94,140.979,73.757,92.048,322.958,110.186,176.363,236.51
Index,1979-05-31,80.625,55.453,85.361,42.844,143.467,74.278,92.393,321.097,110.301,178.864,239.201
Index,1979-06-30,84.032,56.248,87.983,46.717,145.123,76.19,93.17,313.914,109.838,184.895,240.16
Index,1979-07-31,84.83,56.248,85.716,52.199,145.86,76.884,94.466,317.371,110.418,192.692,240.544
Index,1979-08-31,85.482,56.97,84.016,51.943,141.44,77.926,94.466,317.106,110.881,191.809,239.584
Index,1979-09-30,85.337,57.619,83.803,53.753,140.427,78.623,95.156,317.371,110.881,194.456,239.777
Index,1979-10-31,84.757,57.619,83.874,55.816,138.218,79.403,97.228,316.042,110.649,197.399,239.969
Index,1979-11-30,85.772,57.619,84.44,56.917,137.481,80.186,97.66,320.831,110.649,199.899,242.273
Index,1979-12-31,85.482,57.692,85.433,61.609,134.626,81.228,97.92,321.097,111.228,206.665,243.233
Index,1980-01-31,86.86,61.59,90.815,67.912,144.11,93.217,101.718,324.022,115.051,220.491,252.842
Index,1980-02-29,86.787,61.59,95.562,70.653,146.781,93.824,102.151,324.289,115.746,226.082,256.684
Index,1980-03-31,87.44,61.59,90.392,73.959,145.492,95.996,102.928,326.418,115.979,229.612,254.57
Index,1980-04-30,86.57,62.096,89.682,72.857,141.992,96.257,103.705,329.077,116.326,228.288,254.57
Index,1980-05-31,85.918,62.458,84.37,73.31,133.336,96.431,103.187,333.6,116.674,227.258,251.688
Index,1980-06-30,83.888,63.829,83.307,73.225,129.377,96.343,102.151,333.6,117.021,226.227,249.958
Index,1980-07-31,82.366,63.973,81.962,75.769,127.444,96.343,102.323,334.664,118.643,229.318,249.191
Index,1980-08-31,82.656,64.407,82.741,75.909,124.404,96.257,102.495,333.6,119.107,229.905,249.574
Index,1980-09-30,83.742,64.478,83.59,75.598,122.839,96.691,102.495,332.268,118.412,229.464,250.151
Index,1980-10-31,84.757,65.852,81.677,76.446,120.905,96.431,102.237,331.737,118.99,230.052,248.806
Index,1980-11-30,86.425,65.852,80.332,77.52,123.391,96.431,101.461,331.737,118.99,231.229,248.036
Index,1980-12-31,85.772,66.284,79.553,77.691,125.418,96.431,101.461,333.6,119.57,231.523,248.229
Index,1981-01-31,85.12,66.574,78.49,81.619,123.115,95.563,101.287,353.818,123.162,239.173,252.842
Index,1981-02-28,84.468,67.151,77.215,81.533,121.642,95.736,101.2,353.019,123.394,238.583,251.688
Index,1981-03-31,83.235,66.79,74.736,81.985,122.839,95.911,101.461,352.487,123.278,238.289,249.958
Index,1981-04-30,82.438,67.151,70.84,82.72,121.09,95.736,101.718,353.019,123.394,237.996,247.268
Index,1981-05-31,81.567,67.223,72.115,83.71,126.707,95.911,102.151,359.406,123.394,240.643,249.958
Index,1981-06-30,79.465,67.151,69.848,82.523,130.114,95.824,103.014,360.734,123.046,238.289,248.614
Index,1981-07-31,80.843,67.367,66.944,82.07,119.893,96.171,104.396,371.376,123.626,238.289,249.958
Index,1981-08-31,80.843,67.296,66.093,82.155,116.762,96.257,104.396,372.174,123.626,238.289,249.191
Index,1981-09-30,80.915,68.162,64.038,81.448,114.828,96.257,104.223,371.641,123.74,236.525,247.847
Index,1981-10-31,81.06,68.307,59.434,79.78,111.053,99.993,104.309,371.376,123.046,232.847,245.155
Index,1981-11-30,81.277,68.307,57.805,79.329,108.659,99.559,103.963,370.045,123.278,231.229,243.425
Index,1981-12-31,80.697,68.162,58.514,79.16,102.581,99.124,103.359,368.45,123.278,230.788,242.658
Index,1982-01-31,81.567,68.162,59.009,79.16,104.146,98.951,102.237,372.174,122.003,231.081,243.617
Index,1982-02-28,82.219,68.378,58.797,79.894,104.514,99.124,102.495,372.174,122.234,232.405,243.811
Index,1982-03-31,83.308,68.378,58.656,79.753,104.791,99.733,101.029,375.365,122.234,232.554,244.579
Index,1982-04-30,82.8,69.028,58.443,77.888,104.791,99.733,100.856,374.303,122.119,229.612,243.811
Index,1982-05-31,81.712,69.028,58.656,76.814,105.16,98.951,99.301,372.44,121.656,227.258,242.466
Index,1982-06-30,81.35,69.028,57.805,77.464,104.239,98.69,98.265,372.973,121.539,227.846,241.506
Index,1982-07-31,79.826,69.101,57.735,78.284,102.581,98.343,98.955,366.321,121.539,227.846,239.391
Index,1982-08-31,79.031,69.101,57.735,79.018,102.305,97.995,98.955,368.184,121.192,228.876,239.584
Index,1982-09-30,78.885,68.956,58.017,78.736,101.384,97.299,98.87,367.385,121.308,228.582,239.391
Index,1982-10-31,78.594,68.956,58.301,79.697,100.371,97.127,96.71,367.119,121.192,229.318,238.43
Index,1982-11-30,78.087,68.883,58.017,80.206,100.463,97.212,96.194,366.321,121.308,229.905,237.856
Index,1982-12-31,78.667,68.812,57.239,78.933,100.371,97.212,96.107,370.045,121.076,228.288,238.43
Index,1983-01-31,77.797,69.678,56.53,76.051,99.082,97.127,95.415,363.661,119.222,222.844,235.358
Index,1983-02-28,77.725,69.678,61.631,75.854,99.357,97.04,95.415,361.533,119.107,223.874,238.047
Index,1983-03-31,77.652,69.245,68.29,75.966,98.99,97.212,95.415,370.844,118.99,227.258,244.771
Index,1983-04-30,77.58,69.317,70.84,69.438,97.608,96.257,95.502,371.376,119.222,219.315,246.501
Index,1983-05-31,77.652,69.317,67.581,69.098,97.977,96.605,95.588,376.697,118.99,218.433,245.924
Index,1983-06-30,77.942,69.317,68.856,70.031,98.621,97.04,95.933,377.228,118.99,220.344,246.884
Index,1983-07-31,77.29,69.389,70.556,67.516,99.818,97.127,94.466,376.429,118.063,216.961,247.268
Index,1983-08-31,78.014,69.389,70.485,66.215,104.054,97.299,94.207,374.836,117.948,215.197,246.884
Index,1983-09-30,78.958,69.389,68.36,65.821,107.369,97.735,94.207,377.228,117.948,214.461,246.693
Index,1983-10-31,79.826,68.089,68.29,65.876,108.014,97.646,93.947,380.685,117.369,215.05,247.653
Index,1983-11-30,82.147,68.089,69.069,65.736,107.092,97.821,93.947,374.836,117.6,214.461,247.268
Index,1983-12-31,83.815,67.801,69.707,65.453,107.461,97.821,93.688,376.697,117.6,214.901,248.614
Index,1984-01-31,84.612,67.439,70.556,64.408,137.388,100.427,93.516,367.385,117.832,213.579,248.806
Index,1984-02-29,84.032,67.439,71.549,64.408,151.109,100.427,93.688,369.781,117.832,214.461,250.727
Index,1984-03-31,83.163,67.511,71.122,63.588,144.295,100.427,92.653,369.781,118.18,212.843,249.574
Index,1984-04-30,82.219,67.367,69.423,63.984,138.033,100.601,92.221,367.119,118.412,212.107,247.268
Index,1984-05-31,82.366,67.367,66.73,64.775,140.243,100.515,92.393,363.661,118.527,211.959,244.771
Index,1984-06-30,81.422,67.367,63.614,65.171,136.006,100.515,92.135,364.194,118.527,211.225,242.081
Index,1984-07-31,80.553,66.862,63.189,65.311,123.207,99.646,92.048,355.415,118.643,209.606,238.623
Index,1984-08-31,80.77,66.862,63.685,64.492,121.366,99.818,91.702,354.084,119.107,208.577,238.43
Index,1984-09-30,81.277,66.862,64.038,64.069,117.96,99.818,91.184,354.351,119.107,207.99,238.623
Index,1984-10-31,81.785,66.79,60.708,63.899,118.972,99.385,90.148,355.679,118.643,206.518,236.51
Index,1984-11-30,80.553,67.006,59.859,63.757,120.905,99.21,89.889,355.15,119.107,206.076,235.358
Index,1984-12-31,80.915,67.006,59.718,64.069,118.787,99.124,89.544,355.15,119.107,206.223,235.165
Index,1985-01-31,85.772,66.14,59.009,64.181,113.354,98.43,88.507,378.56,116.211,209.314,240.928
Index,1985-02-28,86.353,66.14,59.152,65.002,114.551,97.821,89.544,380.154,117.6,210.931,242.273
Index,1985-03-31,86.063,66.14,59.646,65.906,113.723,97.646,89.198,383.081,117.138,211.959,242.85
Index,1985-04-30,87.295,66.212,60.78,64.775,116.117,95.996,88.853,379.091,116.906,210.342,242.081
Index,1985-05-31,86.498,66.212,60.285,64.634,115.197,96.343,88.853,375.898,118.18,209.606,240.928
Index,1985-06-30,86.208,66.212,60.213,62.344,117.775,97.127,89.026,371.11,117.948,206.665,239.777
Index,1985-07-31,85.337,66.284,58.301,61.977,114.092,97.387,88.68,368.717,119.455,205.341,238.239
Index,1985-08-31,83.96,66.284,56.742,62.062,100.647,97.387,88.594,373.504,120.034,205.048,237.471
Index,1985-09-30,82.51,66.212,55.256,63.249,97.147,97.646,88.334,371.11,118.99,204.899,235.358
Index,1985-10-31,81.712,66.284,55.538,61.214,91.531,95.824,87.557,362.331,117.369,200.193,231.323
Index,1985-11-30,82.873,66.284,53.98,60.79,88.307,94.693,87.126,372.705,116.906,201.074,233.244
Index,1985-12-31,85.12,66.284,54.121,60.253,85.637,93.824,87.385,354.351,117.138,197.399,227.672
Index,1986-01-31,87.077,67.006,53.554,59.687,83.796,94.954,82.549,357.543,117.369,196.662,227.672
Index,1986-02-28,87.948,67.006,56.601,53.611,82.875,95.563,82.895,358.341,118.412,191.955,229.785
Index,1986-03-31,87.658,67.006,57.735,44.541,78.639,95.996,83.24,360.204,119.918,183.423,230.552
Index,1986-04-30,86.063,67.151,56.742,37.531,76.89,97.04,82.895,360.734,120.034,176.216,230.17
Index,1986-05-31,85.264,67.151,56.742,33.8,74.588,97.212,84.017,363.395,121.539,173.275,231.131
Index,1986-06-30,85.12,67.151,56.247,32.557,74.772,96.431,84.362,365.789,121.887,172.246,231.706
Index,1986-07-31,84.179,67.873,57.451,28.628,69.154,94.954,84.967,365.789,121.539,168.127,231.323
Index,1986-08-31,83.67,67.873,57.451,26.764,66.208,94.347,84.881,365.522,121.076,165.921,230.361
Index,1986-09-30,85.337,67.873,58.301,31.2,64.918,94.26,84.967,365.789,121.887,170.775,231.515
Index,1986-10-31,85.772,67.873,59.152,32.303,67.866,95.127,85.054,370.045,121.887,173.129,233.436
Index,1986-11-30,85.845,67.945,59.364,32.839,66.852,95.041,85.054,380.42,122.234,175.923,236.893
Index,1986-12-31,84.323,67.801,60.071,34.536,71.18,95.649,86.003,380.685,121.887,177.835,237.856
Index,1987-01-31,84.83,68.017,61.347,39.199,76.061,94.608,85.916,373.771,122.583,181.807,236.51
Index,1987-02-28,83.96,68.089,62.41,40.696,75.785,94.52,86.262,361.0,122.119,180.923,232.667
Index,1987-03-31,83.38,68.089,61.913,39.057,74.956,95.563,86.954,361.0,123.394,179.453,232.861
Index,1987-04-30,83.888,68.089,62.055,40.046,76.337,97.821,88.249,363.13,123.74,181.66,234.78
Index,1987-05-31,84.757,68.595,62.834,40.158,74.588,98.863,89.113,364.993,123.162,182.541,236.126
Index,1987-06-30,84.106,68.74,64.181,41.206,75.508,99.818,88.853,363.395,123.626,183.572,236.126
Index,1987-07-31,84.83,68.74,65.952,42.393,75.325,102.427,89.457,359.406,124.204,185.042,236.51
Index,1987-08-31,84.25,69.317,66.66,43.862,76.614,101.904,90.235,360.467,124.32,186.806,237.277
Index,1987-09-30,85.991,69.317,68.147,41.657,75.325,102.686,90.579,359.139,123.626,185.042,238.047
Index,1987-10-31,86.425,69.389,69.989,41.743,74.956,103.034,91.357,358.074,124.436,185.777,238.815
Index,1987-11-30,86.353,69.317,69.777,40.78,75.601,103.294,91.702,355.946,124.436,184.601,238.239
Index,1987-12-31,85.918,69.317,70.556,38.096,81.217,106.682,91.961,344.507,123.972,180.336,235.933
Index,1988-01-31,86.57,69.389,72.044,37.786,89.413,108.682,93.516,341.314,124.9,181.07,237.471
Index,1988-02-29,86.208,69.389,71.406,36.769,85.453,109.376,93.861,341.847,125.364,180.04,237.277
Index,1988-03-31,85.192,70.399,73.389,35.497,82.506,109.549,95.069,341.047,125.944,179.158,238.047
Index,1988-04-30,84.685,70.399,77.073,34.902,85.085,110.94,95.329,344.774,125.596,180.189,240.928
Index,1988-05-31,84.032,70.328,79.411,37.419,85.361,112.504,95.415,343.975,125.944,183.278,241.889
Index,1988-06-30,84.54,70.328,86.707,37.813,86.743,114.328,96.02,345.04,126.059,186.219,245.924
Index,1988-07-31,86.933,71.049,83.521,35.129,88.677,116.326,99.301,351.423,129.072,185.484,249.191
Index,1988-08-31,84.757,71.338,82.67,32.839,88.768,116.847,99.474,354.617,127.45,183.278,249.382
Index,1988-09-30,83.96,70.399,80.262,32.557,86.559,117.02,99.647,354.617,126.407,182.248,248.036
Index,1988-10-31,83.163,70.472,74.169,28.77,85.361,116.326,99.561,349.828,126.985,175.923,243.617
Index,1988-11-30,83.888,70.472,70.556,28.261,85.176,114.588,99.904,347.432,125.944,173.862,241.121
Index,1988-12-31,84.032,70.256,69.21,32.161,85.361,112.504,99.474,343.443,125.596,176.216,238.815
Index,1989-01-31,84.396,71.049,70.344,34.847,77.995,111.113,99.388,338.655,125.248,177.688,236.893
Index,1989-02-28,83.96,71.555,70.06,35.864,77.719,110.765,99.128,338.655,124.668,178.57,236.51
Index,1989-03-31,83.235,71.916,68.147,36.118,76.614,110.417,100.337,338.388,124.552,178.277,235.549
Index,1989-04-30,83.742,71.989,68.572,37.503,76.89,110.244,102.41,338.388,125.015,180.189,236.703
Index,1989-05-31,82.945,72.349,65.102,38.916,79.284,109.289,102.323,342.112,125.364,181.512,236.51
Index,1989-06-30,82.873,72.854,62.764,38.634,79.099,107.118,101.373,342.379,124.668,180.189,234.588
Index,1989-07-31,80.044,72.854,61.701,38.011,78.362,104.51,100.423,347.966,125.248,179.453,234.588
Index,1989-08-31,77.942,72.927,60.78,37.899,77.626,102.165,98.955,347.7,124.9,178.277,232.667
Index,1989-09-30,76.637,72.927,61.418,38.323,76.522,102.337,98.696,347.966,125.248,178.57,232.667
Index,1989-10-31,76.854,72.711,60.568,39.368,78.086,101.296,98.351,349.295,124.9,179.6,232.667
Index,1989-11-30,75.405,72.711,60.922,40.696,77.81,101.382,97.143,355.946,124.552,181.807,234.012
Index,1989-12-31,74.679,72.711,59.93,41.43,76.429,100.254,96.883,360.734,124.204,182.689,234.396
Index,1990-01-31,74.317,72.639,57.805,41.345,75.232,99.993,96.02,351.69,128.26,183.131,230.552
Index,1990-02-28,74.027,73.072,57.522,39.593,74.588,100.079,95.933,344.507,127.913,179.6,229.208
Index,1990-03-31,74.607,73.794,57.31,38.831,75.232,99.733,96.02,339.985,128.26,177.982,229.208
Index,1990-04-30,75.259,73.794,57.735,37.192,74.772,99.733,95.588,339.72,127.45,176.511,226.135
Index,1990-05-31,74.317,74.082,57.876,35.948,74.956,98.603,95.329,339.452,127.102,175.334,225.75
Index,1990-06-30,72.939,72.854,57.167,33.518,75.508,97.821,95.156,338.123,127.102,172.98,224.405
Index,1990-07-31,72.432,72.927,56.105,36.938,74.496,97.735,94.38,334.399,126.523,174.011,222.485
Index,1990-08-31,71.852,72.854,55.893,47.818,73.022,97.56,93.602,330.408,126.755,180.482,221.715
Index,1990-09-30,72.504,72.711,55.751,55.393,72.838,98.43,93.43,326.682,125.944,185.042,219.026
Index,1990-10-31,71.707,72.711,55.256,66.215,72.194,100.079,93.256,321.097,125.712,191.368,220.373
Index,1990-11-30,71.924,72.711,54.688,60.649,73.298,102.337,92.48,320.033,125.364,187.249,219.41
Index,1990-12-31,73.156,72.711,54.617,54.686,75.049,103.468,92.566,318.702,125.596,182.836,218.45
Index,1991-01-31,72.649,73.36,54.829,54.261,76.061,104.162,92.221,323.757,123.857,183.865,219.41
Index,1991-02-28,71.997,73.36,54.263,52.425,76.89,103.642,91.874,320.831,123.394,181.218,217.681
Index,1991-03-31,72.866,73.505,54.9,41.43,77.81,103.121,92.048,322.16,123.857,173.862,218.45
Index,1991-04-30,72.649,73.577,54.972,38.181,76.89,101.991,92.566,321.364,123.972,171.362,218.064
Index,1991-05-31,72.07,73.865,54.972,36.712,76.153,99.385,92.307,321.364,124.668,169.892,217.681
Index,1991-06-30,71.78,74.805,55.256,37.644,77.258,97.387,92.048,317.904,123.394,169.303,215.566
Index,1991-07-31,71.78,74.805,54.333,37.531,76.982,95.824,92.048,315.777,123.626,168.421,214.222
Index,1991-08-31,71.707,75.166,53.554,37.362,76.982,95.127,91.012,314.713,123.972,167.686,213.646
Index,1991-09-30,71.633,75.237,53.13,37.22,76.337,95.476,90.84,313.115,123.394,166.95,212.686
Index,1991-10-31,70.764,75.31,53.13,37.531,76.522,93.217,90.579,310.455,123.162,166.068,210.956
Index,1991-11-30,71.416,75.31,52.279,38.039,77.535,92.521,90.321,308.327,122.351,165.773,209.804
Index,1991-12-31,71.343,75.31,51.217,36.232,78.178,93.738,89.283,308.593,121.771,164.301,209.611
Index,1992-01-31,70.184,74.949,51.076,34.111,79.653,90.177,89.371,301.411,118.99,160.036,205.384
Index,1992-02-29,69.895,74.949,51.57,33.433,80.113,90.177,89.198,300.612,119.455,159.448,205.001
Index,1992-03-31,70.04,74.949,52.422,32.67,80.296,91.132,89.283,301.943,119.222,159.448,205.961
Index,1992-04-30,68.734,74.371,52.918,34.111,79.929,90.785,88.68,298.218,119.107,159.303,204.231
Index,1992-05-31,68.299,74.371,52.634,35.27,80.296,90.089,87.817,296.888,119.455,159.448,203.078
Index,1992-06-30,67.791,74.587,52.846,36.627,79.745,89.916,88.076,295.291,119.222,160.036,202.503
Index,1992-07-31,67.429,74.516,52.422,37.051,78.362,89.568,88.853,296.09,119.107,160.331,202.695
Index,1992-08-31,67.284,74.444,51.997,36.259,77.902,89.133,88.076,294.76,119.222,159.303,201.734
Index,1992-09-30,66.849,74.444,51.429,36.033,77.258,88.352,88.162,293.696,118.99,158.712,201.159
Index,1992-10-31,67.791,74.444,51.36,37.192,77.719,87.569,87.988,295.026,119.222,159.595,201.543
Index,1992-11-30,67.864,74.444,51.713,36.232,78.639,88.005,87.557,299.015,119.455,160.185,203.271
Index,1992-12-31,66.994,74.444,52.279,35.58,78.362,88.178,87.817,297.951,119.918,159.595,203.078
Index,1993-01-31,66.268,73.216,52.775,34.705,78.639,87.657,87.299,296.623,119.918,158.566,202.119
Index,1993-02-28,65.761,73.072,52.705,35.072,78.916,86.789,86.607,296.888,120.034,158.566,202.119
Index,1993-03-31,65.688,73.072,52.138,35.044,79.192,87.049,87.299,295.559,120.034,158.125,201.734
Index,1993-04-30,66.487,73.144,52.067,35.412,78.823,86.18,87.126,293.961,119.338,157.831,200.581
Index,1993-05-31,66.268,73.144,51.854,36.033,78.362,86.093,87.039,292.632,119.57,157.831,200.006
Index,1993-06-30,66.704,73.144,51.997,34.817,77.995,86.005,87.644,292.632,119.802,157.241,200.389
Index,1993-07-31,66.777,73.288,51.854,32.528,77.258,85.658,87.644,292.897,120.844,155.625,200.581
Index,1993-08-31,67.574,71.773,51.784,31.482,77.535,85.05,87.385,292.367,121.192,154.74,200.198
Index,1993-09-30,68.662,71.773,50.933,31.144,77.902,85.311,87.212,291.303,120.96,154.153,199.813
Index,1993-10-31,68.372,71.773,49.941,32.189,75.877,84.182,86.003,289.704,120.728,153.858,198.084
Index,1993-11-30,68.662,71.773,50.296,31.37,75.601,85.05,85.83,289.704,121.076,153.416,198.66
Index,1993-12-31,69.097,71.773,51.076,29.59,78.178,85.398,85.486,288.907,121.076,152.24,198.468
Index,1994-01-31,69.459,71.122,51.5,28.912,78.178,84.877,85.486,287.045,120.265,151.063,197.508
Index,1994-02-28,68.952,71.122,52.988,28.741,78.916,84.27,85.4,285.981,119.802,150.622,197.124
Index,1994-03-31,69.169,71.122,54.829,27.894,78.916,84.095,85.573,284.118,120.612,149.742,196.546
Index,1994-04-30,68.445,71.268,56.53,28.487,79.008,83.574,86.176,283.32,120.497,150.18,196.546
Index,1994-05-31,69.242,71.268,56.459,28.995,79.284,83.139,86.089,279.861,119.802,149.447,195.011
Index,1994-06-30,70.184,71.268,57.947,28.036,79.56,82.878,86.176,278.532,119.687,148.564,194.818
Index,1994-07-31,72.722,71.195,60.78,28.995,81.494,82.966,86.089,278.265,120.265,149.742,195.394
Index,1994-08-31,72.649,71.195,62.905,29.137,85.176,84.095,85.226,276.404,119.802,149.742,195.011
Index,1994-09-30,73.447,71.195,63.118,28.855,86.836,84.964,84.709,275.605,119.455,149.299,194.818
Index,1994-10-31,74.245,71.268,64.96,28.968,88.307,86.875,84.621,274.009,119.107,149.299,194.818
Index,1994-11-30,73.81,71.268,64.89,29.08,91.439,87.222,84.967,272.414,118.99,149.151,194.433
Index,1994-12-31,72.287,71.483,70.485,28.741,92.82,87.657,84.881,272.68,118.527,149.299,195.011
Index,1995-01-31,71.953,73.007,73.191,28.581,95.638,87.24,86.073,274.222,116.5,150.342,196.566
Index,1995-02-28,72.388,72.977,74.169,29.056,95.381,87.24,86.134,271.48,115.991,149.563,195.164
Index,1995-03-31,73.251,72.905,75.486,28.338,96.292,87.544,86.003,268.822,114.692,148.269,193.761
Index,1995-04-30,72.946,72.798,74.679,28.649,96.2,88.655,85.935,265.737,116.314,147.518,192.493
Index,1995-05-31,73.432,72.689,73.744,29.093,91.946,89.125,86.271,264.247,115.584,147.152,191.706
Index,1995-06-30,73.317,72.639,71.251,28.382,91.789,89.143,86.107,264.938,115.248,146.96,191.878
Index,1995-07-31,72.555,72.538,68.494,27.374,91.642,88.413,86.134,263.955,115.051,145.96,191.051
Index,1995-08-31,73.389,72.205,66.64,26.5,91.043,87.718,86.746,263.688,115.343,145.475,190.918
Index,1995-09-30,72.925,71.15,66.773,26.784,90.049,86.18,87.056,265.523,116.118,146.151,191.706
Index,1995-10-31,72.07,71.245,66.064,26.958,88.741,84.964,86.849,264.832,116.141,145.769,191.033
Index,1995-11-30,71.381,71.122,69.48,28.307,88.446,83.192,86.729,263.288,116.663,145.71,190.13
Index,1995-12-31,70.445,71.187,70.095,31.117,87.829,83.095,86.141,261.639,116.708,146.226,189.13
Index,1996-01-31,70.561,71.7,69.288,32.82,86.512,82.236,86.625,256.823,114.531,144.975,186.287
Index,1996-02-29,70.873,71.679,68.36,32.023,84.956,82.158,86.185,255.229,114.566,143.96,185.345
Index,1996-03-31,70.671,71.578,66.426,32.032,82.756,81.646,85.666,252.833,114.739,142.914,183.847
Index,1996-04-30,71.236,71.547,64.492,31.783,83.64,81.15,85.597,251.85,114.507,142.343,183.194
Index,1996-05-31,71.221,71.592,64.57,31.783,83.934,81.402,85.589,249.774,114.391,141.621,182.156
Index,1996-06-30,71.207,71.57,63.238,30.677,85.804,80.699,85.538,249.03,114.242,140.739,181.58
Index,1996-07-31,70.793,71.62,61.269,30.381,84.616,80.393,84.873,247.035,115.446,139.81,180.447
Index,1996-08-31,71.591,70.675,60.057,31.231,85.26,79.951,84.285,242.965,115.191,138.547,178.122
Index,1996-09-30,71.482,70.617,59.618,33.436,82.627,79.578,83.974,242.139,115.145,139.09,177.528
Index,1996-10-31,71.367,70.588,58.911,35.406,84.8,79.69,83.862,240.411,114.368,139.238,176.508
Index,1996-11-30,71.265,71.187,58.641,35.988,83.787,78.683,83.041,233.255,114.948,136.752,172.627
Index,1996-12-31,71.33,70.732,58.825,38.07,85.223,78.256,82.817,232.696,114.206,137.31,172.128
Index,1997-01-31,72.533,71.578,60.242,35.206,81.733,79.126,82.705,226.844,112.399,133.957,169.13
Index,1997-02-28,73.404,71.628,59.916,32.916,83.52,79.874,83.197,227.8,112.687,133.515,169.918
Index,1997-03-31,73.476,71.736,59.852,32.727,84.164,80.855,84.086,227.641,114.287,133.765,170.38
Index,1997-04-30,73.186,71.837,58.711,31.545,85.011,81.349,84.0,225.512,114.078,132.458,169.264
Index,1997-05-31,73.859,71.894,58.711,30.858,85.406,81.871,84.553,221.522,114.437,130.912,167.478
Index,1997-06-30,74.31,71.844,58.252,29.563,85.159,81.184,84.19,220.83,114.125,129.957,166.92
Index,1997-07-31,75.608,71.859,57.394,28.792,84.818,81.367,84.752,219.846,113.777,129.354,166.517
Index,1997-08-31,76.739,69.91,57.253,29.882,80.389,82.461,85.753,221.921,115.539,130.957,168.132
Index,1997-09-30,77.5,70.119,56.573,30.754,80.14,83.218,86.53,223.173,115.353,131.957,169.015
Index,1997-10-31,80.393,70.198,56.14,32.551,82.387,84.06,87.212,225.141,115.134,133.721,170.417
Index,1997-11-30,81.727,68.964,55.531,33.803,83.051,84.807,87.929,227.773,114.994,135.37,172.013
Index,1997-12-31,82.625,69.389,54.362,31.271,83.197,85.833,88.611,232.403,115.991,136.252,174.816
Index,1998-01-31,83.489,73.223,53.867,27.809,90.573,87.518,89.941,239.319,119.153,138.077,179.563
Index,1998-02-28,82.43,73.346,54.2,26.314,94.432,85.215,88.378,234.796,118.146,135.251,176.45
Index,1998-03-31,81.488,72.92,51.903,23.979,96.328,82.531,87.177,227.773,115.816,130.927,171.743
Index,1998-04-30,81.778,72.48,52.195,25.647,101.863,80.498,86.107,222.081,115.562,129.28,168.362
Index,1998-05-31,82.14,72.487,51.989,25.956,103.87,80.829,85.771,223.251,115.886,129.883,169.034
Index,1998-06-30,81.915,72.891,51.642,23.997,100.168,81.402,86.15,226.844,116.848,130.5,171.109
Index,1998-07-31,81.67,73.888,50.565,24.061,100.554,80.776,86.669,229.584,116.895,131.5,172.493
Index,1998-08-31,81.887,74.032,49.659,23.475,101.254,81.333,86.764,233.069,117.519,132.62,174.47
Index,1998-09-30,81.233,74.169,48.979,24.935,104.026,81.776,86.349,230.222,117.103,132.163,172.914
Index,1998-10-31,80.422,73.57,48.411,25.444,100.196,79.587,84.578,223.757,116.974,129.5,168.803
Index,1998-11-30,79.871,73.296,48.001,23.641,101.282,79.116,84.017,221.627,117.288,127.824,167.537
Index,1998-12-31,79.768,73.491,47.186,21.411,98.04,79.803,84.104,222.16,117.635,127.117,167.901
Index,1999-01-31,79.603,73.677,47.858,23.225,96.236,80.419,83.698,223.278,116.43,128.221,168.342
Index,1999-02-28,79.437,73.865,47.315,22.974,93.437,80.002,84.156,225.727,116.986,129.015,169.649
Index,1999-03-31,79.089,74.667,47.095,23.038,84.468,80.871,84.5,226.124,118.157,129.383,170.13
Index,1999-04-30,78.18,74.53,46.704,26.254,84.404,81.072,84.035,226.682,117.74,130.854,170.225
Index,1999-05-31,77.572,75.101,47.341,28.213,82.24,81.184,84.121,223.73,117.021,130.573,168.632
Index,1999-06-30,78.094,74.567,48.072,28.122,76.493,81.489,83.759,223.173,117.647,130.383,168.42
Index,1999-07-31,77.362,74.574,47.725,31.173,72.976,82.68,83.344,222.666,116.639,131.441,168.036
Index,1999-08-31,77.659,74.082,47.987,34.688,73.336,83.035,83.119,222.905,116.235,133.029,168.132
Index,1999-09-30,79.204,74.704,49.298,37.223,75.471,84.763,83.37,225.939,116.037,135.561,170.13
Index,1999-10-31,78.283,74.862,50.445,38.021,72.091,86.232,83.499,223.518,116.395,135.222,169.149
Index,1999-11-30,78.9,74.805,52.846,39.402,70.002,87.24,83.586,222.295,115.655,135.516,168.746
Index,1999-12-31,78.007,74.725,52.939,40.766,69.541,88.387,83.672,221.257,115.458,135.795,168.323
Index,2000-01-31,76.514,72.937,54.978,42.096,67.674,89.882,84.221,216.067,116.092,135.572,165.846
Index,2000-02-29,76.362,73.819,55.944,45.36,67.769,91.291,84.904,217.414,117.022,137.382,167.046
Index,2000-03-31,76.426,74.66,56.307,49.216,69.382,92.135,84.874,218.318,116.549,138.917,167.655
Index,2000-04-30,77.259,74.491,55.944,43.435,70.433,93.401,84.315,218.621,117.326,137.62,168.086
Index,2000-05-31,77.245,75.248,55.763,46.535,69.286,93.212,84.48,220.082,117.598,139.133,168.952
Index,2000-06-30,77.16,75.436,55.92,48.074,67.517,93.182,84.567,219.961,118.659,139.617,169.025
Index,2000-07-31,76.948,76.11,55.064,48.544,67.138,93.771,85.16,223.269,117.846,141.181,170.94
Index,2000-08-31,76.43,75.764,54.569,52.168,66.393,93.837,84.677,222.002,117.025,141.515,170.03
Index,2000-09-30,75.264,76.449,55.022,55.512,64.655,94.205,84.334,223.931,116.761,143.252,171.104
Index,2000-10-31,75.645,76.894,55.58,57.242,64.362,94.717,84.64,223.688,116.978,143.756,171.131
Index,2000-11-30,75.384,76.688,54.591,53.609,63.537,94.266,84.408,218.82,116.722,140.533,168.174
Index,2000-12-31,75.343,75.945,54.554,46.101,62.052,93.726,84.001,217.275,116.338,137.627,167.095
Index,2001-01-31,74.01,75.859,54.198,44.765,61.578,92.832,83.987,214.031,115.666,135.655,164.958
Index,2001-02-28,73.784,76.179,54.013,45.554,60.318,92.362,84.425,213.423,115.904,135.612,164.6
Index,2001-03-31,73.939,77.177,53.006,44.792,60.66,93.099,84.838,214.482,115.601,135.93,165.316
Index,2001-04-30,73.328,78.569,51.864,47.796,62.582,94.211,85.422,213.55,116.511,136.614,165.104
Index,2001-05-31,73.771,78.565,52.059,48.39,62.373,93.953,84.502,212.352,116.214,136.158,164.273
Index,2001-06-30,74.249,78.676,52.114,46.89,63.41,93.873,84.93,208.846,116.126,134.266,162.3
Index,2001-07-31,73.996,79.077,51.071,44.522,66.904,93.212,84.172,201.084,115.829,130.114,157.625
Index,2001-08-31,72.996,76.929,49.967,44.64,68.18,90.508,82.607,198.923,114.998,128.666,155.639
Index,2001-09-30,72.682,76.424,49.058,46.162,66.144,89.412,81.142,199.67,114.716,129.125,155.685
Index,2001-10-31,72.902,78.527,50.002,42.054,66.868,90.396,82.22,196.79,115.084,127.014,154.397
Index,2001-11-30,73.077,79.179,50.073,38.079,70.079,89.777,83.07,192.543,116.416,124.229,152.156
Index,2001-12-31,73.955,79.788,49.02,37.284,70.055,89.682,82.67,193.456,116.529,124.382,152.658
Index,2002-01-31,73.943,80.973,50.519,37.481,72.247,90.143,83.268,191.556,114.379,123.554,151.475
Index,2002-02-28,74.264,81.221,51.172,38.508,71.772,90.174,82.796,192.016,114.199,124.015,151.706
Index,2002-03-31,73.927,81.14,52.894,42.59,71.821,91.007,82.842,193.519,114.292,125.928,152.738
Index,2002-04-30,73.707,81.198,54.137,44.218,72.421,92.103,82.622,190.27,113.234,125.011,150.901
Index,2002-05-31,72.822,80.178,55.503,45.764,73.086,91.61,82.018,186.492,111.719,123.569,148.39
Index,2002-06-30,72.805,79.498,54.524,43.871,74.079,91.389,81.647,183.841,111.08,121.766,146.685
Index,2002-07-31,72.604,78.358,57.607,43.909,75.056,90.778,81.041,179.416,110.738,119.777,144.005
Index,2002-08-31,72.292,78.476,57.075,44.477,77.195,91.264,80.025,178.925,110.51,119.676,143.657
Index,2002-09-30,72.866,79.515,56.44,47.928,76.925,91.787,80.067,177.282,110.789,120.044,142.854
Index,2002-10-31,73.682,80.251,58.694,49.195,78.381,91.862,80.049,179.025,111.182,121.268,144.02
Index,2002-11-30,73.65,79.478,59.07,44.93,81.375,91.262,79.966,176.678,110.888,118.971,142.543
Index,2002-12-31,73.645,80.72,58.948,48.781,81.939,90.464,80.422,175.96,110.943,119.708,142.087
Index,2003-01-31,74.252,80.843,59.531,51.719,83.297,90.396,80.821,173.343,110.609,119.428,140.61
Index,2003-02-28,73.882,81.187,60.539,57.133,83.367,92.297,81.114,173.019,110.848,121.071,140.78
Index,2003-03-31,73.979,81.473,62.664,56.389,83.607,94.057,80.89,171.185,110.603,120.274,139.992
Index,2003-04-30,73.93,82.338,63.234,48.937,83.353,94.383,81.912,172.037,111.127,118.733,140.721
Index,2003-05-31,72.737,80.759,61.918,47.165,82.317,91.201,81.327,169.313,110.789,116.571,138.488
Index,2003-06-30,73.037,80.716,61.483,47.654,81.742,90.812,81.483,169.377,110.701,116.691,138.466
Index,2003-07-31,73.832,81.791,62.212,49.272,81.881,92.129,82.656,168.093,111.276,116.923,138.171
Index,2003-08-31,73.194,81.718,62.144,51.086,80.661,92.97,82.254,166.722,111.641,116.922,137.49
Index,2003-09-30,72.922,81.489,64.164,48.646,82.234,93.809,82.06,166.128,111.296,116.061,137.25
Index,2003-10-31,72.967,81.012,65.893,50.632,85.743,93.229,82.037,163.639,111.423,115.533,135.799
Index,2003-11-30,72.597,80.429,68.946,51.096,90.073,93.933,82.649,164.309,111.164,116.097,136.379
Index,2003-12-31,72.431,79.802,68.829,52.559,91.388,93.198,82.6,163.992,110.801,116.24,136.024
Index,2004-01-31,73.395,79.423,69.996,55.306,91.618,92.823,84.099,163.691,111.195,117.023,136.042
Index,2004-02-29,74.051,79.055,70.942,54.102,93.261,94.021,84.583,163.416,110.858,116.733,136.102
Index,2004-03-31,74.481,79.651,75.572,54.291,95.421,95.506,86.929,162.393,111.12,116.807,136.135
Index,2004-04-30,73.985,78.948,77.012,55.274,96.437,95.792,87.295,160.548,110.83,116.327,135.122
Index,2004-05-31,74.574,79.944,76.385,61.326,96.147,96.573,88.612,161.811,111.18,118.79,136.152
Index,2004-06-30,75.325,79.988,76.031,59.177,90.975,97.823,89.761,161.446,111.544,118.28,136.273
Index,2004-07-31,75.808,77.587,75.823,61.752,88.001,99.552,90.407,159.846,111.235,118.481,135.578
Index,2004-08-31,75.716,78.026,75.958,67.274,87.433,102.884,91.343,158.724,111.934,120.047,135.605
Index,2004-09-30,75.638,77.436,75.93,68.255,88.219,105.536,90.51,155.189,111.223,118.958,133.78
Index,2004-10-31,75.705,76.804,76.243,74.141,86.548,107.446,91.337,152.472,111.524,119.728,132.605
Index,2004-11-30,75.413,75.866,76.267,69.425,85.804,106.88,91.601,149.902,110.962,117.186,130.966
Index,2004-12-31,76.099,75.619,76.275,62.657,84.261,105.591,91.198,149.55,110.762,114.962,130.524
Index,2005-01-31,75.433,76.705,76.303,63.412,82.51,104.775,92.314,147.18,110.34,114.1,129.085
Index,2005-02-28,75.52,76.732,77.566,67.115,82.724,105.704,92.625,147.015,109.982,115.179,129.144
Index,2005-03-31,75.703,77.588,78.946,77.053,83.41,106.81,93.115,146.438,109.841,117.897,129.059
Index,2005-04-30,76.697,78.52,79.966,81.65,83.544,108.379,94.08,148.074,110.234,120.219,130.444
Index,2005-05-31,76.172,78.471,78.856,75.593,84.23,106.637,93.554,147.842,110.486,118.191,130.0
Index,2005-06-30,76.406,79.179,79.455,83.444,83.545,105.902,94.046,147.176,110.771,120.11,129.627
Index,2005-07-31,76.64,79.323,81.329,86.199,84.088,107.302,94.388,148.404,110.045,121.557,130.531
Index,2005-08-31,76.429,78.476,82.573,91.909,82.583,106.017,92.933,146.775,109.413,122.154,129.192
Index,2005-09-30,76.298,79.111,84.947,98.082,83.194,107.992,93.075,148.098,110.02,124.785,130.401
Index,2005-10-31,76.176,80.572,86.384,96.686,83.598,109.113,94.436,148.184,110.364,124.726,130.846
Index,2005-11-30,77.497,80.908,86.361,87.737,83.099,108.604,94.838,148.075,110.349,122.182,130.794
Index,2005-12-31,76.772,79.941,86.0,88.459,81.766,106.319,94.905,146.536,110.495,121.452,129.543
Index,2006-01-31,78.128,83.047,88.057,90.187,81.517,106.735,96.321,151.43,110.102,125.624,133.268
Index,2006-02-28,78.302,82.78,89.826,91.702,80.885,107.213,96.498,151.389,109.871,125.964,133.327
Index,2006-03-31,78.525,84.056,91.731,93.439,81.01,106.836,96.779,146.32,109.732,123.689,130.115
Index,2006-04-30,78.235,83.68,92.009,99.113,80.361,106.107,98.032,145.5,109.135,124.285,129.503
Index,2006-05-31,77.981,83.015,97.428,102.994,80.102,105.672,99.214,142.014,110.627,123.407,127.502
Index,2006-06-30,78.488,83.237,100.446,104.289,80.071,107.748,98.35,142.562,110.172,124.157,128.118
Index,2006-07-31,78.269,82.789,101.405,107.59,80.576,108.276,99.519,141.04,110.705,124.192,127.379
Index,2006-08-31,78.997,82.837,100.972,105.799,81.484,109.056,99.869,140.123,109.269,123.4,126.828
Index,2006-09-30,78.836,82.892,99.025,98.328,79.087,109.947,100.469,140.718,109.096,122.383,127.347
Index,2006-10-31,78.277,82.244,96.415,91.988,79.985,110.227,102.16,138.24,108.818,119.972,125.884
Index,2006-11-30,77.415,81.564,94.522,87.432,81.676,108.34,101.876,136.931,107.594,118.035,124.58
Index,2006-12-31,77.075,81.156,92.95,87.94,84.763,107.985,102.835,135.835,106.939,117.514,123.816
Index,2007-01-31,77.875,79.637,94.947,84.215,86.651,107.339,103.528,135.635,106.583,116.64,123.625
Index,2007-02-28,78.437,79.578,97.694,87.7,86.443,106.842,105.033,135.053,106.69,117.073,123.331
Index,2007-03-31,78.835,79.351,99.004,91.222,86.449,106.432,105.987,134.029,106.636,117.238,122.7
Index,2007-04-30,79.848,79.106,101.594,98.393,88.651,106.569,106.824,132.515,106.53,117.941,121.863
Index,2007-05-31,80.997,79.347,103.098,100.099,90.818,107.696,107.73,131.475,105.417,117.886,121.391
Index,2007-06-30,81.49,79.789,102.594,102.32,92.646,108.813,107.857,132.088,106.525,118.877,122.085
Index,2007-07-31,82.997,79.797,99.67,106.006,92.776,110.489,108.636,130.136,104.506,118.699,120.993
Index,2007-08-31,83.44,80.058,101.797,103.411,96.814,110.725,108.615,129.741,105.549,118.14,120.918
Index,2007-09-30,83.13,79.809,103.393,109.334,98.304,110.118,107.414,129.081,105.734,118.816,120.348
Index,2007-10-31,83.455,79.186,107.467,113.567,97.54,109.221,107.179,125.644,104.443,117.672,117.936
Index,2007-11-30,83.823,78.858,114.353,125.691,102.945,109.122,106.864,125.247,104.022,119.806,117.688
Index,2007-12-31,84.742,79.001,113.976,126.437,107.845,108.715,105.857,125.322,103.866,119.886,117.608
Index,2008-01-31,86.381,82.504,116.46,125.029,113.165,108.797,106.517,123.113,103.656,118.6,116.359
Index,2008-02-29,86.674,82.044,128.027,125.394,114.412,108.016,107.494,121.695,102.584,117.907,115.418
Index,2008-03-31,87.35,81.464,130.261,135.762,116.343,107.523,110.68,120.519,103.173,119.492,114.913
Index,2008-04-30,88.869,80.938,135.863,144.975,117.91,106.449,110.713,118.476,101.914,120.05,113.415
Index,2008-05-31,89.242,81.038,137.792,163.484,119.39,108.177,112.494,117.123,101.7,123.259,112.976
Index,2008-06-30,90.363,81.06,138.07,173.437,127.86,109.688,112.725,117.491,101.782,125.617,113.518
Index,2008-07-31,91.466,82.51,148.789,182.838,127.322,111.222,114.561,115.892,102.343,127.07,113.079
Index,2008-08-31,93.21,84.418,153.004,160.212,118.804,113.534,113.649,118.396,101.377,124.231,114.948
Index,2008-09-30,95.006,85.034,148.432,146.754,118.053,114.678,112.907,120.008,102.755,122.675,116.224
Index,2008-10-31,96.581,86.666,119.084,112.657,116.502,113.786,110.185,122.167,103.967,116.844,117.13
Index,2008-11-30,96.713,87.397,102.134,86.198,110.593,109.655,108.589,124.36,104.729,112.164,117.643
Index,2008-12-31,95.245,86.537,91.603,75.814,106.784,104.222,104.572,123.926,105.481,108.938,116.135
Index,2009-01-31,93.235,91.966,87.076,75.577,106.724,102.076,102.545,122.863,104.48,107.851,114.852
Index,2009-02-28,94.183,92.739,87.875,73.161,105.789,103.219,102.466,124.084,106.285,108.322,116.005
Index,2009-03-31,93.82,93.997,88.859,70.206,106.656,103.849,102.158,124.558,107.593,108.174,116.524
Index,2009-04-30,92.036,93.482,90.809,78.066,110.071,103.488,101.158,122.792,106.9,108.615,115.202
Index,2009-05-31,89.851,92.242,90.939,82.981,111.177,103.326,101.074,119.254,105.952,107.609,112.799
Index,2009-06-30,89.5,91.987,92.589,96.586,118.581,103.247,101.921,119.502,105.623,110.387,112.992
Index,2009-07-31,88.993,93.248,91.445,93.323,114.205,105.186,100.906,119.601,105.764,110.001,113.293
Index,2009-08-31,88.947,93.299,95.769,101.924,111.905,105.343,102.253,119.733,105.345,111.82,113.491
Index,2009-09-30,89.37,92.892,99.151,96.536,109.616,105.478,101.759,119.626,104.919,110.711,113.402
Index,2009-10-31,88.565,92.16,98.298,100.436,104.414,103.054,101.017,118.285,104.803,110.371,112.06
Index,2009-11-30,89.286,91.904,102.146,105.003,103.638,102.737,100.533,117.483,105.006,110.825,111.536
Index,2009-12-31,90.148,92.103,108.469,103.512,103.161,103.635,101.429,117.727,104.433,110.851,111.92
Index,2010-01-31,92.303,93.13,115.519,107.758,104.4,105.494,103.04,116.803,104.832,111.661,111.911
Index,2010-02-28,93.235,93.604,119.902,106.098,105.017,107.493,102.664,118.463,105.071,112.503,113.343
Index,2010-03-31,93.89,93.272,145.628,109.223,104.852,106.79,103.633,117.317,104.143,112.616,112.74
Index,2010-04-30,94.041,92.784,151.13,114.356,107.236,106.18,104.83,116.063,103.402,112.939,111.92
Index,2010-05-31,95.08,92.649,146.094,109.776,108.444,106.787,103.815,116.728,103.563,112.41,112.355
Index,2010-06-30,95.819,92.719,132.301,105.319,108.452,106.805,103.614,117.566,103.651,111.883,112.764
Index,2010-07-31,97.085,92.944,130.011,103.829,107.428,105.437,103.459,116.034,103.481,110.614,111.556
Index,2010-08-31,96.562,92.491,130.375,104.389,110.836,103.574,104.685,115.524,102.817,110.232,110.952
Index,2010-09-30,96.48,92.665,131.481,103.347,111.91,102.539,106.456,114.187,100.235,109.124,109.834
Index,2010-10-31,96.108,90.754,128.206,107.027,113.636,102.303,107.935,111.986,99.963,108.696,108.433
Index,2010-11-30,95.747,90.719,132.744,111.443,121.157,103.656,107.298,112.093,100.026,109.787,108.732
Index,2010-12-31,97.108,91.902,135.819,116.424,126.322,104.552,108.179,111.904,100.246,110.899,108.92
Index,2011-01-31,99.82,94.116,143.061,121.899,125.788,104.293,109.235,111.832,98.961,111.96,108.927
Index,2011-02-28,100.476,93.752,149.734,130.476,131.616,105.348,111.804,111.333,97.977,113.635,108.955
Index,2011-03-31,101.258,93.268,148.044,142.362,129.755,106.163,111.402,109.971,98.354,115.333,108.226
Index,2011-04-30,102.585,92.29,150.796,148.487,124.412,106.324,111.878,109.169,97.863,116.138,107.766
Index,2011-05-31,103.331,91.739,147.083,140.853,123.574,105.877,109.083,108.145,97.459,113.871,106.786
Index,2011-06-30,103.951,91.823,143.748,139.51,123.315,105.572,107.452,107.614,98.034,113.237,106.324
Index,2011-07-31,105.848,91.008,142.15,139.985,121.228,104.019,107.976,105.494,98.124,112.085,104.792
Index,2011-08-31,105.769,91.115,140.546,135.352,120.451,103.961,106.219,104.47,98.399,110.567,104.022
Index,2011-09-30,106.696,93.047,143.882,138.176,123.242,106.221,106.364,106.637,100.178,112.723,106.007
Index,2011-10-31,107.642,93.647,139.191,140.918,122.15,107.476,106.024,108.823,101.366,114.589,107.653
Index,2011-11-30,106.897,94.626,132.363,145.333,120.716,106.593,106.197,108.961,101.931,115.39,107.592
Index,2011-12-31,107.096,94.356,130.028,142.058,119.828,106.31,104.915,109.962,101.788,115.13,108.051
Index,2012-01-31,107.547,95.041,130.725,149.816,119.082,106.992,106.834,109.739,101.31,116.675,108.053
Index,2012-02-29,106.012,94.279,133.145,151.82,118.68,105.542,106.561,106.965,100.444,115.423,105.953
Index,2012-03-31,105.036,94.429,135.811,155.325,118.923,106.684,105.636,107.069,100.07,116.293,106.136
Index,2012-04-30,103.501,95.291,135.243,151.978,119.807,107.054,104.264,108.307,99.802,116.162,106.844
Index,2012-05-31,103.539,95.155,133.943,142.893,120.052,106.786,103.235,108.065,99.13,114.019,106.506
Index,2012-06-30,103.494,96.251,129.662,130.658,116.178,105.477,102.761,108.151,100.284,111.414,106.408
Index,2012-07-31,99.482,94.877,124.003,132.023,115.523,103.118,101.3,106.998,100.671,110.668,105.111
Index,2012-08-31,98.664,94.687,118.948,142.653,115.263,103.316,100.616,105.453,98.572,111.88,103.873
Index,2012-09-30,98.055,94.067,118.803,143.115,113.508,103.657,102.113,103.948,98.822,111.359,103.096
Index,2012-10-31,97.812,93.115,118.798,138.765,110.754,103.081,100.883,102.508,99.562,109.676,102.108
Index,2012-11-30,97.289,93.458,117.209,133.263,109.21,102.882,99.783,103.002,97.641,108.52,102.083
Index,2012-12-31,97.047,94.165,117.698,131.13,109.451,102.306,101.257,102.999,97.107,108.015,102.001
Index,2013-01-31,96.557,92.472,119.387,135.182,108.73,102.88,102.687,102.84,97.442,108.931,102.1
Index,2013-02-28,97.178,92.0,120.925,142.295,109.537,103.858,103.255,103.26,97.869,110.82,102.631
Index,2013-03-31,97.154,91.83,119.875,135.693,110.456,104.261,102.805,104.469,97.801,110.073,103.406
Index,2013-04-30,95.888,91.029,116.044,129.577,107.801,103.54,101.169,104.02,96.28,108.234,102.68
Index,2013-05-31,96.044,90.692,114.156,128.995,109.148,102.63,100.73,104.218,96.333,108.055,102.606
Index,2013-06-30,97.045,91.711,113.518,133.132,108.285,103.981,101.058,105.516,96.774,109.81,103.741
Index,2013-07-31,98.524,94.032,111.677,135.654,107.789,104.409,101.001,105.92,96.304,110.578,104.054
Index,2013-08-31,99.473,95.402,112.044,135.928,105.758,105.546,102.461,105.544,94.76,110.566,103.966
Index,2013-09-30,99.368,94.387,111.846,134.066,104.934,106.259,101.935,105.553,94.014,110.186,103.972
Index,2013-10-31,98.883,92.77,110.639,132.878,104.79,105.253,101.454,103.413,92.667,108.581,102.259
Index,2013-11-30,100.01,92.98,109.878,132.443,107.136,104.67,100.822,103.258,92.749,108.328,102.053
Index,2013-12-31,100.466,93.384,111.037,135.177,107.463,105.319,101.388,103.468,92.95,109.147,102.374
Index,2014-01-31,101.458,94.065,110.388,135.473,106.667,105.814,101.763,103.457,92.993,109.31,102.503
Index,2014-02-28,101.453,94.206,108.64,136.022,106.266,105.369,101.832,103.246,92.91,109.244,102.276
Index,2014-03-31,101.809,94.426,107.139,134.313,108.138,105.146,102.445,103.347,93.348,108.974,102.379
Index,2014-04-30,101.561,94.005,105.978,133.353,107.668,104.321,102.776,102.448,92.514,108.142,101.582
Index,2014-05-31,101.798,93.861,105.945,133.048,107.082,104.161,102.403,101.779,92.131,107.681,101.08
Index,2014-06-30,102.846,94.129,106.812,134.048,105.487,104.034,102.598,101.701,92.622,107.905,101.102
Index,2014-07-31,103.802,93.795,106.398,131.237,103.507,104.788,102.415,100.905,92.629,107.044,100.749
Index,2014-08-31,103.448,93.635,106.28,127.843,103.195,105.509,102.39,101.557,92.884,106.78,101.298
Index,2014-09-30,103.881,94.328,105.675,125.712,102.211,106.132,101.994,102.371,92.882,106.818,101.902
Index,2014-10-31,104.213,95.887,104.351,115.499,100.246,105.874,101.264,103.013,93.65,105.036,102.313
Index,2014-11-30,104.459,97.435,102.452,110.428,101.395,105.607,102.291,104.599,93.964,104.804,103.341
Index,2014-12-31,105.202,97.85,101.664,91.978,100.967,104.402,102.59,105.314,94.586,101.248,103.66
Index,2015-01-31,105.695,99.239,99.202,77.912,100.612,100.484,102.273,106.445,94.984,98.359,103.679
Index,2015-02-28,105.108,99.781,98.551,87.653,100.982,100.578,102.453,107.829,95.373,101.095,104.593
Index,2015-03-31,105.427,100.937,98.816,85.041,101.55,102.578,102.499,108.953,95.899,101.459,105.732
Index,2015-04-30,105.392,99.375,98.358,85.747,98.973,102.136,99.999,106.63,95.134,100.215,103.98
Index,2015-05-31,105.437,98.784,97.577,91.534,97.929,103.024,98.933,105.194,94.286,100.708,103.094
Index,2015-06-30,105.353,99.705,97.252,90.635,97.917,103.874,98.269,105.959,94.649,101.03,103.734
Index,2015-07-31,104.829,100.987,95.585,84.016,98.598,103.755,96.804,106.452,97.34,100.064,104.24
Index,2015-08-31,105.001,103.096,94.193,76.098,96.7,104.396,97.739,108.877,98.918,99.9,106.093
Index,2015-09-30,105.116,103.97,91.223,73.891,95.466,103.127,98.849,108.583,100.108,99.264,105.868
Index,2015-10-31,104.521,103.493,88.466,73.313,94.265,101.396,97.995,107.635,100.554,98.409,104.94
Index,2015-11-30,104.685,103.894,87.531,70.551,95.711,100.996,96.957,107.904,100.394,97.857,104.963
Index,2015-12-31,104.779,103.761,85.485,62.632,94.312,99.52,96.599,107.862,99.829,95.91,104.57
Index,2016-01-31,105.161,104.261,83.788,54.192,95.827,99.288,96.162,108.179,101.149,94.393,104.853
Index,2016-02-29,104.339,103.375,83.224,52.493,93.269,97.807,96.364,106.434,101.049,92.952,103.478
Index,2016-03-31,103.461,102.563,83.426,56.885,94.571,96.778,95.699,104.552,100.674,92.713,102.035
Index,2016-04-30,101.119,102.209,85.938,58.723,96.331,96.385,93.822,102.681,98.943,91.869,100.493
Index,2016-05-31,101.754,102.917,87.886,66.117,97.984,97.69,94.631,103.675,100.239,94.246,101.566
Index,2016-06-30,101.381,102.553,86.314,67.205,97.092,96.115,94.217,102.441,100.293,93.612,100.484
Index,2016-07-31,100.064,102.841,86.305,64.767,97.82,94.604,94.092,101.768,100.34,92.548,99.776
Index,2016-08-31,100.209,102.759,87.203,63.808,97.045,94.444,94.389,101.208,100.511,92.086,99.445
Index,2016-09-30,99.868,102.757,87.548,66.468,98.713,95.366,94.781,102.408,100.867,93.4,100.408
Index,2016-10-31,101.641,104.369,90.123,73.127,100.059,95.631,95.434,104.138,101.139,95.764,101.654
Index,2016-11-30,103.472,104.765,93.485,71.248,100.639,97.639,98.062,105.788,101.904,96.696,103.318
Index,2016-12-31,104.113,105.67,100.978,81.772,103.391,100.369,99.397,106.532,102.627,99.807,104.499
Index,2017-01-31,101.269,104.445,104.829,84.488,106.116,99.069,99.053,105.989,103.538,99.954,103.978
Index,2017-02-28,100.99,104.196,105.456,83.619,108.43,99.489,98.196,104.403,102.93,98.971,102.965
Index,2017-03-31,100.044,102.865,105.234,78.42,107.992,99.471,98.104,103.526,102.248,97.374,102.306
Index,2017-04-30,101.453,102.599,102.79,80.053,106.254,98.455,97.875,102.751,102.233,97.178,101.634
Index,2017-05-31,101.201,101.963,100.631,77.89,103.671,97.995,97.921,103.043,101.95,96.76,101.67
Index,2017-06-30,100.897,102.65,98.572,73.608,101.315,96.757,96.73,101.717,101.478,94.95,100.503
Index,2017-07-31,98.656,100.993,97.551,75.025,100.387,96.092,97.487,101.366,101.194,94.926,100.105
Index,2017-08-31,98.263,100.883,99.57,77.955,99.211,95.801,98.165,100.4,100.753,95.01,99.449
Index,2017-09-30,98.238,100.127,100.572,82.219,99.073,96.202,98.719,99.838,100.494,95.672,99.173
Index,2017-10-31,99.406,100.176,99.95,84.137,100.538,97.506,98.994,100.946,100.698,96.841,100.146
Index,2017-11-30,100.041,99.956,98.992,89.048,100.574,97.45,98.494,100.222,100.589,97.464,99.654
Index,2017-12-31,99.61,99.451,99.392,89.948,100.101,98.247,98.066,99.645,99.676,97.375,99.307
Index,2018-01-31,99.263,98.191,96.556,91.252,99.638,97.255,99.087,98.586,98.503,96.935,98.336
Index,2018-02-28,98.842,98.402,96.511,88.735,99.732,97.821,99.855,98.606,98.399,96.54,98.464
Index,2018-03-31,98.035,97.514,96.508,88.267,100.003,97.765,99.23,98.487,98.329,96.327,98.314
Index,2018-04-30,98.503,98.363,96.942,93.453,100.153,97.885,99.906,98.323,97.758,97.285,98.23
Index,2018-05-31,97.688,99.579,98.466,103.057,100.675,99.56,100.785,99.378,98.757,100.076,99.341
Index,2018-06-30,99.534,99.775,99.826,104.564,100.543,100.435,101.381,99.811,99.151,100.83,99.909
Index,2018-07-31,101.343,100.703,100.409,106.114,100.639,101.744,100.679,100.515,100.745,101.857,100.807
Index,2018-08-31,102.201,100.073,102.353,106.774,100.153,101.686,99.782,100.862,100.202,102.1,100.947
Index,2018-09-30,101.209,101.284,102.097,110.027,100.192,102.432,99.713,102.241,100.632,103.547,101.949
Index,2018-10-31,101.846,101.791,103.635,115.019,100.13,102.619,100.839,101.704,102.701,104.561,101.983
Index,2018-11-30,101.364,102.509,103.517,104.106,99.555,101.577,99.675,100.904,102.647,101.81,101.244
Index,2018-12-31,100.173,101.817,103.18,88.63,98.587,99.22,99.069,100.58,102.177,98.132,100.475
Index,2019-01-31,99.771,102.532,97.701,86.907,99.049,96.69,98.312,101.417,101.791,97.699,100.36
Index,2019-02-28,99.229,102.478,96.44,92.144,96.595,96.17,99.314,101.959,101.606,98.906,100.574
Index,2019-03-31,97.844,102.029,95.645,95.839,97.141,96.22,99.441,101.247,101.447,99.246,100.086
Index,2019-04-30,96.18,102.329,95.079,100.125,96.607,96.028,99.143,101.402,100.702,100.021,99.995
Index,2019-05-31,97.286,102.459,94.439,98.188,96.9,96.823,98.748,101.644,101.682,99.974,100.415
Index,2019-06-30,97.654,102.345,91.547,90.585,95.008,94.924,97.988,101.701,101.301,98.13,99.99
Index,2019-07-31,98.06,102.182,90.333,96.485,98.751,94.265,98.196,101.92,101.198,99.298,99.992
Index,2019-08-31,97.791,102.648,89.096,92.52,100.424,94.719,99.325,103.886,103.591,99.775,101.564
Index,2019-09-30,97.863,103.165,87.357,97.031,97.624,94.085,99.616,102.651,103.567,99.97,100.695
Index,2019-10-31,97.216,103.31,85.426,89.429,94.329,93.28,98.581,102.015,102.661,97.888,99.974
Index,2019-11-30,97.018,102.439,82.278,84.295,94.911,92.8,97.865,100.827,101.531,96.057,98.957
Index,2019-12-31,95.712,102.86,81.622,85.285,97.935,91.847,97.535,101.138,101.289,96.195,98.885
Index,2020-01-31,94.865,103.523,82.644,87.992,99.679,90.971,96.972,100.286,100.702,96.11,98.112
Index,2020-02-29,97.507,105.472,82.152,81.273,105.381,92.953,97.51,101.995,102.664,96.186,99.863
Index,2020-03-31,96.106,106.275,82.433,59.424,110.762,93.38,97.319,103.74,105.568,93.011,101.293
Index,2020-04-30,93.013,107.404,82.044,43.502,106.505,92.204,96.652,103.919,105.627,89.686,101.074
Index,2020-05-31,94.57,106.665,83.458,45.852,105.317,90.63,96.907,103.804,105.405,89.885,100.742
Index,2020-06-30,93.89,103.792,82.945,57.724,102.526,89.872,97.054,101.636,104.148,90.908,99.091
Index,2020-07-31,95.094,102.153,79.154,64.352,99.105,89.564,98.059,101.48,104.058,92.095,98.936
Index,2020-08-31,94.555,102.031,77.668,65.786,98.431,89.509,98.162,99.844,104.178,91.566,97.923
Index,2020-09-30,96.97,101.184,79.218,62.552,98.387,89.612,98.302,99.062,103.745,90.591,97.505
Index,2020-10-31,93.265,100.453,79.227,62.131,97.524,90.592,98.255,98.538,101.658,90.118,97.019
Index,2020-11-30,94.035,100.76,79.306,64.455,97.61,91.392,99.053,96.657,100.65,89.746,95.982
Index,2020-12-31,92.052,101.199,81.276,69.859,101.619,92.0,100.772,95.872,99.676,90.472,95.555
Index,2021-01-31,92.918,102.705,85.442,75.831,106.48,93.001,101.908,95.54,99.552,91.746,95.671
Index,2021-02-28,93.548,105.758,89.255,84.484,109.083,94.589,104.107,96.773,99.004,94.399,96.844
Index,2021-03-31,94.817,102.942,91.125,89.328,112.377,97.844,105.683,97.527,99.295,96.314,98.037
Index,2021-04-30,96.085,105.295,94.247,89.642,116.027,99.371,107.443,100.744,98.918,98.271,100.399
Index,2021-05-31,95.906,104.587,97.224,92.007,117.783,100.049,111.123,99.964,99.254,98.629,100.262
Index,2021-06-30,94.63,104.546,96.512,96.926,117.924,100.296,110.649,105.252,99.515,102.169,103.461
Index,2021-07-31,95.104,106.092,102.82,101.094,120.49,101.991,112.535,106.449,99.934,104.014,104.734
Index,2021-08-31,93.465,107.221,103.084,100.104,120.56,101.636,113.0,107.999,100.347,104.542,105.636
Index,2021-09-30,95.918,105.739,102.733,106.496,124.627,101.926,113.159,109.159,99.038,106.339,106.3
Index,2021-10-31,95.619,105.639,106.737,116.518,126.726,103.097,115.218,109.544,99.712,108.842,106.949
Index,2021-11-30,97.419,107.663,108.16,116.73,127.576,104.431,115.377,111.08,101.07,110.035,108.384
Index,2021-12-31,95.18,106.822,109.17,110.858,133.696,105.049,115.808,112.614,101.192,109.685,109.396
Index,2022-01-31,96.553,109.002,105.335,116.538,131.985,105.739,120.106,112.895,101.178,111.205,109.889
Index,2022-02-28,93.329,109.985,106.25,128.7,127.949,105.994,122.608,110.727,100.923,112.597,108.627
Index,2022-03-31,98.497,110.339,108.308,155.706,131.209,109.423,126.797,113.297,101.991,120.082,111.297
Index,2022-04-30,97.372,111.051,110.485,169.464,149.738,111.469,127.802,115.186,102.73,124.138,112.961
Index,2022-05-31,95.552,111.347,113.763,174.368,155.071,112.955,123.937,116.354,103.305,125.821,113.85
Index,2022-06-30,97.345,108.121,109.031,180.902,155.29,113.984,122.366,115.949,103.71,127.027,113.742
Index,2022-07-31,96.804,108.828,108.719,166.128,153.175,113.019,118.077,116.106,103.738,123.89,113.475
Index,2022-08-31,97.783,109.443,111.885,150.348,152.18,110.24,118.402,113.981,101.686,119.199,111.519
Index,2022-09-30,98.414,109.181,112.239,138.022,155.583,109.982,117.972,113.564,102.777,116.623,111.346
Index,2022-10-31,99.007,111.152,109.959,134.961,154.772,108.544,117.024,113.913,101.655,115.848,111.135
Index,2022-11-30,98.584,112.547,103.304,135.536,151.043,106.224,116.906,110.896,100.549,113.987,108.673
Index,2022-12-31,95.57,106.864,100.735,122.458,142.172,103.393,117.618,108.518,98.026,109.454,106.247
Index,2023-01-31,94.238,111.577,97.694,121.328,129.427,99.316,118.342,107.25,98.162,108.014,104.731
Index,2023-02-28,94.165,113.441,96.709,120.015,129.552,100.164,118.311,106.909,95.657,107.498,104.412
Index,2023-03-31,94.904,113.938,96.516,118.534,131.758,101.702,116.605,107.896,97.847,108.084,105.507
Index,2023-04-30,95.027,115.556,97.031,120.709,131.059,101.334,118.696,108.34,98.259,108.801,105.864
