Units,Timepoint,1.1.1: Debt Liabilities Of DIE To Direct Investors,1.1.2: Debt Liabilities Of Direct Investors To DIE,1.1.3: Debt Liabilities Between Fellow Enterprises,1.1: Direct Investment:Intercompany Loans,1.2.1: General Government,1.2.2.1.1: Loans,1.2.2.1.2: Debt Securities,1.2.2.1.4: Others,1.2.2.1: Short-Term,1.2.2.2.1: Special Drawing Rights (Allocations),1.2.2.2.2: Loans,1.2.2.2.3: Debt Securities,1.2.2.2.4: Others,1.2.2.2: Long-Term,1.2.2: Central Bank,1.2.3.1.1: Loans,1.2.3.1.2: Debt Securities,1.2.3.1.3: Currency And Deposits,1.2.3.1.4: Others,1.2.3.1: Short-Term,1.2.3.2.1: Loans,1.2.3.2.2: Debt Securities,1.2.3.2.3: Others,1.2.3.2: Long-Term,1.2.3: Deposit-Taking Corporations,1.2.4.1.1: Trade Credits And Advances,1.2.4.1.2: Loans,1.2.4.1.3: Debt Securities,1.2.4.1.4: Others,1.2.4.1: Short-Term,1.2.4.2.1: Loans,1.2.4.2.2: Debt Securities,1.2.4.2.3: Others,1.2.4.2: Long-Term,1.2.4: Other Sector,1.2: Other Liabilities,1: Gross External Debt
Million Dollars,2003-06-30,18600.7,4682.0,20591.3,43874.0,0.0,0.0,0.0,0.0,0.0,40.5,0.0,0.0,0.0,40.5,40.5,0.0,1773.4,660214.1,10968.0,672955.5,0.0,681.0,28935.7,29616.7,702572.2,61198.3,15843.9,912.4,817.5,78772.1,10617.9,15304.4,3002.9,28925.2,107697.3,810310.0,854184.0
Million Dollars,2003-09-30,19081.2,4694.0,22070.3,45845.5,0.0,0.0,0.0,0.0,0.0,40.7,0.0,0.0,0.0,40.7,40.7,0.0,2631.6,653579.0,9840.2,666050.8,0.0,666.6,31198.3,31864.9,697915.7,66085.8,16181.9,819.3,834.8,83921.8,10077.5,15417.7,3046.4,28541.6,112463.4,810419.8,856265.3
Million Dollars,2003-12-31,17782.1,5289.2,23839.7,46911.0,0.0,0.0,0.0,0.0,0.0,41.5,0.0,0.0,0.0,41.5,41.5,0.0,2308.6,657716.1,9264.2,669288.9,0.0,670.4,28847.0,29517.4,698806.3,70423.8,14757.1,748.1,409.2,86338.2,8751.1,14481.9,3027.0,26260.0,112598.2,811446.0,858357.0
Million Dollars,2004-03-31,19255.4,5409.5,25092.1,49757.0,0.0,0.0,0.0,0.0,0.0,41.0,0.0,0.0,0.0,41.0,41.0,0.0,2830.7,706242.0,8275.1,717347.8,0.0,687.2,33026.7,33713.9,751061.7,74503.5,12479.8,692.2,344.2,88019.7,7469.4,14213.7,3051.2,24734.3,112754.0,863856.7,913613.7
Million Dollars,2004-06-30,19152.5,5408.0,26505.2,51065.7,0.0,0.0,0.0,0.0,0.0,40.8,0.0,0.0,0.0,40.8,40.8,0.0,3061.1,717751.5,7760.0,728572.6,0.0,723.4,23503.8,24227.2,752799.8,78616.2,12884.8,630.5,273.6,92405.1,7694.0,13920.3,3203.4,24817.7,117222.8,870063.4,921129.1
Million Dollars,2004-09-30,18857.0,5412.2,27760.0,52029.2,0.0,0.0,0.0,0.0,0.0,40.8,0.0,0.0,0.0,40.8,40.8,0.0,3774.1,716477.3,7272.8,727524.2,0.0,963.5,24224.7,25188.2,752712.4,82085.9,11637.6,590.6,250.3,94564.4,7326.2,14135.6,3257.5,24719.3,119283.7,872036.9,924066.1
Million Dollars,2004-12-31,16825.0,5783.5,28604.6,51213.1,0.0,0.0,0.0,0.0,0.0,41.4,0.0,0.0,0.0,41.4,41.4,0.0,3721.7,726983.7,7047.9,737753.3,0.0,1005.2,29432.2,30437.4,768190.7,84236.8,12222.0,601.6,315.2,97375.6,7615.1,14803.2,3524.6,25942.9,123318.5,891550.6,942763.7
Million Dollars,2005-03-31,44142.6,6086.7,31169.4,81398.7,0.0,0.0,0.0,0.0,0.0,41.1,0.0,0.0,0.0,41.1,41.1,0.0,6588.8,707843.7,6477.0,720909.5,0.0,1011.5,28415.1,29426.6,750336.1,84950.2,13595.7,603.1,327.0,99476.0,7769.1,15287.0,3754.2,26810.3,126286.3,876663.5,958062.2
Million Dollars,2005-06-30,41392.0,6090.8,32925.8,80408.6,0.0,0.0,0.0,0.0,0.0,40.4,0.0,0.0,0.0,40.4,40.4,0.0,5202.9,725234.6,6369.1,736806.6,0.0,1296.0,30367.9,31663.9,768470.5,84107.7,16037.1,599.4,361.5,101105.7,9230.2,15121.5,3739.5,28091.2,129196.9,897707.8,978116.4
Million Dollars,2005-09-30,28290.2,6104.2,32806.7,67201.1,0.0,0.0,0.0,0.0,0.0,40.4,0.0,0.0,0.0,40.4,40.4,0.0,4735.4,756121.9,5818.0,766675.3,0.0,1451.6,31774.2,33225.8,799901.1,82859.4,18042.6,599.2,404.0,101905.2,10741.0,14603.4,3660.7,29005.1,130910.3,930851.8,998052.9
Million Dollars,2005-12-31,21275.0,7061.6,29745.0,58081.6,0.0,0.0,0.0,0.0,0.0,39.4,0.0,0.0,0.0,39.4,39.4,0.0,4084.5,788129.1,5957.0,798170.6,0.0,1105.6,29343.8,30449.4,828620.0,82355.6,21024.9,610.7,442.9,104434.1,12294.2,14400.7,3812.9,30507.8,134941.9,963601.3,1021682.9
Million Dollars,2006-03-31,25391.1,7143.3,30248.6,62783.0,0.0,0.0,0.0,0.0,0.0,38.4,0.0,0.0,0.0,38.4,38.4,0.0,5203.0,746362.6,5551.1,757116.7,0.0,1171.1,33874.3,35045.4,792162.1,82015.3,24101.5,675.9,485.4,107278.1,13657.3,11605.3,3832.0,29094.6,136372.7,928573.2,991356.2
Million Dollars,2006-06-30,27343.9,7144.9,31064.1,65552.9,0.0,0.0,0.0,0.0,0.0,38.7,0.0,0.0,0.0,38.7,38.7,0.0,5851.9,795764.8,5793.8,807410.5,0.0,1188.6,32911.6,34100.2,841510.7,81257.6,24957.6,737.7,538.9,107491.8,13786.3,13675.5,3872.2,31334.0,138825.8,980375.2,1045928.1
Million Dollars,2006-09-30,31667.4,7148.0,31973.7,70789.1,0.0,0.0,0.0,0.0,0.0,38.7,0.0,0.0,0.0,38.7,38.7,0.0,6875.2,804472.3,5979.9,817327.4,0.0,1500.6,32069.6,33570.2,850897.6,81256.1,23265.8,796.7,586.2,105904.8,12770.8,14265.7,3867.2,30903.7,136808.5,987744.8,1058533.9
Million Dollars,2006-12-31,35490.0,7404.9,32759.6,75654.5,0.0,0.0,0.0,0.0,0.0,38.2,0.0,0.0,0.0,38.2,38.2,0.0,5881.5,805192.0,6440.7,817514.2,0.0,1516.3,35543.6,37059.9,854574.1,83184.4,21801.7,835.3,611.4,106432.8,12030.4,12783.7,3909.4,28723.5,135156.3,989768.6,1065423.1
Million Dollars,2007-03-31,37723.2,7300.3,33489.1,78512.6,0.0,0.0,0.0,0.0,0.0,37.7,0.0,0.0,0.0,37.7,37.7,0.0,5743.1,837531.8,6187.3,849462.2,0.0,1533.4,36726.5,38259.9,887722.1,87590.9,23628.0,863.5,613.7,112696.1,13079.9,13102.9,3969.1,30151.9,142848.0,1030607.8,1109120.4
Million Dollars,2007-06-30,41307.0,7596.7,34912.0,83815.7,0.0,0.0,0.0,0.0,0.0,38.2,0.0,0.0,0.0,38.2,38.2,0.0,5605.3,880515.5,6501.9,892622.7,0.0,1529.9,43193.4,44723.3,937346.0,95023.9,25895.2,904.3,592.4,122415.8,14192.7,13142.7,4087.6,31423.0,153838.8,1091223.0,1175038.7
Million Dollars,2007-09-30,44829.5,8052.3,36479.4,89361.2,0.0,0.0,0.0,0.0,0.0,38.3,0.0,0.0,0.0,38.3,38.3,0.0,4609.2,933410.9,6788.9,944809.0,0.0,1515.4,47723.2,49238.6,994047.6,102116.5,26548.6,937.0,566.9,130169.0,14628.3,13275.7,4137.0,32041.0,162210.0,1156295.9,1245657.1
Million Dollars,2007-12-31,46878.7,9463.0,37642.9,93984.6,0.0,0.0,0.0,0.0,0.0,37.4,0.0,0.0,0.0,37.4,37.4,0.0,4265.8,1005315.9,7183.1,1016764.8,0.0,1548.4,47610.1,49158.5,1065923.3,105501.7,28799.8,941.1,556.4,135799.0,15903.6,13892.6,4270.1,34066.3,169865.3,1235826.0,1329810.6
Million Dollars,2008-03-31,67379.1,9162.1,40630.6,117171.8,0.0,0.0,0.0,0.0,0.0,37.4,0.0,0.0,0.0,37.4,37.4,0.0,3747.8,1053297.2,6404.1,1063449.1,0.0,1427.1,67758.7,69185.8,1132634.9,105111.3,34512.6,812.8,561.8,140998.5,18464.2,13462.2,4625.3,36551.7,177550.2,1310222.5,1427394.3
Million Dollars,2008-06-30,71432.5,9188.7,42895.8,123517.0,0.0,0.0,0.0,0.0,0.0,36.5,0.0,0.0,0.0,36.5,36.5,0.0,2068.9,1008939.7,5522.7,1016531.3,0.0,1318.9,63413.7,64732.6,1081263.9,100877.2,33206.0,640.4,562.9,135286.5,18042.3,13873.0,5338.0,37253.3,172539.8,1253840.2,1377357.2
Million Dollars,2008-09-30,70120.7,9425.6,44713.3,124259.6,0.0,0.0,0.0,0.0,0.0,36.5,0.0,0.0,0.0,36.5,36.5,0.0,2030.0,1051207.6,5313.0,1058550.6,0.0,1317.2,78704.4,80021.6,1138572.2,96439.0,32906.8,514.9,581.6,130442.3,18047.9,13399.5,5535.3,36982.7,167425.0,1306033.7,1430293.3
Million Dollars,2008-12-31,74352.2,11226.7,47127.2,132706.1,0.0,0.0,0.0,0.0,0.0,37.3,0.0,0.0,0.0,37.3,37.3,0.0,1869.5,954009.5,6114.8,961993.8,0.0,1323.5,97232.7,98556.2,1060550.0,95436.6,33541.6,437.7,604.4,130020.3,18579.0,12992.4,5099.8,36671.2,166691.5,1227278.8,1359984.9
Million Dollars,2009-03-31,73118.2,10154.4,46783.3,130055.9,0.0,0.0,0.0,0.0,0.0,37.4,0.0,0.0,0.0,37.4,37.4,0.0,2220.4,929138.7,5655.5,937014.6,0.0,1472.5,89511.4,90983.9,1027998.5,97034.3,31910.0,558.9,622.0,130125.2,17785.5,13434.8,5427.3,36647.6,166772.8,1194808.7,1324864.6
Million Dollars,2009-06-30,72089.4,10548.4,44994.1,127631.9,0.0,0.0,0.0,0.0,0.0,36.5,0.0,0.0,0.0,36.5,36.5,0.0,2157.0,927925.6,5648.3,935730.9,0.0,1520.8,70783.6,72304.4,1008035.3,100396.4,30566.3,592.4,657.6,132212.7,17279.3,13605.7,5741.9,36626.9,168839.6,1176911.4,1304543.3
Million Dollars,2009-09-30,70691.1,11277.5,43523.1,125491.7,0.0,0.0,0.0,0.0,0.0,1674.1,0.0,0.0,0.0,1674.1,1674.1,0.0,2071.0,887369.6,4986.3,894426.9,0.0,1484.7,71181.2,72665.9,967092.8,105225.9,31938.9,565.6,710.7,138441.1,17950.6,13705.3,5639.7,37295.6,175736.7,1144503.6,1269995.3
Million Dollars,2009-12-31,68003.6,9473.6,44756.3,122233.5,0.0,0.0,0.0,0.0,0.0,1674.1,0.0,0.0,0.0,1674.1,1674.1,0.0,1631.1,876537.1,4809.8,882978.0,0.0,1490.4,66467.3,67957.7,950935.7,111225.9,37298.7,582.9,808.5,149916.0,20513.3,13494.3,6169.8,40177.4,190093.4,1142703.2,1264936.7
Million Dollars,2010-03-31,70672.7,9811.6,46086.6,126570.9,0.0,0.0,0.0,0.0,0.0,1585.0,0.0,0.0,0.0,1585.0,1585.0,0.0,1603.4,905493.2,4627.9,911724.5,0.0,1344.7,68359.1,69703.8,981428.3,119583.0,35857.0,980.8,966.3,157387.1,19869.5,13954.6,7478.2,41302.3,198689.4,1181702.7,1308273.6
Million Dollars,2010-06-30,75178.0,10192.6,46689.5,132060.1,0.0,0.0,0.0,0.0,0.0,1542.3,0.0,0.0,0.0,1542.3,1542.3,0.0,2158.3,915834.5,4300.1,922292.9,0.0,1295.3,70102.2,71397.5,993690.4,131484.0,31985.5,1421.1,1212.7,166103.3,17732.3,13522.1,8175.8,39430.2,205533.5,1200766.2,1332826.3
Million Dollars,2010-09-30,79530.0,10222.9,47226.9,136979.8,0.0,0.0,0.0,0.0,0.0,1525.8,0.0,0.0,0.0,1525.8,1525.8,0.0,1849.7,910268.8,4435.5,916554.0,0.0,1309.7,79008.6,80318.3,996872.3,142479.1,34679.2,2014.1,1433.7,180606.1,18846.9,15304.6,8882.6,43034.1,223640.2,1222038.3,1359018.1
Million Dollars,2010-12-31,82148.8,9548.6,46705.1,138402.5,0.0,0.0,0.0,0.0,0.0,1478.0,0.0,0.0,0.0,1478.0,1478.0,0.0,2026.4,915231.4,4367.4,921625.2,0.0,725.2,69746.7,70471.9,992097.1,143400.7,36989.0,3296.5,816.7,184502.9,21125.2,15856.1,10095.2,47076.5,231579.4,1225154.5,1363557.0
Million Dollars,2011-03-31,86132.0,9655.3,48340.0,144127.3,0.0,0.0,0.0,0.0,0.0,1488.7,0.0,0.0,0.0,1488.7,1488.7,0.0,2859.5,939956.1,4142.4,946958.0,0.0,794.8,67006.2,67801.0,1014759.0,151089.2,40946.6,2822.4,1513.9,196372.1,25559.3,15451.6,11899.8,52910.7,249282.8,1265530.5,1409657.8
Million Dollars,2011-06-30,90989.0,9929.2,49703.7,150621.9,0.0,0.0,0.0,0.0,0.0,1464.1,0.0,0.0,0.0,1464.1,1464.1,0.0,2872.6,930311.8,3984.8,937169.2,0.0,733.8,69684.9,70418.7,1007587.9,151327.5,42830.0,2072.8,1339.6,197569.9,31589.4,15974.2,12168.8,59732.4,257302.3,1266354.3,1416976.2
Million Dollars,2011-09-30,96071.1,10015.4,50919.4,157005.9,0.0,0.0,0.0,0.0,0.0,1511.2,0.0,0.0,0.0,1511.2,1511.2,0.0,2907.2,1004099.6,4176.2,1011183.0,0.0,758.7,93989.0,94747.7,1105930.7,149411.4,46498.6,1365.2,1183.5,198458.7,38097.7,15401.0,12212.6,65711.3,264170.0,1371611.9,1528617.8
Million Dollars,2011-12-31,101377.2,10871.4,51370.4,163619.0,0.0,0.0,0.0,0.0,0.0,1486.1,0.0,0.0,0.0,1486.1,1486.1,0.0,1881.0,978247.6,4322.2,984450.8,0.0,748.4,76573.6,77322.0,1061772.8,145918.9,43040.3,902.2,1207.0,191068.4,38491.8,16663.3,17636.2,72791.3,263859.7,1327118.6,1490737.6
Million Dollars,2012-03-31,100795.1,11386.8,57607.6,169789.5,0.0,0.0,0.0,0.0,0.0,1449.4,0.0,0.0,0.0,1449.4,1449.4,0.0,2712.4,955299.0,4352.9,962364.3,0.0,633.6,71163.0,71796.6,1034160.9,149777.3,45029.2,704.4,1268.6,196779.5,39906.1,18263.6,16544.3,74714.0,271493.5,1307103.8,1476893.3
Million Dollars,2012-06-30,100212.9,11917.5,58937.1,171067.5,0.0,0.0,0.0,0.0,0.0,1438.5,0.0,0.0,0.0,1438.5,1438.5,0.0,4663.0,979657.6,4462.8,988783.4,0.0,644.6,71761.1,72405.7,1061189.1,145275.3,46772.0,514.0,1298.5,193859.8,40092.4,20043.3,16198.3,76334.0,270193.8,1332821.4,1503888.9
Million Dollars,2012-09-30,104278.8,12609.4,57722.8,174611.0,0.0,0.0,0.0,0.0,0.0,1406.4,0.0,0.0,0.0,1406.4,1406.4,0.0,3393.8,974074.9,4384.9,981853.6,0.0,1126.9,72212.5,73339.4,1055193.0,144253.4,49888.6,708.5,1329.8,196180.3,40414.9,21082.5,15187.8,76685.2,272865.5,1329464.9,1504075.9
Million Dollars,2012-12-31,104237.6,13606.6,52082.7,169926.9,0.0,0.0,0.0,0.0,0.0,1399.4,0.0,0.0,0.0,1399.4,1399.4,0.0,3591.3,990715.3,4494.4,998801.0,0.0,1020.0,70558.4,71578.4,1070379.4,150352.1,52692.8,846.7,1406.5,205298.1,40820.9,21823.6,15019.6,77664.1,282962.2,1354741.0,1524667.9
Million Dollars,2013-03-31,103161.5,15016.4,54583.6,172761.5,0.0,0.0,0.0,0.0,0.0,1382.7,0.0,0.0,0.0,1382.7,1382.7,0.0,4486.9,1012303.1,4398.6,1021188.6,0.0,1031.4,72719.7,73751.1,1094939.7,147001.5,54538.7,1182.3,1519.3,204241.8,41383.7,25113.6,14738.4,81235.7,285477.5,1381799.9,1554561.4
Million Dollars,2013-06-30,103396.5,16938.1,57255.7,177590.3,0.0,0.0,0.0,0.0,0.0,1419.6,0.0,0.0,0.0,1419.6,1419.6,0.0,5272.1,1028495.0,4285.0,1038052.1,0.0,1886.0,79146.7,81032.7,1119084.8,147829.8,57324.9,1222.0,1677.6,208054.3,42127.9,26288.4,15428.9,83845.2,291899.5,1412403.9,1589994.2
Million Dollars,2013-09-30,102216.7,18816.5,55947.0,176980.2,0.0,0.0,0.0,0.0,0.0,1432.6,0.0,0.0,0.0,1432.6,1432.6,0.0,9984.2,1039369.2,4428.4,1053781.8,0.0,1580.2,74861.5,76441.7,1130223.5,153980.7,62020.9,1048.5,1830.2,218880.3,43677.0,27121.0,14164.7,84962.7,303843.0,1435499.1,1612479.3
Million Dollars,2013-12-31,104687.2,20094.0,58065.3,182846.5,0.0,0.0,0.0,0.0,0.0,1446.8,0.0,0.0,0.0,1446.8,1446.8,0.0,10238.5,1099077.2,4576.2,1113891.9,0.0,2178.3,72626.7,74805.0,1188696.9,151598.2,65067.7,1052.6,1940.6,219659.1,44713.6,26645.9,14102.5,85462.0,305121.1,1495264.8,1678111.3
Million Dollars,2014-03-31,111954.9,20768.5,64093.0,196816.4,0.0,0.0,0.0,0.0,0.0,1446.6,0.0,0.0,0.0,1446.6,1446.6,0.0,11436.1,1106155.4,4483.7,1122075.2,0.0,2048.7,67427.5,69476.2,1191551.4,141533.7,66070.8,957.7,2002.8,210565.0,44945.0,27610.0,14299.0,86854.0,297419.0,1490417.0,1687233.4
Million Dollars,2014-06-30,116631.7,20833.3,68492.1,205957.1,0.0,0.0,0.0,0.0,0.0,1434.2,0.0,0.0,0.0,1434.2,1434.2,0.0,12918.9,1122879.3,4448.3,1140246.5,0.0,2328.8,64990.0,67318.8,1207565.3,143827.2,72848.1,1260.8,2030.4,219966.5,47760.2,28612.6,14856.9,91229.7,311196.2,1520195.7,1726152.8
Million Dollars,2014-09-30,121709.1,20865.5,73247.1,215821.7,0.0,0.0,0.0,0.0,0.0,1407.1,0.0,0.0,0.0,1407.1,1407.1,0.0,13100.8,1112558.1,4374.4,1130033.3,0.0,2242.9,78369.1,80612.0,1210645.3,149096.2,74344.7,1014.7,2038.7,226494.3,48383.9,30565.6,15240.2,94189.7,320684.0,1532736.4,1748558.1
Million Dollars,2014-12-31,128997.1,21440.1,78825.1,229262.3,0.0,0.0,0.0,0.0,0.0,1428.8,0.0,0.0,0.0,1428.8,1428.8,0.0,13474.6,1137726.2,4787.2,1155988.0,0.0,2232.7,84381.8,86614.5,1242602.5,143958.2,69273.6,864.8,2042.6,216139.2,46227.1,29495.1,14391.3,90113.5,306252.7,1550284.0,1779546.3
Million Dollars,2015-03-31,140389.7,22507.6,93005.3,255902.6,0.0,0.0,0.0,0.0,0.0,1408.3,0.0,0.0,0.0,1408.3,1408.3,0.0,11533.3,1163617.2,4900.9,1180051.4,0.0,2040.0,98877.9,100917.9,1280969.3,142889.9,71984.7,1274.1,2002.7,218151.4,43845.7,31185.1,15226.2,90257.0,308408.4,1590786.0,1846688.6
Million Dollars,2015-06-30,139000.8,24012.9,91559.8,254573.5,0.0,0.0,0.0,0.0,0.0,1409.4,0.0,0.0,0.0,1409.4,1409.4,0.0,9600.6,1125502.8,5012.4,1140115.8,0.0,2063.3,88701.0,90764.3,1230880.1,141568.1,72260.2,1235.5,1934.4,216998.2,40539.2,32481.8,15351.9,88372.9,305371.1,1537660.6,1792234.1
Million Dollars,2015-09-30,136098.0,25592.1,90842.9,252533.0,0.0,0.0,0.0,0.0,0.0,1490.3,0.0,0.0,0.0,1490.3,1490.3,0.0,10048.4,1169167.1,5386.3,1184601.8,0.0,2332.0,118397.1,120729.1,1305330.9,141626.3,73896.5,1094.4,1870.4,218487.6,37803.1,32588.5,16647.4,87039.0,305526.6,1612347.8,1864880.8
Million Dollars,2015-12-31,140049.8,26879.4,85855.0,252784.2,0.0,0.0,0.0,0.0,0.0,1462.2,0.0,0.0,0.0,1462.2,1462.2,0.0,7522.5,1120889.7,5571.2,1133983.4,0.0,2314.8,102827.1,105141.9,1239125.3,143898.2,87503.1,760.7,1841.8,234003.8,40052.9,33541.2,16186.0,89780.1,323783.9,1564371.4,1817155.6
Million Dollars,2016-03-31,194465.5,27719.5,83862.0,306047.0,0.0,0.0,0.0,0.0,0.0,1412.2,0.0,0.0,0.0,1412.2,1412.2,0.0,8320.3,1088243.7,5609.8,1102173.8,0.0,1222.7,120698.5,121921.2,1224095.0,114939.1,86923.7,590.6,1927.0,204380.4,40082.3,43406.5,16613.5,100102.3,304482.7,1529989.9,1836036.9
Million Dollars,2016-06-30,196399.9,27972.3,80605.4,304977.6,0.0,0.0,0.0,0.0,0.0,1398.5,0.0,0.0,0.0,1398.5,1398.5,0.0,12794.9,1087411.3,5490.8,1105697.0,0.0,959.4,117590.3,118549.7,1224246.7,118065.9,89895.1,569.3,2057.9,210588.2,41376.5,48127.8,16752.0,106256.3,316844.5,1542489.7,1847467.3
Million Dollars,2016-09-30,201888.4,28585.9,81204.0,311678.3,0.0,0.0,0.0,0.0,0.0,1419.7,0.0,0.0,0.0,1419.7,1419.7,0.0,12140.0,1096541.5,5729.1,1114410.6,0.0,965.9,99854.4,100820.3,1215230.9,125689.5,93155.8,377.8,2212.0,221435.1,42802.1,51847.6,17064.8,111714.5,333149.6,1549800.2,1861478.5
Million Dollars,2016-12-31,215576.6,30506.5,72702.4,318785.5,0.0,0.0,0.0,0.0,0.0,1445.8,0.0,0.0,0.0,1445.8,1445.8,0.0,12018.3,1127737.6,6736.8,1146492.7,0.0,931.9,105937.6,106869.5,1253362.2,130744.7,101870.3,680.1,2360.4,235655.5,46837.0,56463.2,17248.3,120548.5,356204.0,1611012.0,1929797.5
Million Dollars,2017-03-31,216963.5,33994.2,70485.2,321442.9,0.0,0.0,0.0,0.0,0.0,1412.6,0.0,0.0,0.0,1412.6,1412.6,0.0,13862.1,1137641.5,6872.1,1158375.7,0.0,1049.4,86179.7,87229.1,1245604.8,137786.7,98698.0,905.0,2493.8,239883.5,46503.5,58286.8,17162.3,121952.6,361836.1,1608853.5,1930296.4
Million Dollars,2017-06-30,219808.6,39287.3,68997.1,328093.0,0.0,0.0,0.0,0.0,0.0,1425.4,0.0,0.0,0.0,1425.4,1425.4,0.0,16978.0,1106153.5,6793.1,1129924.6,0.0,851.2,92979.2,93830.4,1223755.0,156911.4,96433.5,947.8,2621.3,256914.0,46285.8,62142.5,16777.4,125205.7,382119.7,1607300.1,1935393.1
Million Dollars,2017-09-30,225042.7,44444.9,67924.3,337411.9,0.0,0.0,0.0,0.0,0.0,1428.7,0.0,0.0,0.0,1428.7,1428.7,0.0,17676.2,1141312.7,6882.9,1165871.8,0.0,598.9,89403.1,90002.0,1255873.8,153860.9,91575.6,1166.2,2769.8,249372.5,44967.9,64865.0,16529.7,126362.6,375735.1,1633037.6,1970449.5
Million Dollars,2017-12-31,231269.1,47492.8,66051.3,344813.2,0.0,0.0,0.0,0.0,0.0,1417.3,0.0,0.0,0.0,1417.3,1417.3,0.0,20394.7,1177535.4,7409.9,1205340.0,0.0,592.0,87489.5,88081.5,1293421.5,137442.1,90671.2,1226.6,2960.6,232300.5,45332.0,66656.2,16308.6,128296.8,360597.3,1655436.1,2000249.3
Million Dollars,2018-03-31,237861.2,48682.1,57485.2,344028.5,0.0,0.0,0.0,0.0,0.0,1417.5,0.0,0.0,0.0,1417.5,1417.5,0.0,19416.1,1220579.5,7420.1,1247415.7,0.0,584.6,93980.9,94565.5,1341981.2,167015.8,87690.2,1279.3,3212.3,259197.6,44131.2,68918.4,17856.1,130905.7,390103.3,1733502.0,2077530.5
Million Dollars,2018-06-30,239948.4,48180.3,48998.4,337127.1,0.0,0.0,0.0,0.0,0.0,1429.1,0.0,0.0,0.0,1429.1,1429.1,0.0,20245.3,1255610.1,7373.3,1283228.7,0.0,585.2,106741.6,107326.8,1390555.5,175576.4,95399.1,1272.4,3520.4,275768.3,47551.0,69923.3,19429.3,136903.6,412671.9,1804656.5,2141783.6
Million Dollars,2018-09-30,245327.7,47157.6,43554.4,336039.7,0.0,0.0,0.0,0.0,0.0,1420.1,0.0,0.0,0.0,1420.1,1420.1,0.0,22099.4,1200129.4,7318.1,1229546.9,0.0,548.5,110035.3,110583.8,1340130.7,154171.0,90999.5,1117.3,3828.5,250116.3,45741.2,70874.1,21380.9,137996.2,388112.5,1729663.3,2065703.0
Million Dollars,2018-12-31,246551.2,46781.9,41714.6,335047.7,0.0,0.0,0.0,0.0,0.0,1410.5,0.0,0.0,0.0,1410.5,1410.5,0.0,21418.9,1225482.7,7232.5,1254134.1,0.0,546.0,107876.5,108422.5,1362556.6,134306.7,97617.1,1409.4,4059.5,237392.7,48533.7,74394.4,23129.8,146057.9,383450.6,1747417.7,2082465.4
Million Dollars,2019-03-31,249111.7,46890.6,40870.6,336872.9,0.0,0.0,0.0,0.0,0.0,1398.8,0.0,0.0,0.0,1398.8,1398.8,0.0,20997.4,1218761.7,6893.8,1246652.9,0.0,546.9,113534.2,114081.1,1360734.0,120777.4,102615.6,1367.3,4185.3,228945.6,50050.8,77950.2,24018.7,152019.7,380965.3,1743098.1,2079971.0
Million Dollars,2019-06-30,262194.5,47314.9,44474.4,353983.8,0.0,0.0,0.0,0.0,0.0,1400.3,0.0,0.0,0.0,1400.3,1400.3,0.0,24197.5,1220200.0,7040.7,1251438.2,0.0,547.0,134669.4,135216.4,1386654.6,147659.8,97891.1,1806.0,4169.8,251526.7,47212.2,81236.5,25061.2,153509.9,405036.6,1793091.5,2147075.3
Million Dollars,2019-09-30,273486.7,47551.7,45859.7,366898.1,0.0,0.0,0.0,0.0,0.0,1402.3,0.0,0.0,0.0,1402.3,1402.3,0.0,21534.8,1223554.3,6847.1,1251936.2,0.0,837.7,158172.7,159010.4,1410946.6,147442.6,95353.6,2023.8,4211.2,249031.2,45340.0,84095.3,26345.1,155780.4,404811.6,1817160.5,2184058.6
Million Dollars,2019-12-31,282482.1,47095.6,44646.3,374224.0,0.0,0.0,0.0,0.0,0.0,1387.1,0.0,0.0,0.0,1387.1,1387.1,0.0,21255.8,1216901.3,6922.9,1245080.0,0.0,770.6,144569.2,145339.8,1390419.8,133131.5,102706.0,2131.0,4497.2,242465.7,47953.4,90578.7,28008.8,166540.9,409006.6,1800813.5,2175037.5
Million Dollars,2020-03-31,299054.9,45619.2,47974.7,392648.8,0.0,0.0,0.0,0.0,0.0,1448.7,0.0,0.0,0.0,1448.7,1448.7,0.0,20564.8,1337174.0,8667.7,1366406.5,0.0,765.5,254726.7,255492.2,1621898.7,152806.5,115861.1,2512.6,5034.1,276214.3,53455.7,93475.1,29598.8,176529.6,452743.9,2076091.3,2468740.1
Million Dollars,2020-06-30,309959.4,43668.1,48195.4,401822.9,0.0,0.0,0.0,0.0,0.0,1429.9,0.0,0.0,0.0,1429.9,1429.9,0.0,19677.8,1246101.9,10375.0,1276154.7,0.0,696.9,229164.4,229861.3,1506016.0,138081.2,114012.5,1386.0,5826.5,259306.2,52773.2,96226.8,29956.0,178956.0,438262.2,1945708.1,2347531.0
Million Dollars,2020-09-30,322753.3,41752.5,50105.1,414610.9,0.0,0.0,0.0,0.0,0.0,1432.2,0.0,0.0,0.0,1432.2,1432.2,0.0,16314.4,1199983.2,10368.6,1226666.2,0.0,741.9,224096.7,224838.6,1451504.8,139962.6,110672.7,1037.2,6662.3,258334.8,51482.4,101847.5,29800.9,183130.8,441465.6,1894402.6,2309013.5
Million Dollars,2020-12-31,332235.5,40381.6,51488.2,424105.3,0.0,0.0,0.0,0.0,0.0,1421.3,0.0,0.0,0.0,1421.3,1421.3,0.0,16494.3,1220482.9,9753.3,1246730.5,0.0,682.3,218986.9,219669.2,1466399.7,123608.1,116065.2,1791.4,7329.1,248793.8,53750.4,104006.3,32586.7,190343.4,439137.2,1906958.2,2331063.5
Million Dollars,2021-03-31,325708.1,41213.3,56619.3,423540.7,0.0,0.0,0.0,0.0,0.0,1418.2,0.0,0.0,0.0,1418.2,1418.2,0.0,12932.1,1237312.4,9215.4,1259459.9,0.0,792.0,206927.3,207719.3,1467179.2,121594.3,129552.4,2287.8,6513.6,259948.1,59825.2,107183.4,34229.0,201237.6,461185.7,1929783.1,2353323.8
Million Dollars,2021-06-30,320145.3,41833.2,56124.1,418102.6,0.0,0.0,0.0,0.0,0.0,1425.1,0.0,0.0,0.0,1425.1,1425.1,0.0,17232.5,1258371.5,8135.9,1283739.9,0.0,935.7,181605.6,182541.3,1466281.2,129099.2,130753.8,2477.4,7361.1,269691.5,60622.6,109246.3,36024.6,205893.5,475585.0,1943291.3,2361393.9
Million Dollars,2021-09-30,318779.3,42374.0,56295.8,417449.1,0.0,0.0,0.0,0.0,0.0,8570.7,0.0,0.0,0.0,8570.7,8570.7,0.0,24864.9,1256155.4,14363.7,1295384.0,0.0,1761.0,205484.7,207245.7,1502629.7,142944.4,135202.7,4629.7,8251.9,291028.7,62816.9,113580.2,37706.1,214103.2,505131.9,2016332.3,2433781.4
Million Dollars,2021-12-31,308746.7,42967.0,56564.2,408277.9,0.0,0.0,0.0,0.0,0.0,8457.3,0.0,0.0,0.0,8457.3,8457.3,0.0,29282.5,1286049.9,12840.3,1328172.7,0.0,11148.3,184337.1,195485.4,1523658.1,146651.7,136098.2,8931.0,9158.7,300839.6,63510.3,120313.3,38940.9,222764.5,523604.1,2055719.5,2463997.4
Million Dollars,2022-03-31,307994.0,41017.9,48961.9,397973.8,0.0,0.0,0.0,0.0,0.0,8381.8,0.0,0.0,0.0,8381.8,8381.8,0.0,23166.1,1322790.7,13927.3,1359884.1,0.0,11244.1,182790.2,194034.3,1553918.4,159687.4,134104.5,14170.0,9865.4,317827.3,62462.2,122799.3,39394.6,224656.1,542483.4,2104783.6,2502757.4
Million Dollars,2022-06-30,308889.7,44009.8,49815.7,402715.2,0.0,0.0,0.0,0.0,0.0,8285.6,0.0,0.0,0.0,8285.6,8285.6,0.0,25069.1,1336387.5,13670.4,1375127.0,0.0,22509.3,177184.3,199693.6,1574820.6,163510.2,131049.4,17864.4,9539.3,321963.3,59313.9,127419.9,35947.4,222681.2,544644.5,2127750.7,2530465.9
Million Dollars,2022-09-30,310746.7,42871.0,50473.8,404091.5,0.0,0.0,0.0,0.0,0.0,8212.1,0.0,0.0,0.0,8212.1,8212.1,0.0,33895.7,1357442.3,19441.3,1410779.3,0.0,22775.3,188482.0,211257.3,1622036.6,158564.3,133969.8,24772.3,9988.2,327294.6,60574.1,126057.7,36986.5,223618.3,550912.9,2181161.6,2585253.1
Million Dollars,2022-12-31,303140.5,43187.0,50697.6,397025.1,0.0,0.0,0.0,0.0,0.0,8052.0,0.0,0.0,0.0,8052.0,8052.0,0.0,40623.3,1295183.6,13644.6,1349451.5,0.0,29177.1,172528.2,201705.3,1551156.8,148385.0,121847.7,25219.8,10098.0,305550.5,55372.1,126951.7,37288.8,219612.6,525163.1,2084371.9,2481397.0
