Units,Timepoint,1.0: Food & Live Animals,1.1: Beverages & Tobacco,1.2: Crude Materials (Excl Fuels),"1.3: Mineral Fuels, Lubricants & Related Materials",1.4: Animal & Vegetable Oils Fats & Waxes,1.5: Chemicals & Chemical Products,1.6: Manufactured Goods,1.7: Machinery & Transport Equipment,1.8: Miscellaneous Manufactured Articles,1: Import Price Index - Overall Items,2: Non-Oil Import Price Index
Index,1974-01-31,54.302,44.993,91.11,20.908,110.564,73.554,63.414,115.438,74.592,90.242,110.717
Index,1974-02-28,55.772,45.165,86.217,21.073,127.225,75.51,63.826,116.925,75.781,90.242,110.717
Index,1974-03-31,57.45,45.762,83.596,21.347,126.883,77.093,64.324,118.414,76.079,90.566,111.12
Index,1974-04-30,57.801,46.53,74.688,21.871,154.266,79.979,64.408,120.562,76.772,89.917,109.915
Index,1974-05-31,57.45,46.958,74.251,21.733,147.649,80.165,65.651,121.227,77.168,90.242,110.182
Index,1974-06-30,57.59,47.043,68.398,21.98,157.234,82.213,65.651,122.383,77.466,89.594,109.245
Index,1974-07-31,57.941,47.214,63.418,22.366,160.77,83.238,65.733,122.713,78.059,88.944,108.041
Index,1974-08-31,58.431,47.385,62.895,22.45,167.959,82.028,66.728,124.036,77.762,89.594,108.844
Index,1974-09-30,58.011,47.471,57.041,22.202,170.584,82.4,66.148,124.203,78.356,88.078,106.969
Index,1974-10-31,59.55,47.555,55.033,22.971,177.886,82.307,65.32,124.532,79.149,88.078,106.568
Index,1974-11-30,59.55,48.239,48.481,22.778,180.281,81.469,64.656,125.36,78.852,86.564,104.559
Index,1974-12-31,57.031,48.409,53.111,23.081,184.732,81.842,63.91,126.022,79.545,87.538,105.497
Index,1975-01-31,56.192,48.751,53.024,22.504,174.463,84.075,63.165,126.684,78.752,86.888,105.094
Index,1975-02-28,55.422,49.434,53.722,21.926,174.463,83.983,62.584,125.69,78.555,86.239,104.693
Index,1975-03-31,55.561,49.52,52.673,22.009,159.744,84.075,62.005,125.36,78.752,85.914,104.023
Index,1975-04-30,55.071,49.69,51.887,21.898,139.433,85.006,61.837,125.69,78.653,85.373,103.355
Index,1975-05-31,54.372,49.775,51.276,22.173,135.781,84.914,60.18,125.856,78.455,84.941,102.418
Index,1975-06-30,54.162,50.288,52.587,21.98,112.392,84.914,60.098,126.022,78.555,84.941,102.551
Index,1975-07-31,55.071,51.141,57.566,23.136,105.888,85.006,61.175,127.841,78.455,87.321,105.094
Index,1975-08-31,56.192,51.825,60.361,23.604,104.518,84.262,61.507,130.156,79.149,88.728,106.969
Index,1975-09-30,56.541,52.166,59.226,24.072,105.432,83.983,61.507,130.818,79.347,88.944,106.836
Index,1975-10-31,56.752,51.996,58.526,25.887,111.707,83.703,62.418,130.321,79.545,90.027,106.969
Index,1975-11-30,55.141,53.19,59.312,25.86,114.33,83.983,62.584,132.801,79.942,90.566,107.638
Index,1975-12-31,56.121,53.02,63.505,26.244,116.614,84.448,62.832,133.132,80.238,92.083,109.513
Index,1976-01-31,57.381,53.19,65.689,26.025,110.451,83.89,62.252,135.614,82.22,92.948,110.852
Index,1976-02-29,57.731,52.849,69.882,26.052,105.774,83.703,62.501,135.614,82.616,94.029,112.325
Index,1976-03-31,57.731,53.02,72.764,25.97,107.028,83.703,63.081,135.614,82.517,94.679,113.396
Index,1976-04-30,57.731,52.849,73.289,25.255,106.571,83.424,63.247,136.109,83.013,94.571,113.798
Index,1976-05-31,57.66,53.02,77.395,25.255,95.732,82.959,63.247,135.945,83.013,95.328,114.734
Index,1976-06-30,58.291,54.045,80.016,25.172,106.23,83.517,64.242,135.614,83.112,96.085,116.207
Index,1976-07-31,58.501,54.3,76.784,25.228,109.539,84.075,64.738,136.109,82.318,95.761,115.537
Index,1976-08-31,59.201,53.447,76.696,25.228,109.995,84.355,64.987,136.606,82.022,95.977,115.807
Index,1976-09-30,60.32,53.361,75.123,25.31,117.639,84.075,65.236,136.276,82.22,95.977,115.671
Index,1976-10-31,61.581,53.532,78.356,25.31,116.954,84.262,65.071,137.102,82.517,96.951,117.278
Index,1976-11-30,60.739,53.361,78.618,25.255,123.003,84.448,65.32,138.096,84.003,97.276,117.68
Index,1976-12-31,63.189,53.276,76.084,25.146,126.883,84.262,65.154,137.764,84.201,97.059,117.411
Index,1977-01-31,65.008,52.508,76.434,25.97,132.245,82.679,64.822,137.434,85.291,97.817,117.68
Index,1977-02-28,67.037,52.251,76.784,27.84,136.238,83.238,65.32,137.267,85.389,99.223,118.616
Index,1977-03-31,67.808,52.763,78.181,27.154,144.682,83.331,65.651,138.589,85.588,99.764,119.689
Index,1977-04-30,68.508,53.105,77.656,27.236,162.825,83.424,65.733,139.747,86.182,100.305,120.357
Index,1977-05-31,69.416,53.105,77.57,27.372,169.785,82.773,65.071,139.915,86.083,100.305,120.223
Index,1977-06-30,69.697,53.617,77.307,27.319,174.235,83.051,65.816,138.921,86.48,100.305,120.357
Index,1977-07-31,67.248,53.617,77.918,27.29,176.402,83.238,65.9,139.915,86.975,100.305,120.491
Index,1977-08-31,68.997,53.874,78.793,27.483,161.911,83.517,66.065,140.244,87.074,100.954,121.16
Index,1977-09-30,69.697,54.386,82.811,27.511,148.905,83.424,66.563,140.408,87.173,102.146,122.633
Index,1977-10-31,69.697,54.3,82.549,27.565,138.749,83.517,66.314,140.74,87.57,102.036,122.5
Index,1977-11-30,69.767,54.3,81.151,26.657,130.989,83.61,66.811,141.566,87.867,101.386,122.365
Index,1977-12-31,66.828,54.3,78.618,26.493,128.822,83.424,66.398,141.566,87.867,100.197,120.759
Index,1978-01-31,68.227,54.472,79.141,26.438,125.969,83.238,66.728,143.22,88.262,100.954,121.829
Index,1978-02-28,68.718,55.41,79.317,26.327,126.769,83.051,67.309,144.049,88.065,101.386,122.365
Index,1978-03-31,67.948,55.666,79.754,26.382,133.157,82.959,68.302,145.039,88.164,101.82,123.036
Index,1978-04-30,69.416,55.923,79.666,26.244,137.037,83.331,68.8,146.197,88.758,102.47,124.105
Index,1978-05-31,69.347,56.435,82.287,26.52,148.905,83.424,69.381,147.355,88.262,103.552,125.444
Index,1978-06-30,68.997,56.435,86.393,26.244,157.234,83.424,70.292,148.513,88.956,104.741,127.32
Index,1978-07-31,67.738,56.691,86.393,26.162,159.173,83.703,70.791,149.176,89.649,104.958,127.72
Index,1978-08-31,68.087,56.861,88.489,25.75,158.602,83.983,70.956,149.176,89.947,105.175,128.39
Index,1978-09-30,67.457,56.691,91.371,25.503,156.32,83.983,71.868,149.837,90.144,106.148,129.729
Index,1978-10-31,68.718,57.033,94.603,25.035,157.234,83.238,71.786,150.167,90.442,106.798,131.067
Index,1978-11-30,68.718,56.861,95.913,25.035,158.032,83.796,71.868,149.176,89.749,106.798,131.202
Index,1978-12-31,67.808,57.033,93.031,25.31,155.75,83.796,72.034,148.679,90.342,106.257,129.996
Index,1979-01-31,68.298,56.947,92.07,26.052,154.266,83.983,73.029,150.334,90.738,107.122,130.666
Index,1979-02-28,68.367,56.947,95.477,26.438,159.401,85.379,73.775,150.167,91.035,108.421,132.137
Index,1979-03-31,69.207,57.119,96.788,26.932,165.791,86.59,74.438,149.837,91.432,109.288,133.076
Index,1979-04-30,68.508,57.46,103.95,31.665,168.416,90.5,74.852,149.176,91.63,113.398,135.352
Index,1979-05-31,70.467,58.398,108.317,32.38,170.812,91.058,75.432,151.656,91.829,115.888,138.163
Index,1979-06-30,71.796,59.083,113.034,34.086,170.926,94.783,75.1,152.647,91.234,118.268,140.304
Index,1979-07-31,74.454,59.424,110.85,40.001,174.577,97.39,76.012,153.639,92.622,121.839,141.242
Index,1979-08-31,74.106,59.935,109.366,40.716,174.006,97.948,76.095,153.639,92.522,121.946,140.706
Index,1979-09-30,73.547,60.789,108.055,41.377,170.469,98.973,76.261,153.639,93.711,122.054,140.573
Index,1979-10-31,73.966,60.789,109.191,42.366,166.705,100.742,77.007,153.806,93.216,123.245,141.377
Index,1979-11-30,73.686,60.875,111.026,43.549,163.282,101.487,77.007,153.639,93.216,124.219,141.778
Index,1979-12-31,73.756,60.704,112.423,47.676,159.744,102.231,77.67,154.136,94.206,126.924,142.85
Index,1980-01-31,74.106,60.107,121.246,53.068,161.341,106.98,79.909,156.123,97.575,133.308,147.668
Index,1980-02-29,75.505,61.302,128.41,55.544,171.154,107.26,80.571,158.435,98.168,137.203,151.284
Index,1980-03-31,76.135,62.156,119.673,58.24,164.194,108.283,81.235,158.271,97.575,136.987,149.008
Index,1980-04-30,75.505,62.326,119.936,56.589,162.597,108.191,81.483,159.428,98.07,136.23,149.275
Index,1980-05-31,75.575,63.863,112.772,59.093,151.529,109.587,82.147,158.106,97.972,136.014,147.133
Index,1980-06-30,75.085,64.973,113.297,59.671,137.037,108.842,82.312,163.066,99.16,137.312,148.338
Index,1980-07-31,74.876,66.595,111.375,61.569,134.413,110.053,82.975,163.895,100.347,138.394,148.605
Index,1980-08-31,74.245,66.51,113.034,61.54,129.848,110.425,83.058,163.895,100.644,138.609,149.008
Index,1980-09-30,75.995,67.279,114.956,60.991,125.17,110.332,83.141,164.389,101.041,139.259,150.078
Index,1980-10-31,76.764,67.279,112.161,61.376,122.546,107.725,83.224,163.895,100.843,138.609,149.141
Index,1980-11-30,77.184,66.851,110.152,62.367,135.896,107.445,83.307,163.895,101.438,138.936,148.873
Index,1980-12-31,77.674,66.936,108.842,62.339,147.421,107.352,82.893,165.052,101.339,138.936,148.873
Index,1981-01-31,78.515,68.046,107.533,66.712,149.36,106.607,83.058,168.358,100.744,141.749,149.409
Index,1981-02-28,77.534,68.132,105.61,69.492,154.723,106.607,82.893,168.028,100.843,142.614,148.605
Index,1981-03-31,78.025,68.473,102.291,71.005,152.441,106.98,82.893,167.533,101.239,142.722,147.535
Index,1981-04-30,77.114,69.157,95.913,70.923,148.22,107.538,83.639,167.864,101.041,141.532,145.794
Index,1981-05-31,76.694,70.182,97.836,72.215,148.105,108.283,84.136,167.533,101.239,142.614,146.597
Index,1981-06-30,77.255,70.01,95.913,71.005,152.441,108.376,84.136,167.202,100.546,141.532,146.062
Index,1981-07-31,77.324,70.182,90.148,71.032,147.077,108.376,83.556,166.375,99.952,139.908,143.785
Index,1981-08-31,76.415,69.755,88.051,71.555,132.36,108.097,83.722,166.54,100.05,139.584,142.85
Index,1981-09-30,76.904,69.84,86.129,70.455,125.969,107.352,84.136,165.878,99.754,138.394,142.18
Index,1981-10-31,76.345,69.924,78.443,68.695,126.883,105.771,84.136,168.194,99.358,136.121,140.172
Index,1981-11-30,75.575,69.924,76.084,67.786,122.204,105.583,83.887,167.533,98.763,134.822,139.101
Index,1981-12-31,75.155,69.924,76.784,67.621,117.184,105.771,83.556,167.533,99.457,134.715,139.101
Index,1982-01-31,76.694,70.096,77.221,67.95,120.721,104.0,82.478,171.998,97.872,135.688,140.036
Index,1982-02-28,76.904,70.267,76.784,64.87,128.592,104.466,82.645,171.502,98.168,133.958,139.903
Index,1982-03-31,78.234,70.693,77.656,64.897,126.312,104.374,81.98,171.833,97.674,134.282,140.304
Index,1982-04-30,77.255,70.01,77.57,64.814,127.567,104.0,82.063,171.833,97.575,133.958,140.036
Index,1982-05-31,76.554,70.01,78.268,64.182,125.17,103.255,81.65,172.659,97.276,133.741,140.036
Index,1982-06-30,76.345,70.523,78.094,64.814,124.714,103.255,81.401,171.833,96.682,133.632,139.636
Index,1982-07-31,76.485,71.377,77.656,64.155,113.533,103.069,80.986,171.171,96.781,132.875,139.101
Index,1982-08-31,76.694,71.12,77.57,64.952,106.343,103.163,80.903,170.841,96.384,133.2,138.832
Index,1982-09-30,76.415,71.889,77.656,64.732,102.579,102.977,80.489,170.675,97.079,132.875,138.699
Index,1982-10-31,77.395,71.803,77.832,65.227,94.249,103.908,79.825,171.171,96.979,133.308,138.832
Index,1982-11-30,75.505,71.889,77.656,65.806,97.558,103.442,79.246,170.51,96.384,132.875,137.762
Index,1982-12-31,75.365,72.316,76.346,64.155,97.33,102.046,78.996,171.666,96.384,131.794,137.494
Index,1983-01-31,74.106,71.974,75.735,59.478,94.591,101.394,77.339,170.178,96.484,128.222,135.888
Index,1983-02-28,72.357,71.633,82.287,59.396,93.45,101.394,77.09,169.022,96.484,129.088,137.093
Index,1983-03-31,71.796,71.292,89.1,59.505,94.136,101.115,77.256,168.691,95.296,130.387,138.832
Index,1983-04-30,72.846,71.803,93.643,57.304,105.432,100.556,77.256,168.358,95.296,130.278,140.304
Index,1983-05-31,72.566,71.718,88.926,56.947,109.539,101.021,77.09,168.028,94.998,128.98,138.832
Index,1983-06-30,72.916,72.571,90.934,57.167,99.155,100.463,76.842,167.864,94.701,129.413,139.101
Index,1983-07-31,72.636,72.486,93.293,57.965,106.8,99.159,76.842,168.525,94.602,130.387,139.903
Index,1983-08-31,73.476,72.743,93.816,58.213,129.735,99.253,76.842,168.691,94.107,130.928,140.439
Index,1983-09-30,74.175,72.913,90.672,58.569,161.569,99.532,76.842,168.194,94.107,130.71,139.903
Index,1983-10-31,74.175,72.829,90.411,58.404,164.194,99.997,76.842,169.022,94.107,130.71,140.172
Index,1983-11-30,75.785,72.486,92.856,56.672,163.282,99.532,77.09,169.022,94.206,130.71,141.377
Index,1983-12-31,76.485,72.571,94.166,56.754,168.301,99.438,76.842,169.352,94.305,131.144,142.046
Index,1984-01-31,76.485,72.743,94.69,56.589,198.881,99.159,76.012,171.666,94.206,131.577,142.583
Index,1984-02-29,75.715,72.571,95.215,55.984,204.015,98.879,75.847,171.171,94.305,131.252,142.583
Index,1984-03-31,75.085,72.657,94.778,54.801,223.072,99.344,76.261,171.998,94.503,130.928,142.983
Index,1984-04-30,75.155,73.084,92.419,55.076,224.668,99.438,76.261,171.502,94.404,130.387,142.18
Index,1984-05-31,75.646,72.998,88.489,55.984,237.107,99.344,76.509,171.666,94.998,130.387,141.51
Index,1984-06-30,75.365,73.34,84.12,56.039,208.808,99.159,76.261,171.171,94.998,129.088,139.636
Index,1984-07-31,73.265,73.255,83.684,56.066,167.388,99.904,76.261,172.328,94.9,128.656,138.832
Index,1984-08-31,73.756,73.34,84.208,56.341,159.173,99.253,76.675,170.51,94.998,128.656,138.699
Index,1984-09-30,74.106,73.17,84.471,56.616,158.489,99.159,75.847,170.013,94.9,128.547,138.297
Index,1984-10-31,74.315,72.913,80.452,56.947,165.22,98.879,76.012,168.358,94.998,127.682,136.824
Index,1984-11-30,73.336,72.743,78.094,56.259,158.145,98.879,75.68,168.855,94.998,126.491,135.753
Index,1984-12-31,72.916,72.743,77.744,56.479,158.145,98.787,75.598,169.022,94.8,126.491,135.62
Index,1985-01-31,75.855,71.974,79.403,60.221,159.63,97.855,74.272,168.525,93.711,128.764,135.62
Index,1985-02-28,75.646,71.889,78.879,61.817,154.494,97.948,74.106,168.855,93.711,129.738,135.753
Index,1985-03-31,74.595,72.06,79.491,61.486,157.348,98.414,73.858,169.847,93.414,129.413,135.753
Index,1985-04-30,74.945,72.913,79.841,59.917,161.683,98.321,73.525,169.352,93.612,128.656,135.753
Index,1985-05-31,74.595,73.425,78.706,56.534,175.262,98.043,73.36,167.864,94.107,126.275,135.486
Index,1985-06-30,75.085,73.597,78.181,56.148,159.744,98.321,73.691,166.871,93.711,125.518,134.817
Index,1985-07-31,73.476,74.108,75.823,55.846,145.481,98.973,72.945,168.028,94.206,124.652,134.013
Index,1985-08-31,71.726,74.28,73.812,56.314,125.17,99.065,73.36,168.691,94.503,124.435,133.21
Index,1985-09-30,72.357,74.366,72.764,57.772,113.19,98.228,73.029,166.208,94.602,124.435,131.738
Index,1985-10-31,71.027,75.048,71.717,55.709,99.498,96.924,73.278,164.721,94.503,122.271,130.399
Index,1985-11-30,71.656,75.133,70.931,55.901,93.564,96.738,72.613,165.547,95.098,122.271,130.532
Index,1985-12-31,71.935,75.218,71.279,55.957,93.679,96.459,72.448,164.721,95.494,122.163,130.131
Index,1986-01-31,72.705,75.218,71.106,52.793,92.195,96.645,68.47,166.871,95.494,120.757,131.067
Index,1986-02-28,72.426,75.39,74.861,41.734,90.483,96.645,68.967,169.186,96.781,114.804,132.54
Index,1986-03-31,73.686,75.559,75.036,31.885,82.039,97.017,70.127,174.314,97.774,110.26,135.084
Index,1986-04-30,73.756,76.328,74.6,30.84,73.825,98.134,71.371,174.975,99.358,108.962,134.013
Index,1986-05-31,73.756,77.011,75.036,28.006,74.852,99.253,72.531,179.606,101.041,108.746,136.557
Index,1986-06-30,73.056,76.585,75.036,25.117,76.677,99.438,73.278,181.093,101.735,107.339,137.36
Index,1986-07-31,72.776,76.927,75.385,19.89,72.797,101.3,74.686,185.89,102.923,105.607,139.636
Index,1986-08-31,73.196,77.354,74.774,24.265,64.925,101.115,74.189,186.552,103.42,108.421,139.636
Index,1986-09-30,73.826,77.354,75.91,28.749,62.073,100.184,74.52,185.724,103.816,111.126,139.504
Index,1986-10-31,74.736,77.951,77.133,28.281,65.951,99.81,74.769,186.386,104.211,111.451,140.172
Index,1986-11-30,74.665,78.036,77.395,29.216,83.068,99.997,74.852,184.235,104.013,111.883,140.036
Index,1986-12-31,74.245,77.951,77.221,30.811,81.697,99.904,75.267,186.221,104.013,113.398,140.706
Index,1987-01-31,73.826,76.328,78.618,39.753,88.885,101.953,81.483,185.229,100.644,119.566,141.51
Index,1987-02-28,72.916,76.328,78.618,37.469,85.92,101.953,81.401,184.732,100.942,117.834,141.242
Index,1987-03-31,72.636,75.559,77.744,36.588,90.825,102.046,80.738,185.724,102.13,117.077,140.706
Index,1987-04-30,72.986,76.072,78.356,39.12,87.973,103.35,82.396,187.71,102.427,120.108,142.85
Index,1987-05-31,72.705,77.523,79.754,40.001,89.114,104.0,82.229,188.205,103.618,120.865,143.115
Index,1987-06-30,72.286,78.976,81.326,40.496,90.598,104.931,82.063,187.71,103.518,121.189,143.518
Index,1987-07-31,72.145,80.513,82.811,41.899,86.262,105.771,82.063,186.882,103.42,122.271,143.785
Index,1987-08-31,71.866,81.109,83.596,40.496,84.664,106.421,81.566,186.221,103.122,121.297,143.652
Index,1987-09-30,73.476,84.354,86.916,38.184,87.86,107.072,82.229,186.716,103.717,120.973,145.126
Index,1987-10-31,75.295,85.976,88.576,38.184,90.825,108.283,82.727,188.205,103.618,121.839,146.597
Index,1987-11-30,75.646,85.806,88.401,36.232,91.511,108.842,82.727,188.702,104.112,120.973,146.999
Index,1987-12-31,76.135,87.513,90.061,32.544,98.471,109.215,82.229,190.024,104.211,118.809,147.267
Index,1988-01-31,76.135,80.768,91.895,32.6,112.961,109.028,83.969,193.331,107.777,121.189,151.016
Index,1988-02-29,77.534,80.683,90.498,32.462,109.652,109.401,84.634,191.679,107.877,120.973,150.614
Index,1988-03-31,75.646,80.597,91.721,31.032,102.122,111.17,85.047,192.175,108.371,120.215,150.749
Index,1988-04-30,75.015,79.744,95.128,33.343,102.464,113.405,85.794,193.828,108.669,122.596,152.087
Index,1988-05-31,75.646,79.915,97.311,34.526,103.719,115.267,86.125,191.679,108.867,123.353,152.22
Index,1988-06-30,75.785,80.0,103.338,31.967,110.451,116.104,87.037,192.505,108.669,122.921,153.96
Index,1988-07-31,77.114,80.342,101.416,28.776,120.378,117.78,88.116,194.655,108.272,121.731,155.299
Index,1988-08-31,76.066,80.17,100.106,29.298,115.358,117.874,88.446,192.341,107.678,121.297,154.095
Index,1988-09-30,76.066,80.427,96.263,27.125,108.511,118.06,88.612,194.655,107.58,119.89,154.229
Index,1988-10-31,76.485,80.342,90.498,23.493,107.142,117.594,88.446,193.331,107.678,116.753,153.025
Index,1988-11-30,77.464,80.0,86.393,26.657,105.888,115.919,88.363,192.175,108.47,118.376,152.087
Index,1988-12-31,77.884,80.0,88.051,28.199,106.343,115.359,88.363,191.347,108.173,119.133,152.087
Index,1989-01-31,76.625,79.915,88.926,31.335,99.268,112.659,88.861,190.024,106.885,120.54,151.016
Index,1989-02-28,75.995,79.829,88.313,30.096,97.558,111.356,89.358,190.355,106.093,119.566,150.749
Index,1989-03-31,75.995,79.915,85.78,32.517,97.672,110.891,89.44,191.182,106.291,121.081,150.749
Index,1989-04-30,76.415,81.109,86.48,36.588,94.82,111.263,89.938,189.86,106.093,123.569,150.614
Index,1989-05-31,76.694,81.452,81.587,35.324,95.732,109.493,89.938,189.529,105.401,122.163,149.676
Index,1989-06-30,76.764,81.452,76.958,34.526,94.021,108.097,89.525,188.702,104.607,120.865,148.338
Index,1989-07-31,75.855,81.537,76.346,33.782,89.342,106.702,89.773,188.371,105.004,119.89,147.937
Index,1989-08-31,75.715,81.537,74.6,33.096,83.865,105.583,89.44,188.536,105.004,119.133,147.267
Index,1989-09-30,75.715,81.622,75.561,33.975,79.073,105.118,89.11,188.371,104.905,119.566,146.999
Index,1989-10-31,75.155,81.622,74.075,35.213,77.589,104.651,88.528,190.024,104.905,120.323,147.133
Index,1989-11-30,75.365,81.537,75.299,35.681,79.187,104.094,88.363,188.371,104.707,120.323,146.597
Index,1989-12-31,73.476,81.281,73.988,36.948,75.536,103.72,87.618,186.882,104.806,120.215,145.259
Index,1990-01-31,71.447,82.391,72.415,36.314,74.737,101.953,87.037,188.702,103.32,120.108,143.92
Index,1990-02-28,71.377,82.219,72.415,35.049,71.314,101.859,86.623,187.544,102.824,119.025,143.251
Index,1990-03-31,71.377,82.561,72.067,34.361,72.797,102.046,86.456,187.047,103.32,118.591,142.715
Index,1990-04-30,71.935,82.732,72.153,32.022,72.797,102.138,86.456,185.393,102.13,117.077,142.18
Index,1990-05-31,72.006,82.305,72.153,29.739,74.623,102.138,86.373,183.409,103.122,115.346,142.85
Index,1990-06-30,71.726,82.646,71.629,27.043,73.825,101.859,85.462,182.913,102.824,113.723,142.583
Index,1990-07-31,71.166,82.903,70.494,28.199,71.771,101.58,85.296,180.764,103.022,113.398,142.046
Index,1990-08-31,70.397,82.219,69.534,42.531,71.086,101.3,84.799,179.935,102.328,119.782,141.377
Index,1990-09-30,69.697,83.073,68.659,52.82,71.199,101.394,84.302,179.11,102.328,124.327,139.636
Index,1990-10-31,69.697,82.391,68.223,57.14,70.174,103.163,84.136,178.116,102.725,126.383,139.368
Index,1990-11-30,69.976,82.219,68.047,52.655,73.026,103.908,83.805,177.291,102.427,124.002,138.832
Index,1990-12-31,69.976,82.134,68.746,47.235,75.879,104.746,83.556,177.952,102.328,121.622,139.101
Index,1991-01-31,69.626,88.453,68.398,49.573,78.274,108.004,85.876,178.777,102.031,123.678,140.706
Index,1991-02-28,68.928,88.026,68.398,38.763,81.584,107.538,85.544,177.787,101.933,118.159,140.172
Index,1991-03-31,69.137,88.623,68.922,31.638,83.181,107.633,85.628,177.291,101.735,114.481,140.036
Index,1991-04-30,69.277,88.88,69.009,32.435,80.441,105.771,85.794,178.777,101.933,115.238,140.439
Index,1991-05-31,69.487,88.88,68.833,33.618,79.986,104.651,85.712,179.274,101.636,115.888,140.439
Index,1991-06-30,68.997,89.221,69.446,33.507,77.931,104.094,85.544,178.116,101.239,115.238,139.769
Index,1991-07-31,68.647,89.136,68.833,33.232,78.274,103.069,85.379,178.613,101.041,115.022,139.636
Index,1991-08-31,68.647,88.623,67.873,33.232,79.644,101.766,84.302,176.462,100.644,114.047,138.297
Index,1991-09-30,69.277,89.477,67.087,33.343,79.073,101.021,84.136,175.472,100.347,113.832,137.627
Index,1991-10-31,69.137,88.708,67.087,35.764,80.214,100.369,83.722,176.958,100.05,115.131,138.029
Index,1991-11-30,69.556,89.136,66.562,35.158,80.441,100.184,82.975,175.801,100.05,114.372,137.36
Index,1991-12-31,69.347,88.708,66.213,31.088,81.355,100.275,82.56,175.305,99.655,112.1,136.957
Index,1992-01-31,69.556,89.818,65.951,28.831,83.068,98.787,82.063,175.967,99.358,110.91,136.957
Index,1992-02-29,70.047,88.453,66.562,28.749,85.234,98.694,82.229,175.14,98.862,110.692,136.69
Index,1992-03-31,69.416,88.964,67.349,29.573,88.885,98.694,82.063,175.636,98.961,111.342,136.824
Index,1992-04-30,68.578,88.623,67.786,31.197,89.913,99.344,82.147,176.958,98.763,112.533,137.36
Index,1992-05-31,68.508,88.623,68.135,32.875,88.885,99.065,81.98,175.14,98.168,112.641,136.557
Index,1992-06-30,68.087,88.026,68.135,33.893,90.256,98.973,81.98,173.653,98.466,112.748,135.753
Index,1992-07-31,68.087,87.94,67.524,34.498,87.516,98.414,81.401,172.659,99.06,112.641,135.218
Index,1992-08-31,68.018,88.026,67.262,33.948,85.463,98.414,81.566,171.666,98.961,111.991,134.817
Index,1992-09-30,67.948,87.513,66.389,34.086,84.094,97.948,80.82,171.998,98.961,111.883,134.682
Index,1992-10-31,68.367,87.684,66.651,34.416,83.979,98.228,80.489,169.847,100.05,111.559,134.013
Index,1992-11-30,68.718,88.026,67.0,33.782,86.832,98.321,80.405,170.013,100.05,111.451,134.146
Index,1992-12-31,68.857,88.539,67.611,30.4,86.033,98.414,80.405,170.675,99.457,109.935,134.414
Index,1993-01-31,66.618,88.453,68.746,29.353,88.315,96.273,80.405,171.171,99.258,109.288,134.146
Index,1993-02-28,65.358,88.794,69.009,29.106,88.544,96.366,80.241,171.998,99.16,109.288,134.281
Index,1993-03-31,64.378,89.904,68.311,29.766,89.227,97.203,79.659,173.817,99.556,110.152,134.949
Index,1993-04-30,64.238,89.732,67.436,30.729,88.544,97.017,79.909,173.817,100.347,110.584,134.949
Index,1993-05-31,64.029,89.563,67.698,31.279,85.006,96.924,79.825,172.824,100.546,110.584,134.548
Index,1993-06-30,64.238,89.563,68.047,30.811,83.865,96.18,79.659,175.472,100.546,110.91,135.486
Index,1993-07-31,65.289,90.416,66.913,28.417,80.671,95.9,80.323,175.472,100.942,109.935,135.62
Index,1993-08-31,65.708,89.221,66.738,27.236,79.644,95.434,80.158,175.801,100.942,109.395,135.753
Index,1993-09-30,66.199,89.05,65.951,26.85,80.328,94.318,79.329,175.472,100.347,108.746,135.084
Index,1993-10-31,66.408,88.794,64.816,27.758,78.616,94.969,78.582,174.147,99.952,108.638,134.414
Index,1993-11-30,66.548,88.964,64.64,26.795,78.388,95.062,78.996,174.147,100.447,108.313,134.548
Index,1993-12-31,66.968,88.794,65.428,23.493,82.039,95.155,78.913,173.817,100.347,106.798,134.548
Index,1994-01-31,67.248,89.391,66.389,24.347,85.234,94.783,78.748,173.982,100.149,107.231,134.682
Index,1994-02-28,66.897,89.391,68.223,24.596,87.289,94.411,79.162,173.817,99.952,107.447,134.682
Index,1994-03-31,66.128,89.391,70.145,23.493,88.657,94.411,79.246,172.824,99.952,106.69,134.414
Index,1994-04-30,65.429,88.539,71.717,25.667,90.37,94.69,79.162,172.824,100.347,107.881,134.548
Index,1994-05-31,66.968,88.281,72.067,26.768,95.96,91.804,78.913,171.998,99.655,107.881,134.013
Index,1994-06-30,67.528,88.195,73.201,27.372,102.35,91.525,79.494,171.502,99.556,108.313,134.013
Index,1994-07-31,70.186,88.026,76.958,29.409,102.464,92.548,79.576,170.841,99.556,109.503,134.414
Index,1994-08-31,69.976,86.744,79.054,30.096,108.74,93.107,79.162,170.013,99.457,109.72,134.281
Index,1994-09-30,71.097,85.976,78.268,26.932,111.592,94.132,79.411,170.344,99.258,108.421,134.682
Index,1994-10-31,71.097,85.806,80.189,27.372,113.19,95.062,79.246,169.186,99.853,108.528,134.548
Index,1994-11-30,70.746,85.634,80.801,28.281,124.029,95.062,79.576,169.022,99.16,109.07,134.548
Index,1994-12-31,70.186,85.55,86.567,27.565,126.312,94.597,79.909,168.358,98.763,108.638,134.548
Index,1995-01-31,70.488,85.336,90.97,27.908,123.357,92.0,81.276,169.121,100.198,109.666,135.673
Index,1995-02-28,70.348,85.866,92.341,29.18,117.628,92.009,81.359,168.062,100.032,109.698,135.15
Index,1995-03-31,69.075,85.183,91.493,29.244,120.356,92.204,81.831,167.019,99.892,109.32,134.602
Index,1995-04-30,68.69,84.559,90.628,29.568,133.192,93.936,81.74,166.705,99.684,109.416,134.588
Index,1995-05-31,69.165,84.525,89.562,29.608,112.244,94.56,82.196,165.779,99.804,109.124,134.174
Index,1995-06-30,70.004,84.329,86.969,27.755,113.018,94.783,82.494,166.177,99.833,108.701,134.455
Index,1995-07-31,70.152,84.729,83.151,25.615,107.359,95.1,83.605,165.151,98.674,107.576,133.893
Index,1995-08-31,70.698,85.046,81.963,24.865,110.074,94.82,84.576,165.036,98.565,107.414,134.013
Index,1995-09-30,70.929,86.394,82.409,25.662,108.214,93.499,84.675,165.366,98.386,107.728,134.08
Index,1995-10-31,69.865,85.806,83.728,25.703,106.491,92.548,84.5,162.571,97.911,106.517,132.419
Index,1995-11-30,70.285,86.139,87.414,26.654,108.98,91.31,83.655,161.876,98.089,106.494,131.965
Index,1995-12-31,70.026,86.635,87.598,28.369,108.34,90.509,82.801,161.744,97.644,106.776,131.563
Index,1996-01-31,69.753,86.07,88.716,29.202,104.952,90.202,82.494,161.298,95.801,106.602,130.946
Index,1996-02-29,70.103,85.984,88.34,28.425,100.467,89.876,81.923,160.207,96.296,105.879,130.318
Index,1996-03-31,69.242,85.695,88.147,28.166,97.158,89.662,81.252,158.635,95.98,104.991,129.233
Index,1996-04-30,69.592,85.6,87.999,29.051,96.543,89.783,80.952,155.955,96.128,104.288,127.882
Index,1996-05-31,70.684,85.6,88.244,29.216,99.738,89.43,80.613,155.294,97.029,104.201,127.694
Index,1996-06-30,71.215,85.439,86.969,27.885,100.582,88.88,80.141,154.847,96.187,103.378,127.184
Index,1996-07-31,70.426,85.669,84.584,27.957,97.49,87.205,79.875,153.193,95.563,102.459,125.9
Index,1996-08-31,70.866,86.037,83.929,29.097,95.765,87.074,79.875,152.83,95.246,102.666,125.672
Index,1996-09-30,71.013,86.165,85.536,31.139,98.094,86.654,79.693,152.334,95.266,103.162,125.417
Index,1996-10-31,70.9,86.317,84.872,33.322,96.953,87.298,79.287,151.027,95.256,103.378,124.708
Index,1996-11-30,70.963,86.207,84.898,34.434,95.664,86.915,78.831,150.316,95.315,103.389,124.226
Index,1996-12-31,70.922,85.924,83.423,35.065,97.74,86.887,78.748,148.796,94.978,102.957,123.356
Index,1997-01-31,71.46,85.771,83.596,35.176,96.588,85.202,77.812,147.042,93.939,101.982,122.005
Index,1997-02-28,71.635,87.171,83.318,32.529,101.483,85.538,77.911,146.298,94.097,100.921,121.763
Index,1997-03-31,71.272,87.214,83.84,30.647,103.182,86.068,78.383,146.694,94.097,100.556,122.112
Index,1997-04-30,70.515,87.521,82.689,29.519,101.996,85.984,78.391,145.272,94.305,99.603,121.333
Index,1997-05-31,71.055,87.411,81.885,29.965,102.624,86.105,78.316,143.369,94.978,99.138,120.504
Index,1997-06-30,70.922,87.359,81.762,28.796,101.7,85.929,78.664,142.412,95.118,98.422,120.076
Index,1997-07-31,72.307,87.197,80.531,28.544,100.25,86.292,78.466,141.022,95.494,97.904,119.488
Index,1997-08-31,73.566,88.393,79.491,29.343,99.076,86.449,79.709,143.073,96.395,99.288,120.985
Index,1997-09-30,74.168,88.539,79.107,30.624,98.414,87.241,79.825,145.47,96.484,100.717,122.338
Index,1997-10-31,74.98,89.322,79.011,33.147,101.414,88.266,80.68,144.329,94.514,101.181,121.829
Index,1997-11-30,75.848,89.835,77.875,33.312,105.933,88.675,81.027,147.373,94.732,102.524,123.557
Index,1997-12-31,77.269,91.705,76.294,31.103,108.056,89.652,82.436,149.275,96.147,103.0,125.216
Index,1998-01-31,79.193,96.255,74.765,27.07,115.403,91.143,84.5,150.167,97.009,102.666,126.582
Index,1998-02-28,78.41,93.532,76.241,24.476,118.952,90.537,83.754,150.762,96.465,101.767,126.541
Index,1998-03-31,76.485,92.687,73.919,22.251,117.126,89.672,80.796,148.48,95.137,99.342,124.28
Index,1998-04-30,75.938,92.388,73.018,23.256,117.766,87.949,80.373,146.165,94.335,98.488,122.674
Index,1998-05-31,76.072,94.096,72.529,24.954,125.125,88.33,80.298,146.594,94.721,99.332,123.036
Index,1998-06-30,75.918,95.394,71.323,23.263,129.905,88.815,80.671,148.564,94.969,99.613,124.186
Index,1998-07-31,75.224,95.931,70.302,23.307,127.305,88.311,80.896,146.859,94.633,98.898,123.195
Index,1998-08-31,76.366,96.922,69.052,23.496,129.323,88.284,81.541,148.397,95.761,99.808,124.333
Index,1998-09-30,76.155,96.512,68.362,25.035,131.184,88.35,80.787,149.009,96.693,100.522,124.601
Index,1998-10-31,74.323,94.872,67.471,25.706,129.758,87.456,78.69,147.124,94.839,99.311,122.674
Index,1998-11-30,74.106,94.848,66.371,23.918,128.15,87.474,78.3,145.717,94.017,97.999,121.709
Index,1998-12-31,74.134,95.504,66.24,20.521,129.039,87.317,78.266,146.513,94.116,97.169,122.112
Index,1999-01-31,75.841,95.667,66.074,21.508,126.871,88.266,77.778,146.611,93.84,97.58,122.232
Index,1999-02-28,75.581,95.275,66.135,21.439,125.89,89.513,78.026,146.677,94.365,97.753,122.486
Index,1999-03-31,75.274,96.316,66.257,23.223,118.438,89.587,78.002,147.174,94.861,98.553,122.78
Index,1999-04-30,75.358,96.068,64.065,28.289,110.838,89.151,77.496,147.538,94.839,100.197,122.699
Index,1999-05-31,77.338,96.512,64.615,30.43,108.922,88.741,77.637,146.926,94.623,100.771,122.5
Index,1999-06-30,77.066,96.879,64.895,29.231,104.278,88.908,77.438,146.314,94.732,100.122,122.164
Index,1999-07-31,76.352,95.462,64.388,32.752,96.201,88.247,77.621,144.346,94.365,100.402,120.96
Index,1999-08-31,76.107,95.427,64.065,36.523,87.813,88.61,77.836,143.254,93.592,101.181,120.303
Index,1999-09-30,76.751,95.53,65.374,40.16,90.927,89.122,78.284,144.611,93.84,103.108,121.253
Index,1999-10-31,77.604,95.479,66.781,41.819,91.077,90.249,78.664,145.603,94.237,104.299,122.112
Index,1999-11-30,76.904,95.129,68.345,43.513,87.163,90.556,78.557,145.19,94.9,104.776,121.976
Index,1999-12-31,76.807,95.949,68.459,44.333,86.592,90.658,78.376,146.496,94.811,105.5,122.607
Index,2000-01-31,74.711,95.882,68.281,44.791,82.289,91.055,79.975,150.729,94.645,107.919,124.923
Index,2000-02-29,74.173,96.098,69.356,47.055,83.434,91.503,80.213,151.258,95.334,108.867,125.397
Index,2000-03-31,73.63,96.068,69.357,51.103,84.888,91.858,80.583,151.557,95.529,110.106,125.654
Index,2000-04-30,73.522,96.08,69.705,47.998,82.006,92.084,80.899,151.571,95.299,109.33,125.684
Index,2000-05-31,73.981,96.264,69.87,50.657,79.543,92.027,81.323,151.505,94.878,109.993,125.656
Index,2000-06-30,74.086,96.258,69.48,52.934,78.938,92.13,81.574,152.221,94.867,110.923,126.103
Index,2000-07-31,73.538,96.569,69.232,52.699,78.062,92.589,81.984,152.319,94.955,110.964,126.235
Index,2000-08-31,73.365,96.23,69.199,51.89,75.446,93.103,81.703,151.118,94.38,110.151,125.45
Index,2000-09-30,73.022,96.253,69.167,58.132,73.558,93.509,81.842,151.229,94.687,111.863,125.588
Index,2000-10-31,73.213,96.389,69.46,60.226,70.961,93.785,81.733,151.428,93.914,112.42,125.611
Index,2000-11-30,72.736,96.212,69.713,57.224,69.17,93.654,81.412,150.762,93.585,111.256,125.104
Index,2000-12-31,72.911,95.838,69.554,49.556,66.253,93.324,81.23,150.441,93.843,109.123,124.896
Index,2001-01-31,73.019,96.056,68.765,45.548,66.152,92.924,80.18,152.373,94.821,108.917,125.965
Index,2001-02-28,73.061,95.727,68.626,46.822,63.122,93.957,79.636,152.163,94.694,109.141,125.831
Index,2001-03-31,72.805,96.044,68.209,47.448,64.5,93.422,80.072,152.617,95.104,109.547,126.148
Index,2001-04-30,72.934,96.241,67.494,49.301,67.1,93.661,80.209,153.673,96.713,110.701,127.025
Index,2001-05-31,73.337,96.184,67.575,51.673,64.616,93.92,80.128,153.644,97.03,111.352,127.077
Index,2001-06-30,73.19,96.464,67.753,50.712,66.07,93.414,79.768,152.984,97.271,110.772,126.647
Index,2001-07-31,72.238,97.647,67.362,47.456,69.267,92.571,78.842,153.397,97.227,109.94,126.656
Index,2001-08-31,71.494,97.541,66.74,47.025,74.185,91.16,77.491,151.553,95.901,108.607,125.072
Index,2001-09-30,70.881,97.32,67.505,48.102,72.841,90.255,76.584,150.69,95.618,108.303,124.319
Index,2001-10-31,70.826,97.873,67.244,43.281,72.302,90.812,76.948,152.238,97.212,107.997,125.528
Index,2001-11-30,71.024,98.137,67.141,38.816,76.994,91.038,77.504,153.11,97.862,107.396,126.24
Index,2001-12-31,70.911,97.189,66.849,37.033,79.73,90.72,77.196,152.372,97.976,106.559,125.749
Index,2002-01-31,71.226,98.582,66.61,37.706,83.864,89.773,77.084,150.864,96.648,105.873,124.635
Index,2002-02-28,71.723,98.734,67.343,38.194,83.954,88.719,76.748,151.024,97.005,106.038,124.684
Index,2002-03-31,70.714,99.01,67.387,43.091,83.989,88.658,76.516,150.603,96.696,107.014,124.319
Index,2002-04-30,70.894,99.062,68.262,47.735,86.484,89.19,76.288,149.372,96.787,107.713,123.676
Index,2002-05-31,70.554,98.274,68.296,49.462,84.829,88.919,76.01,148.731,96.669,107.791,123.202
Index,2002-06-30,70.682,98.102,69.029,48.368,87.848,88.723,76.051,146.78,96.748,106.666,122.108
Index,2002-07-31,70.218,97.086,68.9,48.134,88.856,87.973,75.784,146.674,96.098,106.382,121.82
Index,2002-08-31,70.467,96.941,69.532,49.239,92.845,88.467,75.744,146.146,96.077,106.486,121.586
Index,2002-09-30,70.82,96.972,69.669,51.273,91.154,88.844,76.117,145.932,95.702,106.949,121.506
Index,2002-10-31,71.754,97.357,70.224,53.461,90.524,89.919,76.589,145.365,96.39,107.501,121.494
Index,2002-11-30,71.918,96.851,69.68,49.652,94.072,90.001,76.396,144.753,96.074,106.203,121.08
Index,2002-12-31,71.666,97.039,69.832,51.97,97.125,89.835,76.282,144.132,96.129,106.509,120.704
Index,2003-01-31,72.965,95.706,70.03,56.181,97.155,89.214,76.206,142.682,95.737,106.896,119.801
Index,2003-02-28,72.45,95.762,70.908,61.696,97.307,89.935,76.71,143.111,96.275,108.658,120.247
Index,2003-03-31,71.935,95.449,70.881,62.213,96.738,91.072,77.123,144.097,96.132,109.307,120.916
Index,2003-04-30,72.43,95.45,70.881,54.605,95.506,91.711,77.831,144.536,96.24,107.686,121.35
Index,2003-05-31,72.69,95.016,70.42,52.0,94.945,91.03,77.822,143.501,96.0,106.48,120.656
Index,2003-06-30,72.871,95.965,71.768,52.295,95.342,90.791,77.848,142.973,96.016,106.349,120.39
Index,2003-07-31,72.641,97.307,71.993,53.827,94.16,90.862,79.069,142.038,96.235,106.485,120.053
Index,2003-08-31,73.066,97.207,72.425,55.784,92.926,90.956,79.292,141.945,96.967,107.075,120.167
Index,2003-09-30,73.005,96.843,73.575,52.607,91.628,90.81,79.661,141.296,97.148,106.029,119.867
Index,2003-10-31,73.324,97.372,75.483,53.255,93.833,90.969,80.163,141.643,96.995,106.447,120.195
Index,2003-11-30,73.554,97.387,76.644,53.91,96.631,91.219,80.614,141.293,97.71,106.634,120.219
Index,2003-12-31,73.817,98.958,76.543,54.718,102.014,91.447,81.339,140.964,96.769,106.714,120.054
Index,2004-01-31,74.9,99.425,77.633,56.832,103.019,91.839,82.946,140.095,97.139,107.166,119.934
Index,2004-02-29,74.344,99.504,78.79,56.718,107.184,91.858,84.065,138.612,96.446,106.525,119.142
Index,2004-03-31,74.463,100.391,79.465,57.704,109.963,92.944,86.425,138.878,96.619,107.255,119.758
Index,2004-04-30,74.577,100.498,80.294,59.351,110.562,93.038,87.748,137.851,96.181,107.334,119.313
Index,2004-05-31,75.286,100.923,80.771,65.051,111.826,93.371,88.846,138.407,96.684,109.276,119.928
Index,2004-06-30,75.505,100.72,80.738,64.897,106.359,93.884,89.285,138.447,97.192,109.383,120.117
Index,2004-07-31,76.417,100.666,80.755,66.102,103.647,94.718,90.347,137.938,97.72,109.714,120.145
Index,2004-08-31,76.44,101.217,80.611,70.459,101.602,95.367,91.243,137.787,98.069,110.94,120.281
Index,2004-09-30,77.766,100.821,79.534,67.533,100.876,95.697,91.3,136.83,97.311,109.733,119.692
Index,2004-10-31,78.279,100.653,80.512,73.092,97.28,96.786,92.056,136.274,96.542,111.006,119.489
Index,2004-11-30,77.802,100.391,80.952,68.729,95.09,97.135,91.94,135.564,96.653,109.575,119.089
Index,2004-12-31,78.085,100.471,80.647,64.543,94.983,97.12,92.276,135.233,96.932,108.42,118.989
Index,2005-01-31,77.877,96.722,81.771,66.344,92.552,98.674,93.497,134.355,96.778,108.673,118.716
Index,2005-02-28,78.194,96.818,83.278,68.659,90.418,99.325,94.39,133.451,96.55,109.009,118.378
Index,2005-03-31,77.866,96.509,84.218,79.323,91.067,99.955,94.722,133.23,96.367,111.71,118.326
Index,2005-04-30,78.313,96.859,85.558,84.209,93.731,101.235,95.641,133.42,96.571,113.299,118.758
Index,2005-05-31,78.106,96.653,85.785,83.057,93.753,100.897,95.673,132.986,96.357,112.762,118.443
Index,2005-06-30,78.457,97.014,87.412,90.305,93.737,100.739,95.91,133.629,96.67,115.004,118.93
Index,2005-07-31,78.731,97.101,89.405,93.813,93.823,101.776,96.088,133.941,97.195,116.233,119.353
Index,2005-08-31,78.95,96.791,89.79,98.429,92.25,101.096,95.567,133.112,96.324,116.867,118.637
Index,2005-09-30,78.705,97.166,92.414,102.831,92.676,101.554,95.947,134.054,97.322,118.635,119.46
Index,2005-10-31,79.215,97.541,93.229,102.064,93.475,102.2,96.218,133.521,97.219,118.296,119.279
Index,2005-11-30,79.632,97.402,94.379,94.985,93.926,102.383,96.897,133.806,98.036,116.807,119.708
Index,2005-12-31,79.17,97.114,95.445,94.887,92.353,102.197,97.059,133.058,97.807,116.422,119.241
Index,2006-01-31,79.924,99.758,96.237,99.083,95.348,101.342,98.416,133.538,97.245,118.284,119.92
Index,2006-02-28,79.528,99.493,99.999,100.456,93.995,101.187,98.906,132.407,96.774,117.987,119.21
Index,2006-03-31,78.708,99.194,100.497,103.955,93.904,101.123,98.89,130.834,96.536,117.851,118.161
Index,2006-04-30,79.122,97.732,101.147,109.758,92.13,101.084,99.88,130.609,96.685,119.034,118.143
Index,2006-05-31,79.71,95.194,103.567,108.763,91.22,100.859,100.752,130.463,96.932,118.854,118.174
Index,2006-06-30,80.63,95.976,105.206,110.667,92.113,102.174,101.092,131.698,95.956,119.954,119.042
Index,2006-07-31,79.966,95.487,107.26,115.06,94.136,102.69,103.014,129.604,97.403,120.133,118.153
Index,2006-08-31,80.875,95.024,106.739,112.685,94.171,102.788,103.342,130.242,96.891,119.975,118.559
Index,2006-09-30,80.616,95.211,105.592,100.155,94.229,102.946,103.855,130.374,96.445,117.46,118.638
Index,2006-10-31,80.068,95.226,105.684,91.913,94.674,102.862,104.695,129.663,96.208,115.428,118.231
Index,2006-11-30,79.466,93.867,103.536,89.483,94.888,102.831,104.252,128.015,96.065,113.986,117.076
Index,2006-12-31,79.509,94.892,101.201,91.271,97.232,102.995,104.564,127.506,95.469,114.071,116.731
Index,2007-01-31,80.893,94.715,104.15,84.97,98.682,103.256,104.114,125.707,95.653,111.919,115.682
Index,2007-02-28,81.218,94.522,111.618,90.026,99.044,103.357,105.003,124.973,95.585,112.73,115.399
Index,2007-03-31,81.31,94.016,113.043,96.332,101.071,102.665,105.566,124.394,95.304,113.718,115.019
Index,2007-04-30,84.023,93.378,113.993,101.446,105.682,102.459,106.387,123.341,94.31,114.285,114.424
Index,2007-05-31,84.104,94.127,114.87,103.972,105.068,103.127,107.664,123.34,94.96,115.043,114.715
Index,2007-06-30,85.522,95.062,116.578,107.922,108.473,104.234,108.416,122.864,95.609,115.893,114.76
Index,2007-07-31,86.799,93.572,113.727,111.226,109.898,104.691,108.614,121.707,94.917,115.974,114.024
Index,2007-08-31,88.613,94.625,115.193,110.319,115.238,105.002,108.98,122.209,95.382,116.228,114.564
Index,2007-09-30,88.71,95.064,114.395,114.957,116.721,105.541,108.771,122.206,95.741,117.241,114.634
Index,2007-10-31,88.889,92.079,112.37,118.799,116.79,105.601,107.873,119.787,95.039,116.62,112.905
Index,2007-11-30,89.539,90.867,112.526,130.271,118.473,106.292,106.756,118.684,94.685,118.351,112.13
Index,2007-12-31,89.124,92.598,114.717,132.774,122.91,107.034,106.085,118.118,94.91,118.62,111.828
Index,2008-01-31,91.16,91.818,116.76,132.037,130.369,106.135,106.698,116.859,95.343,117.941,111.182
Index,2008-02-29,91.512,91.319,117.923,132.676,136.738,105.676,107.391,116.204,94.856,117.745,110.78
Index,2008-03-31,90.489,90.922,118.977,137.959,138.518,104.86,110.042,115.306,95.175,118.558,110.443
Index,2008-04-30,90.511,90.739,120.105,143.93,141.588,104.403,111.136,113.916,93.697,119.011,109.489
Index,2008-05-31,92.319,91.222,124.258,160.756,149.35,103.916,112.584,113.209,93.125,122.255,109.218
Index,2008-06-30,93.655,91.049,129.558,174.341,151.44,105.205,113.359,113.512,93.69,125.51,109.776
Index,2008-07-31,94.657,91.865,133.604,180.875,149.745,107.676,116.111,113.357,94.231,127.315,110.339
Index,2008-08-31,96.691,92.809,132.611,167.187,150.206,110.838,117.467,114.934,94.066,125.695,111.809
Index,2008-09-30,97.465,93.664,131.368,149.158,152.555,111.345,118.59,115.775,94.506,122.615,112.585
Index,2008-10-31,96.927,96.206,122.43,114.203,146.767,111.79,118.269,117.366,96.585,116.36,113.746
Index,2008-11-30,96.029,96.762,115.763,79.739,132.091,107.716,116.401,119.485,96.495,109.773,114.373
Index,2008-12-31,95.207,96.655,108.446,64.893,134.599,105.38,111.745,119.163,96.824,105.926,113.407
Index,2009-01-31,93.734,98.813,109.003,69.256,112.869,102.375,108.922,120.085,96.725,106.756,113.323
Index,2009-02-28,93.386,98.75,109.127,70.723,120.496,102.451,107.965,120.721,98.571,107.49,113.853
Index,2009-03-31,92.897,99.856,101.805,72.322,117.479,102.638,106.982,121.876,98.245,108.237,114.364
Index,2009-04-30,91.028,99.396,100.769,77.887,120.27,101.724,105.519,119.862,97.269,108.002,112.67
Index,2009-05-31,91.241,98.703,101.156,85.618,124.53,100.811,104.588,117.281,96.319,108.046,110.775
Index,2009-06-30,90.977,97.905,100.424,101.265,121.085,101.288,104.287,116.632,96.122,110.901,110.323
Index,2009-07-31,92.229,98.472,99.129,98.68,121.634,100.762,104.293,116.141,96.098,110.111,110.006
Index,2009-08-31,93.155,99.145,100.949,107.08,118.207,101.095,105.145,115.952,96.201,111.894,110.072
Index,2009-09-30,92.565,96.746,103.972,100.204,115.767,101.217,104.706,115.324,96.273,110.116,109.629
Index,2009-10-31,92.692,97.566,105.285,105.253,115.457,99.88,102.658,114.061,95.801,110.207,108.466
Index,2009-11-30,92.776,97.968,105.815,110.338,116.98,99.422,102.596,114.193,96.194,111.336,108.564
Index,2009-12-31,94.363,97.911,107.302,109.516,119.533,101.039,103.158,112.72,96.334,110.658,107.942
Index,2010-01-31,96.596,101.481,108.975,112.429,118.491,102.566,104.882,112.14,95.797,111.279,107.968
Index,2010-02-28,96.411,99.718,112.08,109.853,119.191,104.177,104.748,112.1,97.366,110.993,108.267
Index,2010-03-31,97.018,99.46,113.251,112.384,122.27,103.621,105.799,111.1,96.96,111.046,107.693
Index,2010-04-30,97.384,98.94,116.935,117.276,125.451,103.148,106.616,110.476,96.48,111.767,107.341
Index,2010-05-31,97.18,97.361,116.093,110.097,125.411,103.995,106.163,110.473,97.372,110.37,107.442
Index,2010-06-30,98.021,97.213,115.433,106.054,126.466,104.386,106.272,111.529,97.497,110.147,108.19
Index,2010-07-31,98.701,95.464,113.176,103.674,125.705,103.337,106.373,111.53,96.86,109.515,108.016
Index,2010-08-31,98.61,95.111,112.419,103.818,126.068,102.378,107.28,111.0,96.401,109.229,107.629
Index,2010-09-30,97.849,94.124,114.316,102.694,127.564,102.423,107.377,110.164,96.156,108.544,107.074
Index,2010-10-31,97.492,92.889,116.235,107.411,129.582,101.693,108.004,109.278,96.271,109.074,106.533
Index,2010-11-30,98.613,93.088,120.959,111.401,138.442,103.229,107.955,108.743,96.126,109.804,106.42
Index,2010-12-31,98.251,93.668,124.92,118.424,142.98,105.137,108.663,108.961,96.588,111.64,106.898
Index,2011-01-31,100.239,94.914,127.989,124.805,155.219,105.272,109.882,108.751,96.065,113.03,106.988
Index,2011-02-28,100.988,94.729,133.227,135.621,160.114,105.956,111.629,108.75,95.839,115.507,107.294
Index,2011-03-31,100.879,94.222,126.073,143.24,167.3,106.661,111.632,108.286,96.092,116.868,107.038
Index,2011-04-30,101.632,93.889,130.438,148.627,163.007,106.64,111.715,106.711,96.031,117.22,106.108
Index,2011-05-31,101.383,93.677,127.293,140.973,161.622,106.049,110.643,106.17,95.954,115.186,105.549
Index,2011-06-30,102.528,93.25,126.524,138.757,159.51,106.223,109.839,106.159,96.252,114.715,105.532
Index,2011-07-31,103.935,91.956,124.077,140.639,156.229,105.685,109.741,104.405,96.316,114.173,104.392
Index,2011-08-31,103.805,92.399,126.498,136.269,154.136,106.188,108.069,103.635,97.795,112.928,103.971
Index,2011-09-30,104.52,92.689,128.786,138.948,153.751,108.548,109.01,105.676,99.461,114.982,105.81
Index,2011-10-31,106.394,94.211,127.577,142.594,154.611,109.241,109.554,107.394,100.788,116.9,107.24
Index,2011-11-30,105.915,95.27,123.097,147.822,157.91,108.822,108.788,107.505,102.07,118.027,107.303
Index,2011-12-31,104.912,95.492,122.643,144.933,157.255,108.899,108.113,107.969,101.103,117.488,107.37
Index,2012-01-31,104.632,95.244,119.492,152.896,158.404,108.745,108.578,108.004,102.004,119.541,107.485
Index,2012-02-29,102.663,94.736,122.717,155.122,157.905,107.492,108.123,106.298,101.425,119.143,106.139
Index,2012-03-31,102.208,94.557,123.455,160.181,162.725,108.24,107.69,105.905,100.927,120.297,105.882
Index,2012-04-30,100.694,95.041,123.152,155.713,166.965,108.936,106.867,105.539,100.518,118.881,105.568
Index,2012-05-31,101.482,95.308,123.198,143.897,158.065,108.385,106.353,105.992,100.182,115.844,105.704
Index,2012-06-30,101.151,95.672,120.657,130.311,149.141,107.312,106.418,106.876,101.352,112.614,106.218
Index,2012-07-31,99.803,96.297,117.482,132.531,147.998,104.668,104.306,106.787,100.485,112.69,105.518
Index,2012-08-31,98.753,96.005,115.678,142.162,143.454,105.42,103.841,105.503,99.767,114.562,104.588
Index,2012-09-30,98.632,95.45,117.801,144.53,139.011,105.419,103.841,104.513,100.397,114.784,104.032
Index,2012-10-31,98.664,95.139,118.013,140.337,124.583,105.415,103.083,102.874,99.991,112.785,102.828
Index,2012-11-30,98.654,95.414,116.858,135.063,121.648,104.155,102.015,102.702,99.243,111.059,102.383
Index,2012-12-31,98.926,95.277,116.668,134.589,116.292,104.023,102.42,102.288,99.104,110.737,102.117
Index,2013-01-31,99.116,95.702,116.891,138.312,119.309,104.811,103.239,103.397,99.383,112.396,103.029
Index,2013-02-28,100.037,96.099,117.202,143.495,122.763,105.531,103.668,103.657,99.778,114.047,103.405
Index,2013-03-31,99.981,96.319,116.519,138.506,121.394,106.347,103.78,103.59,99.719,112.747,103.438
Index,2013-04-30,100.452,96.401,114.304,133.017,120.538,104.329,101.983,102.773,97.844,110.474,102.325
Index,2013-05-31,100.551,96.593,114.376,132.275,121.485,104.138,102.085,103.054,97.369,110.366,102.448
Index,2013-06-30,100.986,96.91,113.407,135.073,122.802,104.921,101.455,103.896,97.76,111.555,103.055
Index,2013-07-31,101.947,96.953,112.051,137.578,119.022,105.188,101.578,103.456,96.792,111.967,102.71
Index,2013-08-31,102.431,97.217,113.587,140.243,117.545,105.469,102.857,103.367,97.871,112.857,102.958
Index,2013-09-30,102.981,97.122,113.174,140.179,117.66,105.668,102.457,102.73,97.715,112.529,102.537
Index,2013-10-31,102.962,96.77,113.816,137.873,118.044,105.344,101.589,101.679,96.646,111.262,101.644
Index,2013-11-30,102.679,95.392,113.554,138.084,124.511,105.41,101.507,101.997,96.38,111.437,101.806
Index,2013-12-31,102.888,95.489,114.127,141.014,125.499,106.543,102.23,102.727,96.436,112.705,102.473
Index,2014-01-31,104.391,95.675,114.066,139.603,123.37,106.056,102.955,103.176,97.796,112.697,102.971
Index,2014-02-28,104.236,96.231,116.095,140.153,126.341,105.832,103.0,102.984,98.582,112.833,102.959
Index,2014-03-31,103.722,96.417,113.041,138.214,133.472,105.914,103.044,102.71,98.904,112.215,102.817
Index,2014-04-30,104.057,96.775,112.229,136.816,128.799,104.83,103.156,101.846,97.839,111.274,102.043
Index,2014-05-31,105.236,96.675,111.576,136.541,126.097,104.842,103.444,101.812,97.596,111.202,102.042
Index,2014-06-30,105.298,96.649,110.973,137.75,121.532,104.774,103.117,101.484,97.341,111.304,101.747
Index,2014-07-31,105.67,97.571,111.13,135.786,120.365,104.267,102.935,101.189,97.243,110.605,101.504
Index,2014-08-31,105.338,97.58,110.93,131.611,112.683,104.32,102.851,101.287,97.262,109.509,101.521
Index,2014-09-30,105.353,97.794,110.447,128.253,109.784,104.225,102.684,101.367,97.119,108.615,101.516
Index,2014-10-31,104.3,98.432,110.069,116.674,111.745,103.449,102.092,101.017,97.518,105.297,101.184
Index,2014-11-30,105.666,98.98,110.014,106.178,111.372,102.465,102.558,101.764,97.874,102.88,101.688
Index,2014-12-31,104.181,99.474,110.067,86.534,107.254,100.76,102.994,102.382,99.097,97.911,102.022
Index,2015-01-31,104.246,99.332,107.681,68.081,109.422,97.009,102.362,103.102,100.307,93.106,102.151
Index,2015-02-28,104.105,99.904,106.794,82.607,109.476,97.046,103.129,103.849,101.241,97.436,102.796
Index,2015-03-31,103.345,101.326,107.84,81.144,107.968,98.191,102.899,104.469,101.342,97.412,103.291
Index,2015-04-30,101.684,100.333,107.171,83.308,104.956,98.175,100.691,103.79,100.44,97.377,102.464
Index,2015-05-31,101.277,99.13,108.181,90.763,104.253,98.736,99.854,102.996,99.655,98.894,101.833
Index,2015-06-30,101.207,99.211,107.633,89.558,105.113,99.684,99.173,102.445,99.869,98.359,101.54
Index,2015-07-31,101.378,99.002,105.531,79.417,102.79,98.924,97.98,102.797,99.861,95.666,101.54
Index,2015-08-31,102.296,99.573,104.442,69.075,94.959,99.712,98.624,104.449,101.342,93.905,102.88
Index,2015-09-30,102.644,99.567,103.811,67.405,94.027,98.872,98.527,105.37,102.066,93.877,103.445
Index,2015-10-31,101.457,99.567,103.106,67.592,97.627,97.639,97.687,104.809,102.335,93.516,102.887
Index,2015-11-30,100.813,99.794,101.52,64.36,96.215,96.766,95.489,104.841,101.896,92.387,102.517
Index,2015-12-31,99.934,101.122,99.445,54.766,96.807,95.433,94.322,104.351,101.382,89.368,101.874
Index,2016-01-31,100.157,101.042,98.479,46.369,99.221,95.772,92.73,105.512,102.157,87.656,102.58
Index,2016-02-29,99.566,100.745,98.084,45.836,104.108,94.027,91.738,104.23,102.25,86.726,101.506
Index,2016-03-31,99.024,99.878,97.669,51.734,106.871,92.734,92.091,102.761,101.343,87.45,100.359
Index,2016-04-30,98.303,99.054,97.631,54.718,112.117,93.0,91.089,101.504,99.874,87.48,99.322
Index,2016-05-31,97.787,99.006,97.473,61.705,111.828,93.827,90.938,102.363,101.549,89.907,100.1
Index,2016-06-30,98.041,98.776,96.569,65.398,108.664,92.851,90.621,101.476,101.17,90.339,99.354
Index,2016-07-31,98.472,98.655,97.104,62.36,105.314,92.025,91.368,100.591,101.556,89.151,98.835
Index,2016-08-31,98.476,98.59,96.326,62.229,110.38,91.597,91.385,100.498,101.578,89.053,98.748
Index,2016-09-30,99.347,98.814,95.908,64.3,114.492,92.774,91.728,101.011,101.795,90.001,99.292
Index,2016-10-31,100.598,99.44,97.04,71.856,112.747,94.318,92.644,101.52,102.197,92.497,99.957
Index,2016-11-30,101.518,100.089,99.685,70.219,117.452,95.385,94.969,103.3,102.865,93.243,101.565
Index,2016-12-31,102.747,100.739,102.104,81.834,124.087,97.86,96.308,104.546,102.798,97.249,102.821
Index,2017-01-31,102.028,100.917,102.489,84.282,126.18,99.112,96.581,103.612,103.127,97.604,102.419
Index,2017-02-28,101.62,100.609,103.226,83.807,124.511,98.187,96.587,102.886,102.615,97.019,101.795
Index,2017-03-31,100.939,100.129,101.662,77.764,119.114,97.323,96.237,102.297,102.14,94.965,101.182
Index,2017-04-30,100.692,100.071,101.422,79.757,114.859,97.019,95.567,103.15,102.493,95.825,101.633
Index,2017-05-31,100.823,100.348,100.241,76.685,116.993,96.444,95.469,103.178,101.849,94.921,101.514
Index,2017-06-30,100.923,100.206,98.857,71.304,113.658,95.588,95.261,102.775,101.806,93.205,101.122
Index,2017-07-31,100.947,99.911,98.679,72.683,110.604,94.463,95.011,101.615,100.963,92.853,100.142
Index,2017-08-31,101.017,100.639,99.277,75.104,109.745,95.037,96.297,101.282,101.01,93.49,100.136
Index,2017-09-30,101.566,100.507,100.151,78.805,112.702,95.71,96.811,100.951,101.185,94.449,100.103
Index,2017-10-31,101.029,99.891,100.255,81.557,112.3,97.177,98.002,101.566,101.224,95.638,100.728
Index,2017-11-30,101.198,99.775,100.06,87.276,110.288,96.884,97.789,101.499,100.964,97.063,100.6
Index,2017-12-31,101.309,99.644,99.63,87.518,105.732,97.649,97.627,101.014,100.045,96.857,100.233
Index,2018-01-31,100.024,98.214,98.318,88.902,107.9,98.181,98.882,98.009,99.011,95.877,98.315
Index,2018-02-28,99.922,98.181,98.528,86.633,107.803,98.559,98.98,97.547,99.284,95.133,98.104
Index,2018-03-31,98.728,98.162,98.805,86.326,106.372,98.746,99.043,97.595,99.412,95.075,98.134
Index,2018-04-30,98.012,99.413,97.978,91.503,104.343,98.771,99.126,97.804,99.131,96.481,98.221
Index,2018-05-31,99.101,100.213,99.774,101.566,103.639,99.702,100.327,99.114,100.038,99.972,99.414
Index,2018-06-30,99.175,100.385,100.502,103.402,101.064,99.956,100.798,99.541,100.172,100.708,99.766
Index,2018-07-31,100.09,100.738,101.404,106.278,99.951,100.751,100.869,100.905,100.44,102.221,100.803
Index,2018-08-31,100.819,100.873,101.558,108.742,97.816,101.006,100.806,101.113,100.424,102.99,100.979
Index,2018-09-30,101.113,100.962,101.234,112.39,96.144,101.373,100.41,101.755,100.623,104.267,101.427
Index,2018-10-31,101.196,100.972,100.783,116.708,94.268,101.721,100.641,102.126,100.78,105.608,101.728
Index,2018-11-30,100.839,100.993,100.712,105.663,90.427,101.026,100.028,102.143,100.342,102.606,101.537
Index,2018-12-31,100.981,100.896,100.403,91.886,90.273,100.207,100.092,102.346,100.343,99.062,101.571
Index,2019-01-31,101.234,100.749,99.655,88.327,91.318,99.127,99.364,101.589,100.925,97.704,100.982
Index,2019-02-28,100.2,100.637,100.076,93.759,90.744,98.729,100.357,100.894,100.741,98.759,100.507
Index,2019-03-31,100.192,100.667,100.23,97.862,89.633,99.158,100.593,101.155,100.583,99.979,100.719
Index,2019-04-30,100.248,100.637,101.593,99.901,90.277,99.627,100.044,101.665,100.662,100.781,101.089
Index,2019-05-31,100.955,100.954,102.923,99.252,89.094,99.45,100.383,102.299,101.541,101.016,101.633
Index,2019-06-30,101.778,100.896,102.042,92.844,87.559,99.095,99.556,102.045,101.96,99.208,101.433
Index,2019-07-31,102.32,99.953,101.453,96.909,86.218,98.381,99.188,100.858,102.191,99.637,100.59
Index,2019-08-31,102.569,100.706,102.418,90.625,88.551,98.893,99.994,102.325,104.089,98.975,101.894
Index,2019-09-30,102.648,100.332,101.189,92.714,89.098,98.831,100.524,101.509,103.858,99.123,101.364
Index,2019-10-31,102.465,100.018,100.792,91.354,89.458,98.189,99.996,101.097,103.365,98.442,100.919
Index,2019-11-30,101.625,99.651,100.708,89.522,93.668,97.331,99.589,100.212,102.418,97.36,100.1
Index,2019-12-31,102.189,99.531,101.082,87.792,98.928,96.392,99.48,99.744,102.174,96.613,99.696
Index,2020-01-31,102.967,101.294,101.651,89.479,102.908,96.233,98.082,99.7,102.325,97.011,99.645
Index,2020-02-29,103.097,102.324,102.696,85.132,101.619,98.14,99.887,101.446,104.262,97.151,101.352
Index,2020-03-31,103.221,103.959,103.564,60.25,98.971,98.931,100.464,103.573,106.795,92.042,103.155
Index,2020-04-30,104.513,104.094,102.042,43.144,96.742,97.59,100.431,104.374,108.027,87.985,103.661
Index,2020-05-31,104.366,97.04,101.841,46.547,94.19,96.562,100.228,102.412,107.816,87.737,102.136
Index,2020-06-30,102.892,96.979,101.388,58.824,96.571,96.565,99.577,102.105,106.712,90.611,101.723
Index,2020-07-31,103.304,93.934,101.912,65.951,98.08,98.051,99.713,101.554,106.732,92.324,101.543
Index,2020-08-31,102.765,93.786,100.463,67.889,101.896,97.756,99.19,100.331,106.453,92.159,100.643
Index,2020-09-30,102.265,94.663,101.207,64.322,104.053,97.267,99.23,100.167,106.315,91.114,100.48
Index,2020-10-31,101.434,95.065,101.795,64.139,108.409,97.285,99.434,100.074,105.807,90.992,100.38
Index,2020-11-30,101.82,94.96,101.517,67.527,113.349,97.398,100.249,99.773,105.356,91.761,100.232
Index,2020-12-31,102.246,96.21,101.496,73.993,119.988,97.587,100.754,99.651,104.828,93.418,100.208
Index,2021-01-31,103.517,107.213,100.618,79.968,124.709,98.294,101.575,99.547,105.405,95.23,100.565
Index,2021-02-28,104.474,106.988,99.319,89.365,129.809,99.365,103.317,99.279,105.898,97.788,100.732
Index,2021-03-31,103.457,107.059,102.04,96.527,138.242,100.967,104.935,99.183,105.167,99.78,100.918
Index,2021-04-30,103.411,106.926,102.709,94.286,143.288,101.959,105.861,98.905,105.544,99.253,100.99
Index,2021-05-31,103.891,107.352,102.974,96.754,151.25,102.753,107.407,98.183,105.706,99.757,100.807
Index,2021-06-30,104.986,107.189,105.353,103.691,148.379,102.837,109.597,98.385,106.088,101.837,101.188
Index,2021-07-31,105.623,107.553,105.616,108.433,152.125,104.78,112.106,99.577,106.932,104.028,102.488
Index,2021-08-31,106.056,107.4,106.995,106.054,154.344,105.545,112.557,100.576,107.214,104.021,103.31
Index,2021-09-30,105.788,107.009,106.373,113.448,155.568,105.51,113.627,100.527,106.879,105.923,103.293
Index,2021-10-31,106.731,104.319,106.392,125.723,162.823,106.614,114.87,100.321,106.944,109.186,103.404
Index,2021-11-30,107.536,103.83,107.991,120.973,167.074,107.501,115.917,101.718,107.054,108.791,104.532
Index,2021-12-31,109.636,103.716,110.531,112.185,167.078,107.419,116.725,102.487,107.934,107.056,105.263
Index,2022-01-31,110.387,110.345,108.451,123.612,164.175,108.069,116.324,102.465,107.826,110.101,105.377
Index,2022-02-28,110.518,110.319,108.89,136.712,172.652,108.445,116.954,102.906,108.317,113.838,105.842
Index,2022-03-31,111.665,109.683,109.94,165.2,185.668,110.003,118.977,102.974,109.764,121.679,106.465
Index,2022-04-30,112.936,109.481,110.179,171.98,193.182,110.353,120.551,104.544,110.194,124.37,107.727
Index,2022-05-31,114.372,109.523,111.919,177.501,199.31,112.648,120.911,105.519,110.446,126.569,108.764
Index,2022-06-30,114.534,109.58,111.114,171.706,193.986,112.581,120.247,105.431,110.014,124.933,108.582
Index,2022-07-31,116.084,108.852,111.299,149.691,178.956,111.834,119.289,106.278,109.336,119.446,108.873
Index,2022-08-31,116.737,108.113,109.322,144.224,171.214,110.838,117.534,105.904,108.877,117.608,108.304
Index,2022-09-30,117.41,108.788,112.318,132.5,164.585,110.623,117.641,107.543,109.476,115.409,109.434
Index,2022-10-31,117.916,109.183,112.742,128.896,162.098,110.46,117.993,108.478,109.167,114.904,110.013
Index,2022-11-30,116.567,108.763,114.273,125.216,158.251,109.326,116.388,106.671,107.685,112.759,108.404
Index,2022-12-31,115.964,108.607,112.054,112.452,153.719,107.48,115.025,105.321,107.002,108.481,107.093
Index,2023-01-31,115.471,116.488,110.995,113.256,149.269,105.787,114.041,104.459,107.419,108.176,106.4
Index,2023-02-28,114.751,116.491,112.717,115.047,147.007,106.33,113.812,104.85,107.985,108.899,106.749
Index,2023-03-31,114.709,117.101,113.025,115.566,147.657,106.844,113.725,105.205,109.496,109.38,107.218
Index,2023-04-30,114.428,117.822,112.317,121.818,147.522,106.647,113.585,104.426,110.634,110.702,106.817
