Units,Timepoint,1.13: Textiles,1.14: Wearing Apparel,1.15: Leather Products,1.16: Wood And Of Products Of Wood And Cork,1.17: Paper & Paper Products,1.18: Printing And Reproduction Of Recorded Media,1.19: Refined Petroleum Products,"1.1: Food, Beverage & Tobacco",1.20: Chemicals & Chemical Products,1.21: Pharmaceuticals And Biological Products,1.22: Rubber & Plastic Products,1.23: Non-Metallic Mineral Products,1.24: Basic Metals,1.25: Fabricated Metal Products,"1.26: Computer, Electronic & Optical Products",1.27: Electrical Equipment,1.28: Machinery & Equipment,"1.29: Motor Vehicles, Trailers And Semi-Trailers",1.30: Other Transport Equipment,1.31: Furniture,1.32: Other Manufacturing Industries,1: Total
Index,1983-01-31,4329.285,2528.086,475.518,827.088,99.859,98.335,66.976,48.328,,,135.571,799.056,68.884,54.594,,16.051,20.548,,17.28,,,11.878
Index,1983-02-28,2727.44,1810.34,303.44,424.82,43.902,66.985,53.131,39.163,,,118.084,369.328,40.451,49.674,,15.133,14.471,,16.91,,,9.412
Index,1983-03-31,4330.46,2387.64,252.483,712.819,70.524,105.301,53.806,52.624,,,157.057,450.911,71.246,66.353,,20.535,19.825,,18.111,,,12.009
Index,1983-04-30,3426.78,2171.64,303.952,755.88,64.596,96.994,55.27,39.664,,,132.574,507.956,66.204,66.112,,20.535,14.977,,15.061,,,10.645
Index,1983-05-31,3147.43,2098.99,267.592,620.921,71.026,98.065,78.459,38.448,,,143.399,549.272,86.911,63.473,,19.822,14.399,,14.507,,,10.775
Index,1983-06-30,3221.28,2865.16,283.724,780.111,70.524,102.622,50.429,43.029,,,143.399,469.575,62.339,67.192,,16.866,17.872,,13.953,,,10.451
Index,1983-07-31,3676.04,2594.92,295.248,427.057,70.725,95.12,63.825,36.872,,,143.399,403.513,55.58,63.713,,17.019,13.747,,14.229,,,11.23
Index,1983-08-31,3250.19,3014.33,398.441,803.04,74.04,124.325,75.87,42.027,,,150.394,421.339,60.623,64.432,,17.121,14.253,,14.784,,,12.333
Index,1983-09-30,3538.13,2685.97,356.191,432.278,63.894,105.568,58.422,36.228,,,141.734,356.325,53.434,72.472,,16.969,21.272,,14.507,,,12.203
Index,1983-10-31,3713.16,2578.46,409.197,588.859,57.866,105.568,64.163,36.801,,,156.556,370.584,68.778,63.113,,22.93,21.199,,15.246,,,12.852
Index,1983-11-30,2707.51,3458.93,437.107,561.271,53.848,133.971,70.579,38.949,,,130.908,518.024,110.945,68.633,,20.433,13.747,,15.708,,,11.424
Index,1983-12-31,3455.3,4457.57,404.074,489.691,66.808,124.054,59.772,40.882,,,146.065,456.574,56.868,73.432,,20.943,17.292,,18.48,,,12.917
Index,1984-01-31,3731.91,2897.13,582.811,599.67,56.058,105.568,84.537,47.97,,,140.068,734.25,56.225,69.112,,20.128,17.002,,18.204,,,13.112
Index,1984-02-29,2817.69,1868.46,360.287,397.233,39.983,81.187,77.559,32.505,,,146.73,264.253,47.319,60.594,,19.363,14.471,,17.464,,,10.905
Index,1984-03-31,4022.98,3158.66,381.286,634.529,57.062,113.338,63.375,45.106,,,163.551,449.023,67.919,76.673,,23.746,20.621,,17.557,,,13.242
Index,1984-04-30,3046.63,2477.72,365.922,595.569,58.468,111.731,60.673,34.367,,,133.073,459.72,65.236,78.351,,21.759,13.747,,17.557,,,11.749
Index,1984-05-31,2873.56,2323.71,383.846,424.076,65.2,114.143,77.67,42.17,,,147.397,528.509,85.731,74.391,,21.045,14.542,,22.084,,,12.203
Index,1984-06-30,2709.07,3701.08,344.412,581.217,64.596,118.162,74.068,39.951,,,141.401,433.923,71.03,79.19,,20.026,17.799,,14.507,,,12.073
Index,1984-07-31,3003.27,3119.91,396.393,398.35,69.922,113.07,55.27,39.593,,,148.063,375.829,60.302,82.671,,20.994,15.049,,16.17,,,12.333
Index,1984-08-31,2687.98,3080.2,534.415,709.091,71.026,139.596,63.375,43.172,,,159.554,396.172,70.065,80.751,,21.605,18.522,,16.447,,,13.761
Index,1984-09-30,2773.93,2769.27,410.734,330.314,58.97,114.946,59.548,34.868,,,132.074,383.169,57.619,77.992,,21.453,15.266,,16.632,,,12.658
Index,1984-10-31,2855.19,3148.97,499.333,508.145,56.459,120.839,68.328,39.808,,,156.889,378.555,70.815,66.592,,26.192,16.568,,13.675,,,13.242
Index,1984-11-30,2082.01,3812.47,591.006,530.327,64.296,146.027,55.833,40.38,,,149.229,498.938,116.524,78.232,,23.134,13.747,,15.801,,,11.878
Index,1984-12-31,2456.69,4212.51,354.398,364.799,66.707,134.773,66.639,34.581,,,146.73,365.761,56.439,77.272,,24.051,16.93,,16.078,,,13.372
Index,1985-01-31,2869.65,2955.25,511.88,486.894,61.281,117.893,75.645,49.76,,,140.901,524.524,66.847,65.153,,21.809,16.135,,15.615,,,12.917
Index,1985-02-28,1724.52,2241.38,292.43,235.618,37.17,89.223,65.401,37.445,,,119.915,217.906,38.198,55.673,,17.682,13.747,,14.507,,,10.385
Index,1985-03-31,2474.27,2372.14,241.473,423.143,54.349,121.11,59.66,47.325,,,154.558,292.568,62.339,72.111,,25.58,19.679,,15.801,,,12.852
Index,1985-04-30,2044.11,2398.29,249.922,481.862,61.984,115.751,72.155,35.154,,,141.067,287.115,59.764,75.472,,22.777,12.879,,17.648,,,12.139
Index,1985-05-31,2129.28,2709.22,254.02,379.524,64.496,120.038,62.924,38.734,,,132.408,305.361,85.731,72.472,,22.88,11.866,,15.615,,,11.165
Index,1985-06-30,1798.76,3075.35,225.083,490.436,50.833,117.09,55.382,34.438,,,106.092,207.629,66.524,70.312,,16.815,12.445,,13.214,,,10.126
Index,1985-07-31,2204.3,2948.47,258.373,362.561,65.099,135.042,47.953,40.38,,,125.079,211.194,66.953,80.272,,17.835,13.747,,11.089,,,11.813
Index,1985-08-31,1854.63,2839.98,296.526,574.32,56.459,107.982,56.958,41.455,,,119.749,209.098,65.665,72.111,,15.746,12.227,,12.289,,,11.489
Index,1985-09-30,2169.14,2785.74,285.516,326.958,56.56,116.018,61.235,38.162,,,127.244,201.546,65.881,73.193,,16.408,14.253,,13.121,,,12.139
Index,1985-10-31,2098.81,2603.64,328.279,423.329,48.925,123.787,68.328,38.162,,,115.253,210.775,64.485,63.353,,17.835,13.313,,13.214,,,12.462
Index,1985-11-30,1501.05,3572.25,362.079,415.314,46.212,142.545,48.853,40.81,,,94.767,214.34,100.001,68.512,,16.612,10.274,,12.936,,,10.321
Index,1985-12-31,2031.61,4195.07,273.992,292.287,55.455,125.932,53.019,40.38,,,98.098,223.987,49.894,77.031,,17.784,13.964,,13.029,,,11.684
Index,1986-01-31,3016.16,2626.89,486.017,320.433,58.268,108.249,51.218,49.903,,,103.927,277.888,51.074,68.152,,17.885,12.083,,12.752,,,11.359
Index,1986-02-28,1622.55,1932.39,219.45,192.745,43.198,86.813,52.682,40.81,,,91.935,156.035,30.043,63.473,,16.408,9.116,,15.061,,,9.672
Index,1986-03-31,2419.57,2796.39,229.692,295.455,56.158,134.506,68.665,47.11,,,121.581,195.254,54.4,78.711,,21.809,15.846,,15.339,,,12.917
Index,1986-04-30,1999.18,2552.3,260.167,410.095,65.4,119.767,68.215,38.806,,,120.748,216.226,59.979,84.83,,22.981,10.058,,15.339,,,12.203
Index,1986-05-31,1858.92,2590.08,319.317,312.417,61.683,120.839,78.234,42.314,,,107.257,249.993,75.537,81.592,,20.994,9.551,,15.339,,,11.878
Index,1986-06-30,1850.72,3792.13,247.874,333.482,54.349,117.893,68.103,42.242,,,104.76,211.403,77.683,80.991,,17.376,12.661,,16.263,,,11.619
Index,1986-07-31,2054.66,3487.02,271.177,222.57,70.926,140.935,60.11,44.819,,,118.084,216.437,57.189,88.071,,20.383,10.636,,14.322,,,12.852
Index,1986-08-31,1678.42,4195.07,304.21,391.081,69.017,120.839,68.215,41.096,,,104.593,199.658,54.4,76.551,,19.618,10.708,,14.229,,,12.917
Index,1986-09-30,2151.94,3776.63,285.004,262.274,64.596,123.787,75.645,38.304,,,111.422,208.887,67.49,84.47,,23.134,14.615,,17.372,,,14.605
Index,1986-10-31,2396.52,3362.06,391.783,373.373,58.268,136.648,61.01,43.172,,,120.582,199.03,69.743,70.553,,26.038,13.82,,13.86,,,14.02
Index,1986-11-30,1753.44,4286.12,378.725,328.077,54.852,149.242,70.917,41.526,,,102.429,238.037,136.911,70.792,,20.994,10.274,,16.263,,,12.528
Index,1986-12-31,2241.02,4837.27,312.148,291.54,74.24,142.008,67.427,42.529,,,121.747,252.93,59.228,83.871,,24.102,13.892,,18.758,,,14.799
Index,1987-01-31,2310.18,3883.18,467.579,310.367,66.003,108.783,66.414,48.399,,,96.932,205.322,57.189,68.873,,20.688,11.793,,13.214,,,12.528
Index,1987-02-28,2182.42,2668.53,315.988,529.768,59.976,98.87,52.006,43.889,,,127.577,174.074,55.902,79.432,,24.764,11.214,,17.926,,,12.462
Index,1987-03-31,2816.52,3532.54,315.732,374.491,73.639,133.701,51.668,51.048,,,137.902,202.804,61.482,85.071,,30.013,15.7,,18.48,,,14.735
Index,1987-04-30,2187.11,3197.4,330.583,346.157,82.68,128.074,47.953,42.099,,,131.741,208.677,60.516,85.431,,29.758,12.589,,16.17,,,13.631
Index,1987-05-31,2091.39,3240.02,208.182,267.68,84.488,131.024,51.218,40.309,,,133.74,186.446,96.032,78.711,,26.192,11.648,,15.524,,,12.917
Index,1987-06-30,2330.1,4463.38,262.215,414.569,80.671,132.361,62.361,46.753,,,139.236,196.514,59.657,95.15,,23.287,13.892,,18.111,,,14.669
Index,1987-07-31,2703.61,3738.86,333.4,274.205,92.928,150.047,66.752,50.833,,,146.397,198.609,59.657,95.389,,27.924,12.951,,16.078,,,15.124
Index,1987-08-31,2113.27,4375.24,382.31,447.749,90.818,135.309,72.83,43.531,,,134.072,177.637,58.371,88.79,,24.306,12.011,,16.725,,,15.124
Index,1987-09-30,2524.28,3704.95,375.908,210.267,86.8,140.401,59.885,41.741,,,138.902,199.869,65.559,99.589,,30.472,14.76,,16.632,,,16.617
Index,1987-10-31,2550.06,3499.61,437.877,302.165,72.835,149.777,73.73,42.385,,,149.562,186.864,71.461,84.591,,33.427,17.148,,15.524,,,16.617
Index,1987-11-30,2114.44,4722.97,479.872,258.546,77.053,176.571,70.354,45.536,,,130.742,244.959,121.032,99.589,,29.861,13.602,,17.28,,,15.903
Index,1987-12-31,2611.01,6176.86,360.545,216.045,103.676,159.156,59.885,41.884,,,143.066,253.14,59.764,103.308,,31.949,19.028,,18.296,,,17.331
Index,1988-01-31,3396.31,4201.85,467.835,326.958,93.831,132.361,63.713,55.272,,,139.735,239.507,70.065,91.07,,28.79,15.339,,17.926,,,16.227
Index,1988-02-29,1865.96,3231.3,355.678,199.269,54.952,106.372,55.157,45.965,,,125.912,135.274,47.425,83.151,,27.618,15.484,,17.001,,,13.891
Index,1988-03-31,2937.63,3090.85,263.75,355.105,88.306,147.634,52.907,61.144,,,178.708,194.205,77.683,104.508,,36.382,17.509,,18.204,,,18.175
Index,1988-04-30,2548.11,3369.81,271.177,426.126,91.219,133.971,59.435,48.113,,,150.061,197.562,65.451,110.749,,35.159,13.674,,18.572,,,16.487
Index,1988-05-31,2306.66,3648.77,257.092,246.244,86.296,138.526,62.249,47.039,,,136.904,184.139,82.082,98.989,,33.478,12.3,,17.094,,,15.514
Index,1988-06-30,2481.69,4656.14,313.683,561.829,99.759,151.921,70.241,53.268,,,157.057,224.616,75.429,115.907,,30.573,15.122,,20.79,,,18.24
Index,1988-07-31,2920.05,4175.7,323.158,216.045,95.338,163.71,68.777,50.762,,,150.061,185.817,57.833,107.628,,29.911,16.786,,18.388,,,17.395
Index,1988-08-31,2366.83,4672.6,492.164,402.079,109.201,148.17,66.188,51.55,,,162.886,188.334,66.096,105.589,,30.318,16.859,,23.101,,,18.953
Index,1988-09-30,2574.68,4019.75,424.56,229.466,84.99,157.816,64.388,43.101,,,152.059,197.562,67.919,116.868,,33.223,18.16,,21.806,,,19.279
Index,1988-10-31,2720.8,3905.46,420.207,407.113,81.474,165.587,66.864,49.402,,,156.224,207.418,72.749,100.188,,39.134,20.475,,20.513,,,18.824
Index,1988-11-30,2078.49,4883.76,463.226,418.856,81.474,189.97,63.262,50.762,,,141.734,256.076,120.173,109.788,,36.841,17.509,,20.329,,,17.331
Index,1988-12-31,2493.41,6282.44,333.912,203.743,103.174,181.931,76.657,49.473,,,158.555,253.349,60.408,108.348,,36.332,21.415,,27.351,,,19.928
Index,1989-01-31,3348.64,4012.97,393.834,285.016,102.37,152.19,77.108,64.795,,,151.56,232.796,61.696,101.988,,35.567,20.692,,20.883,,,18.305
Index,1989-02-28,1834.31,2229.75,251.459,168.884,62.789,120.839,61.799,48.901,,,126.078,161.699,43.992,86.511,,29.554,14.687,,21.252,,,14.929
Index,1989-03-31,3196.27,3427.93,285.26,276.628,86.597,167.997,76.432,66.084,,,171.713,213.082,73.821,113.508,,44.128,22.791,,24.856,,,20.576
Index,1989-04-30,2685.63,3292.32,274.248,300.301,93.931,158.889,72.043,49.975,,,151.06,217.695,67.276,112.188,,40.815,17.799,,24.578,,,17.98
Index,1989-05-31,2680.16,4068.19,282.7,277.559,98.251,157.549,75.983,47.683,,,150.727,220.841,79.508,108.708,,37.707,18.666,,24.764,,,17.85
Index,1989-06-30,2657.89,4734.59,272.457,334.786,98.753,174.429,64.501,53.196,,,155.724,229.229,74.894,116.507,,35.159,22.14,,27.351,,,19.409
Index,1989-07-31,2867.7,4681.32,302.417,303.098,92.928,164.782,64.275,50.547,,,145.732,205.741,59.228,110.868,,33.325,20.114,,23.009,,,18.564
Index,1989-08-31,2577.41,5089.11,356.702,359.206,110.608,180.057,67.652,49.187,,,159.22,232.166,65.13,113.027,,34.854,20.186,,25.503,,,20.836
Index,1989-09-30,2466.45,4630.95,340.315,331.058,88.004,174.429,61.911,45.106,,,148.396,237.828,65.665,120.827,,38.828,21.851,,24.302,,,21.485
Index,1989-10-31,2658.28,4210.57,321.11,299.742,77.053,183.806,82.961,49.545,,,155.058,234.055,76.611,102.47,,42.294,20.981,,21.898,,,20.836
Index,1989-11-30,2228.13,4874.07,384.87,298.251,83.483,208.725,84.537,55.773,,,151.726,272.854,138.842,108.467,,40.815,17.872,,25.041,,,19.732
Index,1989-12-31,2747.75,5873.68,310.355,307.199,96.343,171.212,87.238,50.476,,,145.232,283.55,66.953,106.549,,39.592,18.812,,30.123,,,20.966
Index,1990-01-31,2615.31,3820.22,374.372,264.324,83.885,159.423,88.476,60.642,,,116.086,209.936,60.087,90.95,,32.204,20.259,,23.009,,,18.759
Index,1990-02-28,2791.9,2457.38,336.73,195.913,81.374,143.08,74.856,53.912,,,127.244,214.759,59.979,96.469,,31.236,16.279,,23.655,,,18.305
Index,1990-03-31,3221.67,3259.39,329.303,300.115,98.151,183.539,81.047,67.015,,,153.058,249.573,81.225,109.188,,40.764,21.778,,27.167,,,23.238
Index,1990-04-30,2484.43,3388.22,282.443,272.527,89.511,164.248,85.549,49.975,,,128.576,247.268,73.069,100.669,,37.453,17.292,,24.209,,,18.759
Index,1990-05-31,2567.64,3925.8,315.988,260.037,100.059,186.218,84.987,51.55,,,146.73,280.404,93.885,108.948,,36.943,17.943,,29.199,,,20.317
Index,1990-06-30,2362.92,4814.99,265.286,311.113,95.64,191.31,81.61,56.346,,,151.726,239.927,76.181,113.987,,33.07,23.369,,30.307,,,21.096
Index,1990-07-31,2575.07,4418.82,303.696,277.373,92.525,180.591,79.584,53.984,,,143.565,228.81,73.606,119.747,,32.357,21.994,,26.889,,,20.836
Index,1990-08-31,2296.5,4604.8,315.476,325.28,111.413,210.333,77.67,53.769,,,159.054,247.058,76.717,113.148,,31.389,24.454,,28.553,,,22.848
Index,1990-09-30,2266.81,3811.5,368.225,275.695,89.712,191.577,79.809,48.615,,,152.892,254.607,73.713,113.148,,32.663,22.501,,28.367,,,23.497
Index,1990-10-31,2594.6,3498.64,311.635,262.274,94.233,196.667,86.225,54.127,,,170.88,267.82,72.749,103.308,,37.3,25.106,,25.781,,,22.783
Index,1990-11-30,2094.51,4289.03,316.757,279.983,97.65,219.709,84.874,56.131,,,167.216,282.92,138.306,109.308,,36.484,19.679,,27.259,,,21.615
Index,1990-12-31,2305.1,5333.2,259.397,276.815,109.704,192.38,89.04,51.264,,,159.887,273.065,71.567,103.668,,37.045,24.744,,31.601,,,22.589
Index,1991-01-31,2970.84,3759.2,506.503,263.951,115.029,191.846,96.807,69.377,,,166.549,299.699,80.258,109.308,,35.618,23.153,,26.335,,,22.524
Index,1991-02-28,2029.66,2678.22,338.521,154.345,63.894,144.688,84.763,53.625,,,125.912,212.663,58.691,88.79,,29.147,17.654,,26.15,,,18.434
Index,1991-03-31,2802.8,2946.5,352.35,246.99,102.87,202.03,88.027,68.446,,,174.38,252.3,78.22,104.51,,40.256,24.021,,28.367,,,25.704
Index,1991-04-30,2539.12,3089.88,295.248,242.516,114.928,193.72,63.6,56.919,,,158.055,242.442,70.602,111.708,,38.726,20.981,,27.721,,,20.836
Index,1991-05-31,2598.51,3592.6,303.186,219.773,98.251,193.99,84.987,53.339,,,164.884,269.917,87.876,110.148,,40.714,21.345,,27.997,,,21.42
Index,1991-06-30,2443.4,4608.67,281.931,255.937,97.75,201.492,86.113,52.91,,,154.059,263.415,63.305,107.269,,32.866,28.506,,29.939,,,21.615
Index,1991-07-31,3064.21,4516.65,352.349,250.53,103.375,201.759,90.053,60.356,,,168.047,284.597,63.198,122.147,,35.974,27.06,,27.443,,,22.394
Index,1991-08-31,2450.43,4323.9,329.047,281.473,111.211,219.175,87.464,54.342,,,169.548,292.568,65.451,111.228,,34.09,23.66,,29.107,,,23.692
Index,1991-09-30,2804.01,4177.64,308.563,246.244,95.538,208.458,77.896,49.473,,,166.715,305.361,71.353,110.868,,37.81,25.324,,26.335,,,23.497
Index,1991-10-31,3201.74,4149.55,392.296,222.383,96.845,221.05,86.563,57.778,,,184.371,349.403,79.4,106.308,,46.013,24.889,,27.351,,,23.627
Index,1991-11-30,2408.63,4147.61,350.814,212.317,90.616,222.926,87.914,57.349,,,164.717,324.656,131.44,102.829,,41.376,21.778,,30.678,,,21.55
Index,1991-12-31,2780.18,5504.64,297.04,211.199,104.48,207.386,92.529,55.917,,,167.382,358.841,72.855,107.749,,44.739,29.665,,34.281,,,23.173
Index,1992-01-31,3660.02,3540.29,447.351,240.465,93.931,198.007,95.907,76.035,16.016,5.014,158.721,330.947,78.22,104.389,,38.37,24.744,,26.519,,,22.328
Index,1992-02-29,2049.973,2437.035,252.739,139.619,62.387,159.694,87.126,55.487,18.997,3.418,115.253,238.25,48.284,83.991,,30.217,18.305,,24.764,,,18.24
Index,1992-03-31,3035.694,3064.699,313.427,252.395,94.032,217.032,94.218,76.608,22.049,6.799,173.211,309.975,75.323,112.907,,43.72,24.382,,30.585,,,25.769
Index,1992-04-30,2556.704,2710.186,298.575,225.739,84.99,204.974,79.134,58.638,17.472,2.697,146.397,293.196,67.49,109.788,,37.86,22.212,,27.535,,,20.771
Index,1992-05-31,2325.803,3308.791,328.791,215.858,80.369,211.94,82.174,52.123,15.53,2.507,156.889,318.574,88.414,112.308,,39.389,21.778,,30.493,,,21.225
Index,1992-06-30,2301.58,4475.003,264.774,264.884,93.429,230.428,79.358,58.995,19.552,2.202,159.22,295.295,76.288,120.467,,34.956,24.238,,30.862,,,22.264
Index,1992-07-31,2632.106,4236.724,334.682,251.463,99.357,217.299,70.466,63.219,21.702,4.178,167.382,302.636,70.71,127.306,,36.841,25.396,,30.215,,,23.432
Index,1992-08-31,2183.201,4220.256,273.738,251.276,84.087,219.175,73.73,56.131,12.688,7.787,164.384,320.252,68.563,119.627,,32.51,24.238,,26.427,,,23.822
Index,1992-09-30,2453.56,3838.622,314.964,253.7,89.109,221.586,83.074,55.845,14.976,4.672,162.386,338.288,81.331,124.067,,38.931,24.527,,29.476,,,24.212
Index,1992-10-31,2455.514,3244.863,338.777,248.666,87.402,230.697,97.258,58.137,14.491,4.862,170.88,362.197,92.598,113.388,,40.764,25.54,,25.688,,,23.952
Index,1992-11-30,1895.648,3446.333,396.649,260.223,85.694,247.845,95.456,62.862,16.086,2.848,167.216,361.357,148.178,117.347,,41.223,22.647,,27.906,,,23.173
Index,1992-12-31,2115.61,4513.747,408.429,229.653,100.16,226.944,97.819,60.642,19.344,3.761,164.884,395.753,79.508,120.587,,42.446,27.855,,30.585,,,25.639
Index,1993-01-31,1760.469,2687.907,317.525,176.341,69.418,178.18,101.873,61.501,13.936,4.331,118.25,316.058,59.443,92.51,,28.382,19.318,,24.024,,,21.096
Index,1993-02-28,2675.083,1996.316,369.507,158.818,85.794,199.348,94.668,64.724,20.315,4.977,148.729,358.002,79.186,105.948,,37.911,20.838,,23.47,,,23.497
Index,1993-03-31,2920.05,2696.625,396.136,210.08,86.296,235.518,100.184,72.026,21.493,5.431,181.872,354.857,95.816,118.787,,44.332,25.467,,26.519,,,27.392
Index,1993-04-30,2431.289,2368.264,267.592,222.196,90.516,226.944,98.044,59.068,18.997,2.887,160.387,360.52,79.294,122.026,,43.109,18.955,,26.519,,,23.562
Index,1993-05-31,1988.633,2504.839,253.763,237.295,84.388,233.375,91.516,57.564,16.848,3.305,164.551,352.34,106.76,118.546,,38.268,20.981,,27.813,,,23.562
Index,1993-06-30,2006.996,3785.348,234.814,238.228,89.109,251.596,91.178,57.278,21.493,3.267,168.047,355.067,74.786,125.386,,37.453,26.047,,30.031,,,24.925
Index,1993-07-31,2095.292,2927.156,322.902,245.125,94.435,223.195,97.032,62.003,20.454,3.229,176.044,354.437,79.508,129.945,,37.605,22.647,,29.107,,,25.25
Index,1993-08-31,1740.152,3519.947,295.502,255.937,93.931,237.128,96.356,61.0,12.342,9.155,179.207,357.162,65.988,124.426,,34.854,23.007,,31.972,,,27.197
Index,1993-09-30,2038.643,3159.623,332.376,246.802,91.118,246.773,100.746,61.86,20.315,3.153,179.707,387.154,75.644,129.826,,38.523,23.153,,30.123,,,27.068
Index,1993-10-31,2222.27,2501.934,316.244,234.873,88.105,241.415,104.573,66.226,15.323,4.672,186.535,415.676,89.594,115.187,,45.147,22.647,,26.981,,,26.353
Index,1993-11-30,1867.129,2664.66,374.884,201.693,87.903,272.226,103.673,62.576,15.115,3.532,189.2,420.71,149.143,115.547,,43.415,21.922,,29.846,,,25.12
Index,1993-12-31,2411.756,3358.189,393.32,194.795,98.051,263.652,106.713,62.289,19.483,4.178,191.699,454.476,78.435,122.866,,44.688,25.178,,32.064,,,27.846
Index,1994-01-31,2621.558,2220.065,330.839,209.708,91.922,228.821,100.634,77.109,15.877,4.444,163.551,440.215,88.306,114.708,,39.746,24.6,,26.889,,,26.159
Index,1994-02-28,1701.473,1481.014,223.035,128.994,67.109,181.663,96.694,57.564,19.483,5.052,129.908,316.476,48.284,92.87,,33.274,19.391,,26.519,,,22.719
Index,1994-03-31,2575.456,1906.236,323.414,195.727,104.48,267.939,106.037,81.048,23.505,6.685,199.86,397.222,92.92,127.427,,46.981,32.125,,31.509,,,31.935
Index,1994-04-30,2365.655,1970.164,268.871,204.861,97.046,245.969,103.673,64.222,20.523,3.077,178.874,387.782,97.212,125.746,,45.554,22.718,,27.443,,,26.549
Index,1994-05-31,2049.973,2266.56,280.649,201.319,85.393,244.359,100.296,57.421,18.305,3.039,174.876,382.331,108.371,127.786,,42.905,24.021,,30.031,,,26.808
Index,1994-06-30,2127.331,3183.839,235.07,214.554,96.343,262.045,99.62,64.438,21.216,1.785,189.533,361.357,92.705,143.503,,42.039,28.217,,33.172,,,28.3
Index,1994-07-31,1988.244,2546.49,273.225,214.741,98.653,232.57,102.21,64.724,24.336,3.38,185.536,350.031,80.043,142.064,,40.612,28.796,,29.661,,,27.976
Index,1994-08-31,1863.612,2890.348,290.381,239.16,97.448,261.24,99.733,65.439,17.125,9.079,205.356,377.297,81.546,142.665,,39.797,27.133,,30.493,,,30.832
Index,1994-09-30,1832.748,3096.664,290.893,221.079,93.831,262.313,96.244,60.929,25.099,6.039,205.356,381.073,80.043,148.064,,44.23,28.796,,34.466,,,31.935
Index,1994-10-31,2215.626,2356.642,347.997,203.93,96.946,256.686,97.145,66.656,21.632,5.014,214.682,403.513,77.898,137.384,,50.65,29.592,,27.721,,,29.404
Index,1994-11-30,1788.598,2419.602,360.801,223.502,97.65,297.414,101.985,65.726,18.512,3.38,215.848,402.254,125.644,139.185,,48.102,29.809,,31.047,,,28.625
Index,1994-12-31,1965.583,3177.059,384.614,172.053,101.969,279.728,109.976,65.225,23.019,3.913,217.347,431.196,66.847,143.503,,50.294,31.907,,33.265,,,31.026
Index,1995-01-31,2015.982,2146.451,299.855,216.418,99.859,234.984,106.262,75.32,16.917,2.621,178.375,384.638,60.516,123.466,,42.701,27.493,,24.578,,,27.068
Index,1995-02-28,1953.08,1284.384,243.265,111.285,82.379,195.061,97.706,63.578,23.226,4.748,159.054,308.926,53.649,119.507,,39.338,23.731,,22.731,,,25.899
Index,1995-03-31,2279.309,2002.127,304.464,183.611,102.37,273.834,99.733,84.77,25.099,7.293,215.183,378.974,83.262,145.424,,50.753,29.665,,34.373,,,34.597
Index,1995-04-30,1537.773,1666.987,224.315,202.997,99.959,240.877,86.0,60.929,20.939,2.621,189.2,386.315,81.868,147.584,,48.408,23.007,,30.585,,,27.846
Index,1995-05-31,1306.091,1661.176,306.514,198.709,105.987,249.719,100.184,60.07,19.275,2.848,197.027,393.656,113.843,155.983,,47.236,25.467,,31.972,,,28.949
Index,1995-06-30,1220.921,2884.537,261.959,196.1,111.413,279.194,98.157,64.509,22.88,2.241,223.343,395.962,79.937,162.463,,45.097,34.801,,37.33,,,31.545
Index,1995-07-31,1449.477,2279.152,285.004,210.453,107.795,263.385,98.27,66.799,26.554,4.331,207.521,398.269,71.782,166.901,,44.026,31.112,,30.493,,,31.352
Index,1995-08-31,1354.928,2520.338,330.073,235.245,101.265,278.656,98.157,66.084,17.681,10.104,223.177,438.327,79.294,166.662,,40.815,34.657,,33.912,,,35.116
Index,1995-09-30,1200.603,2496.123,246.85,203.183,100.863,286.963,90.391,62.003,26.971,7.141,210.352,485.726,67.276,168.582,,43.72,35.38,,35.113,,,35.7
Index,1995-10-31,1386.964,1800.657,259.14,185.288,101.165,269.547,107.163,64.509,14.421,5.736,222.677,497.68,76.074,153.463,,48.765,34.222,,27.351,,,32.649
Index,1995-11-30,1255.692,1536.224,280.649,205.42,108.198,296.342,102.435,66.943,15.115,2.925,237.333,512.151,130.366,161.863,,49.427,32.341,,28.275,,,33.104
Index,1995-12-31,1503.784,2090.273,245.568,210.08,100.563,274.907,100.634,60.499,22.257,3.571,230.338,570.035,60.516,164.262,,48.816,35.814,,31.232,,,33.818
Index,1996-01-31,1649.121,1820.029,260.677,209.148,112.316,258.293,112.003,84.197,17.958,4.52,206.355,534.172,82.942,148.784,35.752,48.357,33.861,,28.09,405.987,16.834,33.623
Index,1996-02-29,1019.712,1374.464,148.264,108.862,69.118,205.509,102.998,63.578,23.573,5.584,146.397,394.076,45.065,113.627,27.799,35.466,26.698,,25.873,352.502,13.156,27.522
Index,1996-03-31,1381.495,1399.65,243.009,191.066,98.151,283.481,113.692,82.909,26.832,7.749,219.012,496.422,78.112,144.945,42.057,49.733,31.762,,28.09,402.396,17.274,38.166
Index,1996-04-30,1117.777,1264.044,197.428,193.863,100.26,253.204,105.924,60.857,21.493,2.735,198.86,486.773,67.276,150.944,33.89,47.287,31.835,,28.183,381.577,20.113,31.156
Index,1996-05-31,1029.089,1296.007,242.753,201.693,100.563,255.616,109.865,63.506,20.454,3.723,197.361,468.319,93.885,157.063,33.674,44.382,32.631,,29.569,386.245,25.911,31.675
Index,1996-06-30,980.643,1875.239,174.639,182.865,99.859,274.369,102.548,67.873,23.573,2.659,199.693,461.817,74.786,152.743,34.606,41.223,32.268,,31.509,407.602,23.232,31.092
Index,1996-07-31,1122.08,1800.66,265.544,229.28,105.585,254.006,91.628,71.811,25.792,3.494,198.694,447.764,72.961,163.541,33.029,41.937,32.268,,30.862,407.602,24.152,32.065
Index,1996-08-31,1028.307,1877.177,231.997,226.297,93.931,268.744,93.317,62.719,21.286,7.179,190.2,443.989,77.468,154.543,33.101,40.307,31.979,,28.275,413.886,19.473,32.649
Index,1996-09-30,1021.666,1986.63,240.959,214.368,94.937,263.118,102.322,58.494,26.278,6.192,182.206,446.296,72.318,155.983,36.827,44.23,31.762,,28.829,426.628,20.593,33.363
Index,1996-10-31,1112.307,1616.62,268.102,225.552,97.95,273.031,104.235,62.504,23.573,5.356,203.689,473.351,85.837,150.104,35.25,52.689,31.473,,27.259,408.319,21.152,33.493
Index,1996-11-30,965.797,1622.431,256.581,243.261,96.343,283.481,101.985,60.785,20.107,4.368,179.207,510.474,142.061,144.344,34.534,47.745,29.592,,27.443,399.886,20.913,31.741
Index,1996-12-31,1219.356,2249.124,271.687,210.825,94.435,265.26,108.964,62.576,23.643,3.343,182.371,541.722,67.168,154.423,36.469,49.326,40.446,,34.004,455.883,19.954,33.689
Index,1997-01-31,1376.807,1478.107,232.511,179.51,96.142,262.045,109.302,86.989,24.129,4.71,167.881,529.977,89.057,140.505,31.955,45.453,32.992,,26.242,441.525,16.834,31.805
Index,1997-02-28,761.463,931.808,144.679,102.338,67.912,199.615,92.078,54.915,31.478,7.103,116.918,370.166,51.288,108.948,25.793,31.745,24.454,,23.747,305.296,13.235,26.549
Index,1997-03-31,1269.365,1369.621,231.485,133.839,86.9,286.963,96.469,70.308,36.054,7.369,180.372,463.494,90.773,130.545,37.328,49.274,33.138,,28.09,436.86,20.593,35.766
Index,1997-04-30,1165.052,1140.06,172.077,175.781,94.735,268.744,89.603,58.924,24.544,3.077,185.703,459.51,75.86,135.945,36.254,46.472,31.473,,29.476,414.424,21.473,31.871
Index,1997-05-31,1156.846,1237.89,179.248,175.781,87.402,277.318,109.753,54.771,25.862,3.267,184.371,444.408,106.439,137.265,34.892,45.605,31.835,,29.661,412.449,25.152,31.741
Index,1997-06-30,1211.934,1897.518,147.496,187.525,89.411,285.623,110.427,58.852,35.083,3.95,189.366,433.713,82.405,148.664,39.191,42.395,34.728,,35.944,354.835,24.112,34.532
Index,1997-07-31,1382.277,1863.616,225.596,194.795,94.032,266.333,109.189,58.638,42.432,4.102,193.031,430.358,69.207,152.743,35.967,44.841,33.861,,32.155,378.885,25.351,34.792
Index,1997-08-31,1107.62,1980.82,233.79,208.215,79.968,271.959,110.99,61.43,40.907,7.484,188.2,431.405,75.86,141.825,35.322,40.153,35.452,,31.325,384.45,20.793,34.921
Index,1997-09-30,1197.479,1827.776,254.276,209.335,97.146,283.481,115.381,63.864,46.731,3.723,200.192,467.479,70.923,163.182,43.06,46.879,39.36,,35.113,383.372,23.232,38.166
Index,1997-10-31,1312.732,1618.556,261.701,232.636,96.343,284.553,120.446,64.079,39.104,3.988,197.861,511.102,80.258,155.262,37.041,55.643,37.551,,27.721,347.296,22.912,36.089
Index,1997-11-30,1054.483,1668.924,243.777,223.316,85.694,272.226,111.552,62.289,35.916,3.38,196.362,469.575,141.633,153.584,36.325,50.192,32.992,,35.205,349.272,25.071,34.467
Index,1997-12-31,1562.387,2368.264,240.959,206.351,105.585,277.854,119.545,62.003,36.747,3.001,183.039,506.488,75.109,169.061,38.905,51.669,43.266,,39.732,364.706,24.752,37.063
Index,1998-01-31,1252.957,1856.835,202.549,178.205,74.24,224.534,115.831,68.303,28.15,4.292,141.9,406.03,65.665,123.346,29.734,33.784,32.268,,32.064,331.861,16.395,30.053
Index,1998-02-28,1108.009,850.444,207.928,112.963,65.602,211.406,106.15,57.278,40.56,4.824,143.565,405.612,54.722,130.545,31.524,36.638,30.532,,33.08,291.12,21.313,30.962
Index,1998-03-31,1376.025,1576.905,206.648,135.703,80.571,266.065,116.392,63.506,31.894,15.27,179.374,440.424,83.262,144.825,39.979,45.504,34.151,,35.298,319.837,19.393,39.27
Index,1998-04-30,1124.028,1348.313,198.196,149.871,78.461,231.769,111.665,55.773,32.378,4.331,157.223,403.513,77.575,137.985,35.752,41.479,30.822,,36.13,315.169,21.273,32.844
Index,1998-05-31,1082.614,1393.836,175.152,169.257,76.753,251.863,116.055,53.697,27.11,3.494,144.564,380.024,82.726,136.065,32.313,39.44,29.737,,36.684,271.735,29.91,30.702
Index,1998-06-30,1101.757,1917.859,185.906,177.646,80.772,251.329,109.64,59.425,35.499,8.205,147.896,371.214,72.318,139.544,37.185,38.166,35.307,,37.608,331.861,27.91,34.467
Index,1998-07-31,1180.287,2098.989,185.906,216.605,78.661,235.518,107.838,55.487,42.016,6.533,148.562,371.425,63.842,141.465,32.384,37.962,32.559,,37.33,247.325,26.071,32.844
Index,1998-08-31,1113.087,2004.066,218.426,224.62,77.758,251.329,97.932,52.05,35.569,9.458,149.229,386.105,53.112,138.465,32.457,34.242,30.678,,34.836,196.892,25.871,32.649
Index,1998-09-30,1163.879,2427.35,188.978,217.351,79.365,245.969,86.338,50.117,37.787,13.523,155.557,405.612,53.112,146.384,42.558,40.204,31.762,,38.902,207.659,27.831,37.907
Index,1998-10-31,1241.627,1759.005,207.158,212.504,78.36,244.092,100.522,50.404,36.4,3.685,153.892,434.551,59.551,143.864,36.039,44.841,29.519,,31.325,215.916,26.751,33.233
Index,1998-11-30,1041.983,1693.139,308.05,218.095,84.287,242.754,107.613,51.55,32.587,5.356,151.394,410.853,107.942,135.465,36.756,43.822,26.626,,33.727,238.172,25.392,33.299
Index,1998-12-31,1296.714,2505.808,300.625,228.721,81.072,264.19,104.01,53.841,26.971,17.208,150.227,425.533,59.014,134.386,39.406,43.16,31.835,,36.591,276.761,31.629,38.166
Index,1999-01-31,1347.113,1908.173,214.841,162.919,73.739,232.036,112.003,67.301,31.269,3.874,141.567,384.847,65.559,121.066,38.618,33.58,29.447,,29.199,201.379,21.313,33.039
Index,1999-02-28,849.761,1650.521,164.907,126.944,59.976,196.133,109.64,55.559,38.965,12.041,118.75,306.619,48.712,104.868,33.674,31.134,22.864,,32.526,233.325,21.673,32.13
Index,1999-03-31,1176.38,1553.66,215.866,170.749,81.775,262.85,113.917,69.52,39.937,15.118,167.216,384.008,82.619,138.826,47.001,41.529,30.532,,38.809,249.838,28.271,41.932
Index,1999-04-30,1083.787,1527.506,230.205,164.223,79.968,260.973,107.388,53.554,35.291,4.407,152.892,396.591,75.001,127.306,40.553,39.032,27.928,,36.222,223.096,24.912,34.727
Index,1999-05-31,1043.545,1740.601,215.61,162.919,77.456,264.457,106.15,49.975,35.221,5.963,158.389,367.02,92.598,125.866,44.063,38.574,27.349,,34.744,236.557,25.671,36.544
Index,1999-06-30,1165.441,2199.725,268.102,175.223,83.584,278.389,99.733,53.339,40.283,15.954,167.216,352.34,82.512,136.305,47.144,37.045,32.992,,37.516,241.223,27.871,41.348
Index,1999-07-31,1141.608,2039.903,311.379,191.999,81.675,274.639,83.862,53.984,39.243,13.371,171.379,337.869,62.233,127.786,44.565,36.943,29.013,,35.482,230.993,25.432,38.751
Index,1999-08-31,1150.986,1913.984,284.748,165.902,77.355,283.481,78.909,51.622,37.025,14.624,182.038,350.663,67.061,146.024,45.138,35.72,31.401,,32.433,223.454,26.551,38.945
Index,1999-09-30,1249.832,2349.86,308.306,176.341,84.087,281.069,91.74,53.268,44.859,22.107,190.7,354.226,64.808,143.384,49.222,43.16,32.703,,32.987,247.862,26.951,43.359
Index,1999-10-31,1211.934,1877.177,329.303,184.916,88.407,290.179,84.087,51.407,42.501,9.192,191.365,370.166,75.752,135.706,49.293,49.071,31.473,,33.358,230.095,25.711,41.282
Index,1999-11-30,1026.353,1736.726,313.94,229.84,90.616,286.963,92.191,52.624,39.868,8.737,200.192,349.193,139.808,143.384,49.437,45.758,29.809,,31.325,244.993,29.15,39.854
Index,1999-12-31,1231.859,1801.625,300.367,190.135,98.553,303.041,91.966,52.981,41.67,7.066,207.021,385.057,61.802,143.503,53.305,45.3,33.934,,34.744,288.786,25.592,40.958
Index,2000-01-31,1488.545,2280.121,290.381,178.578,73.137,282.409,83.974,65.654,41.462,23.02,187.202,335.142,70.065,130.906,47.573,38.726,31.255,,32.249,207.659,21.793,42.451
Index,2000-02-29,1018.149,1057.728,238.144,130.671,63.592,239.002,76.545,48.328,38.272,7.445,166.549,267.401,52.469,114.708,45.639,35.159,29.302,,30.123,174.994,22.953,35.246
Index,2000-03-31,1475.26,1477.139,302.159,178.764,83.483,311.882,76.545,65.726,39.521,9.116,227.674,362.615,75.644,146.504,56.1,45.708,40.517,,33.541,201.379,28.11,43.489
Index,2000-04-30,1284.211,1556.565,254.276,163.479,71.931,310.275,82.174,51.622,37.579,4.786,188.867,347.096,65.773,132.346,49.007,41.223,33.499,,32.895,199.585,25.032,38.037
Index,2000-05-31,1454.947,1937.231,240.705,177.274,80.268,311.882,87.464,57.063,45.275,12.725,197.527,361.567,93.564,142.184,53.234,43.822,38.347,,33.358,212.327,28.151,43.879
Index,2000-06-30,1349.848,2154.201,285.26,174.85,82.881,312.952,87.238,57.349,42.987,10.94,207.521,323.397,86.696,150.704,60.829,40.918,42.832,,34.096,205.686,28.71,46.085
Index,2000-07-31,1358.444,2141.608,302.928,178.391,85.393,299.29,80.71,53.411,41.878,7.484,207.355,360.309,67.704,155.384,56.816,41.172,37.767,,31.693,216.456,29.03,43.036
Index,2000-08-31,1294.761,2527.117,331.865,182.305,88.306,328.227,87.576,56.848,40.907,9.952,234.669,367.44,73.392,158.742,64.196,44.637,40.373,,32.987,201.379,29.27,46.865
Index,2000-09-30,1408.843,2922.313,356.447,188.271,84.087,326.084,96.131,52.91,46.107,8.129,233.502,400.576,70.387,155.744,69.785,46.472,45.292,,36.591,230.454,30.23,49.656
Index,2000-10-31,1253.348,2249.124,375.652,192.559,88.206,311.079,102.435,54.199,47.632,9.8,239.331,437.278,79.186,156.823,63.622,47.745,39.071,,37.516,215.557,30.47,49.072
Index,2000-11-30,1310.389,2135.797,367.201,259.479,93.53,327.424,99.058,57.349,42.085,7.141,239.331,381.701,154.187,150.104,63.766,50.395,38.853,,36.961,238.351,34.228,46.865
Index,2000-12-31,1329.14,2964.93,314.706,240.092,69.62,301.701,107.163,54.557,54.288,25.336,194.696,403.513,86.374,138.826,60.399,45.198,39.432,,40.934,260.068,23.152,49.201
Index,2001-01-31,937.666,1639.865,252.227,181.188,67.209,253.204,108.064,66.299,34.806,3.456,163.219,290.681,55.365,121.787,50.583,37.555,32.631,,41.396,241.223,25.991,37.972
Index,2001-02-28,1152.549,1193.334,268.102,140.552,74.844,255.078,94.668,60.356,45.622,12.725,158.055,299.699,55.044,118.067,49.652,39.797,32.775,,36.961,191.148,28.191,40.049
Index,2001-03-31,1158.019,1634.054,330.073,175.967,78.259,295.804,101.647,65.583,46.107,23.057,176.044,319.411,77.791,121.907,54.166,40.307,37.334,,42.69,223.634,32.07,46.475
Index,2001-04-30,1203.338,1357.999,294.478,146.516,77.758,273.031,84.65,56.418,41.947,8.964,162.053,306.199,77.898,117.947,47.359,37.504,29.953,,39.456,205.686,30.11,38.426
Index,2001-05-31,1194.352,1600.152,313.427,173.359,76.351,281.336,92.529,57.206,42.917,11.699,157.888,278.725,100.323,112.308,44.063,40.0,32.268,,47.402,236.737,30.549,39.465
Index,2001-06-30,1161.924,2427.35,261.445,155.464,74.744,278.926,83.974,55.631,40.075,10.635,151.394,263.625,83.8,114.708,45.424,34.956,33.065,,44.076,202.097,30.47,38.622
Index,2001-07-31,1237.329,1809.372,292.43,177.274,72.231,247.042,85.437,56.131,48.395,14.245,149.894,278.516,71.567,111.108,39.119,35.313,31.473,,39.825,208.2,32.909,37.128
Index,2001-08-31,1215.84,2004.066,287.053,146.888,72.734,281.873,82.061,57.134,41.115,11.738,158.555,225.666,75.752,121.547,41.484,33.631,31.762,,43.614,227.224,32.229,36.934
Index,2001-09-30,1188.882,2080.586,245.568,143.72,70.022,254.006,83.862,55.917,49.019,12.763,150.727,220.002,77.683,114.348,45.998,34.395,31.112,,43.336,200.839,28.39,38.622
Index,2001-10-31,1273.273,1769.66,315.22,153.04,81.072,248.917,88.139,59.569,48.88,12.041,152.892,260.062,90.451,122.147,42.201,43.261,31.039,,43.707,218.249,35.068,38.945
Index,2001-11-30,1015.414,1871.364,293.71,197.405,74.844,257.491,84.537,56.418,49.574,17.854,162.886,237.828,146.89,117.107,46.355,42.752,27.639,,47.033,166.559,33.188,40.763
Index,2001-12-31,868.124,2005.034,247.616,153.6,78.762,255.347,89.828,57.349,51.03,11.586,149.894,272.433,68.456,110.868,47.932,37.198,31.401,,38.532,244.632,26.791,38.426
Index,2002-01-31,1116.995,1311.504,275.786,142.042,83.383,231.231,88.814,72.241,47.008,12.801,168.216,292.358,85.516,122.747,44.422,38.471,28.652,,44.722,186.123,36.387,39.011
Index,2002-02-28,575.101,889.189,222.267,96.559,63.994,193.72,71.705,51.908,52.0,16.106,132.74,225.456,45.816,96.95,39.693,31.491,24.817,,40.01,147.354,27.311,35.246
Index,2002-03-31,827.1,1234.985,241.215,136.823,85.694,262.85,94.331,63.506,53.665,20.361,184.038,307.668,66.204,121.547,51.801,40.0,34.151,,45.554,148.073,34.668,44.593
Index,2002-04-30,779.826,1487.793,278.346,144.093,85.894,234.984,89.828,56.346,57.547,11.395,184.537,295.714,74.142,123.826,48.935,42.803,29.23,,53.224,158.123,36.588,41.607
Index,2002-05-31,881.407,1430.645,259.397,142.789,90.516,247.576,76.77,53.483,63.648,25.868,182.038,279.774,93.349,116.988,46.284,42.905,31.835,,45.093,148.79,35.628,44.852
Index,2002-06-30,732.16,1713.481,242.239,144.466,83.283,236.59,94.893,50.977,64.48,27.616,179.207,266.98,92.598,110.267,47.215,37.81,33.427,,49.805,133.715,37.107,45.762
Index,2002-07-31,870.075,1808.404,248.898,164.038,82.379,243.825,95.006,56.203,62.886,22.828,191.033,250.622,71.782,115.787,46.07,38.268,34.801,,47.033,176.252,34.908,44.139
Index,2002-08-31,764.587,1869.428,247.616,133.653,79.867,258.293,88.702,55.058,50.683,22.601,187.368,256.076,81.439,118.906,47.573,36.535,33.281,,45.739,157.046,33.948,43.099
Index,2002-09-30,718.096,1831.651,220.219,121.91,83.283,255.078,87.126,56.704,54.635,14.434,175.544,247.687,83.262,110.148,53.234,37.605,39.577,,47.402,143.943,38.467,43.165
Index,2002-10-31,839.212,1816.154,243.265,131.976,81.174,240.61,99.958,56.848,55.328,12.991,181.538,300.118,86.16,114.348,52.016,43.669,32.921,,48.881,172.839,35.588,43.749
Index,2002-11-30,809.519,1419.99,244.544,155.649,69.72,267.405,95.456,54.986,47.909,10.218,161.72,283.55,137.342,109.668,50.87,42.395,30.532,,43.799,224.892,30.949,40.309
Index,2002-12-31,882.579,1776.441,205.624,121.91,74.443,247.309,98.72,55.988,64.827,26.818,145.232,282.501,88.091,105.109,55.455,40.408,32.921,,43.89,228.122,33.948,46.021
Index,2003-01-31,911.49,1337.658,245.824,144.279,78.762,222.39,96.356,73.745,60.598,26.665,146.231,274.321,72.318,102.709,47.431,36.892,30.966,,42.413,170.506,35.068,44.333
Index,2003-02-28,593.074,1177.837,163.628,108.675,65.903,184.878,91.291,51.119,52.902,10.75,126.744,228.601,47.64,82.792,40.91,33.631,27.349,,39.364,99.433,26.991,34.532
Index,2003-03-31,861.871,1038.356,218.426,150.431,84.388,245.432,103.897,61.572,59.35,30.502,164.551,265.722,73.821,100.069,53.09,38.981,32.775,,46.386,145.56,35.189,47.319
Index,2003-04-30,877.892,1310.536,226.364,165.902,83.081,218.908,100.184,51.837,60.598,12.915,152.059,266.771,60.408,99.349,48.29,39.134,29.519,,42.321,138.02,35.268,39.984
Index,2003-05-31,847.025,1593.373,218.682,140.552,83.182,228.821,98.157,52.767,60.251,17.854,155.391,257.753,92.813,100.188,46.929,39.236,29.809,,42.228,149.328,34.868,40.958
Index,2003-06-30,953.294,2002.127,207.158,149.684,79.766,250.524,90.954,54.485,60.528,19.6,162.219,221.052,71.567,105.589,47.932,39.389,33.21,,46.847,208.557,35.428,42.97
Index,2003-07-31,888.049,1911.079,252.995,161.802,82.278,249.184,101.197,57.635,57.963,16.562,169.881,225.875,57.297,101.509,47.573,41.479,30.026,,44.261,140.175,34.308,41.348
Index,2003-08-31,747.79,1280.51,214.329,133.281,80.369,259.365,92.754,53.984,53.179,39.96,164.218,213.502,48.284,100.909,48.863,40.153,32.992,,43.521,150.407,33.549,47.773
Index,2003-09-30,831.007,1794.843,216.378,160.123,84.79,267.939,92.754,56.275,61.014,16.447,172.046,226.294,67.919,109.668,58.106,41.019,35.307,,46.386,161.175,35.308,45.696
Index,2003-10-31,992.753,1743.508,241.215,168.699,83.885,258.831,95.907,53.984,62.331,39.277,183.039,258.802,74.786,114.708,58.822,37.81,34.44,,43.89,164.944,34.628,52.057
Index,2003-11-30,838.43,1265.012,218.682,150.616,74.844,264.724,84.2,54.7,56.368,13.712,168.216,273.065,124.68,108.589,57.819,37.555,34.945,,40.75,147.893,33.988,43.619
Index,2003-12-31,923.211,1687.328,229.181,166.647,82.178,256.419,99.058,59.998,63.717,9.876,170.047,282.292,73.498,115.787,63.694,38.879,37.767,,46.941,214.839,35.508,46.345
Index,2004-01-31,777.091,1113.909,213.305,140.177,74.24,206.851,94.105,57.206,60.528,41.252,136.57,236.781,61.91,98.15,48.434,32.866,28.94,,44.261,124.74,25.192,47.189
Index,2004-02-29,732.551,1244.671,243.265,145.024,78.059,221.319,97.706,50.905,58.587,24.576,140.235,255.867,89.164,101.028,51.586,37.759,32.631,,45.739,103.919,28.95,44.333
Index,2004-03-31,856.401,1115.845,288.588,181.932,87.402,251.596,102.773,56.131,64.966,16.258,162.553,287.534,92.49,119.866,57.461,40.561,41.24,,55.164,131.739,46.145,47.579
Index,2004-04-30,774.355,1113.909,262.215,174.85,83.483,233.643,103.673,54.771,63.371,28.565,149.728,301.585,83.37,107.269,55.311,38.115,40.011,,48.695,151.663,29.87,48.617
Index,2004-05-31,838.43,1480.043,225.852,178.578,86.397,249.719,92.98,57.421,62.331,30.882,147.23,285.647,109.873,107.148,56.028,41.172,35.741,,48.049,136.225,33.749,49.007
Index,2004-06-30,741.146,1865.553,238.911,183.611,90.918,247.576,109.527,56.418,64.133,23.741,153.226,283.759,84.765,112.907,63.408,37.86,40.879,,53.685,165.123,39.826,51.149
Index,2004-07-31,631.362,1661.176,235.838,193.863,86.296,251.06,99.846,60.714,58.934,20.74,166.882,291.519,103.864,115.067,60.471,40.867,38.201,,55.903,128.508,34.828,48.812
Index,2004-08-31,682.934,1588.53,225.083,180.068,85.493,249.719,113.128,59.139,62.123,23.969,164.051,282.92,75.967,110.749,60.972,42.497,38.274,,53.039,149.149,32.189,49.72
Index,2004-09-30,700.124,1805.5,244.544,179.695,86.597,260.17,115.606,61.645,62.54,14.51,173.71,287.115,76.611,118.787,68.997,43.16,46.015,,56.365,140.534,34.509,51.343
Index,2004-10-31,682.152,1789.032,252.483,195.168,88.306,254.276,115.493,58.351,61.222,30.35,170.381,290.261,70.387,105.348,64.053,43.312,38.636,,54.332,141.252,35.268,52.706
Index,2004-11-30,616.906,1519.759,249.922,170.936,86.497,259.903,111.665,57.778,60.875,24.158,155.891,284.387,91.739,100.909,57.103,40.051,34.728,,56.642,166.738,31.47,48.228
Index,2004-12-31,756.385,1458.735,252.995,197.777,84.187,255.616,119.995,63.363,64.133,50.71,160.887,332.205,87.554,113.627,65.844,47.236,51.514,,56.273,214.122,39.146,61.274
Index,2005-01-31,726.301,1385.121,276.81,197.777,89.813,230.697,122.022,66.084,63.094,36.769,170.047,297.181,71.03,105.229,56.315,39.949,37.695,,54.887,146.994,34.988,52.252
Index,2005-02-28,366.081,1215.613,194.611,133.466,75.146,185.95,104.123,52.265,57.685,8.964,127.244,223.778,46.889,91.79,50.368,35.414,36.393,,51.099,96.562,31.149,39.595
Index,2005-03-31,598.934,893.064,283.211,172.053,89.511,261.508,115.606,62.504,64.619,16.903,171.213,260.48,99.465,110.627,67.491,44.077,46.378,,57.474,144.84,54.062,51.798
Index,2005-04-30,542.674,1182.68,258.373,175.781,86.8,249.184,96.582,58.351,61.984,24.387,162.886,269.079,87.126,107.988,60.255,43.415,45.654,,60.339,142.508,35.508,50.565
Index,2005-05-31,552.052,1167.182,276.04,172.613,85.293,250.791,119.207,60.929,62.608,25.07,163.052,248.735,82.942,109.068,58.321,45.962,42.543,,55.534,124.562,38.107,49.916
Index,2005-06-30,566.507,1419.99,277.578,180.628,90.014,262.85,119.319,62.862,59.281,35.326,170.213,234.055,91.739,107.988,65.486,41.479,44.786,,72.351,163.149,41.466,56.926
Index,2005-07-31,562.99,1510.072,259.909,179.137,88.105,249.184,122.472,60.571,62.886,23.969,168.881,239.297,92.813,106.549,61.975,43.007,44.786,,62.187,152.738,38.587,51.798
Index,2005-08-31,556.35,1390.932,243.521,174.477,91.622,247.042,121.91,62.719,60.251,36.504,168.382,205.531,73.498,109.909,61.832,46.268,51.37,,63.665,143.226,31.109,55.628
Index,2005-09-30,552.833,1072.258,217.914,181.188,93.931,264.993,115.944,63.864,57.963,45.659,182.537,223.357,130.258,113.627,75.302,45.962,54.843,,65.051,153.276,31.149,62.768
Index,2005-10-31,532.127,1358.967,250.947,186.221,95.538,264.457,120.896,65.153,65.313,39.656,186.036,230.489,185.088,112.907,77.092,49.02,53.033,,68.1,139.099,33.829,62.702
Index,2005-11-30,511.811,1050.949,245.314,170.003,92.828,272.226,114.142,62.218,61.915,36.769,168.216,242.864,96.46,108.589,68.997,45.809,48.765,,72.905,161.353,29.51,58.418
Index,2005-12-31,607.529,1103.252,285.26,189.389,101.566,269.547,120.446,65.583,66.145,37.795,169.382,289.212,142.599,116.988,79.456,46.472,63.091,,76.232,154.893,32.869,64.649
Index,2006-01-31,516.108,1008.329,252.483,185.474,80.068,229.893,116.168,65.511,63.094,23.93,158.555,240.974,145.281,112.668,63.694,41.835,42.832,,72.628,160.816,24.991,52.252
Index,2006-02-28,391.084,786.516,225.083,154.345,77.557,220.247,108.851,52.981,60.112,38.251,145.898,213.082,123.607,107.148,59.754,44.637,45.799,,68.655,87.947,23.912,53.68
Index,2006-03-31,511.811,1010.27,292.686,202.437,90.616,279.461,112.341,60.929,70.166,41.784,176.543,255.867,120.924,120.347,72.937,48.561,63.453,,83.809,142.689,31.789,64.26
Index,2006-04-30,419.997,1031.574,278.602,210.64,89.511,252.399,95.006,57.349,64.966,16.106,157.556,272.433,92.382,107.749,66.704,46.115,52.6,,70.411,166.379,30.23,51.538
Index,2006-05-31,475.865,1220.456,277.066,230.399,88.507,266.867,122.921,62.504,69.75,26.057,158.555,252.091,120.924,118.307,62.906,52.128,51.153,,74.846,176.97,34.348,54.979
Index,2006-06-30,477.427,1250.483,210.743,211.944,96.644,256.686,108.626,66.084,66.491,61.308,168.549,195.465,105.795,120.467,72.579,51.975,64.9,,85.379,198.147,35.348,69.648
Index,2006-07-31,471.567,1289.228,243.265,213.249,90.716,256.953,119.545,62.504,65.659,39.618,165.383,201.966,103.972,117.107,70.501,50.956,67.866,,73.737,189.174,35.109,62.119
Index,2006-08-31,509.075,1048.042,221.755,214.741,96.544,264.724,116.505,69.306,60.945,28.678,180.372,245.589,75.429,123.346,69.139,61.351,58.894,,82.7,220.404,31.429,58.613
Index,2006-09-30,428.591,1144.904,243.009,194.795,94.435,275.979,109.077,68.017,63.717,43.759,178.708,229.02,97.855,123.226,75.874,52.79,75.174,,85.564,182.533,32.829,66.856
Index,2006-10-31,457.111,1148.778,259.14,185.474,96.042,268.477,109.527,66.871,63.995,47.557,173.378,252.091,123.392,117.467,72.866,50.294,59.039,,83.069,214.839,31.31,64.975
Index,2006-11-30,441.483,1226.267,286.796,210.08,106.388,284.82,115.155,69.593,66.283,53.673,173.045,238.25,178.543,125.386,71.003,53.606,63.67,,84.732,213.402,50.663,68.025
Index,2006-12-31,522.748,1145.872,290.125,181.932,107.896,282.943,119.995,70.308,65.728,44.937,164.884,248.735,127.577,116.387,77.451,49.886,83.35,,80.298,209.813,36.827,68.349
Index,2007-01-31,361.392,938.588,271.945,201.693,96.744,259.365,113.128,73.887,69.819,30.084,180.54,228.81,89.594,122.747,68.065,52.332,64.248,58.68,90.831,221.48,34.588,60.366
Index,2007-02-28,300.444,919.216,210.743,158.259,78.561,209.261,103.897,63.005,62.678,36.427,149.061,220.211,101.503,104.269,60.184,43.058,53.54,57.544,81.314,138.56,30.71,56.536
Index,2007-03-31,386.787,921.154,290.893,175.781,105.685,281.336,118.307,74.675,73.841,31.072,182.371,247.268,106.868,125.746,73.438,50.702,78.067,70.643,91.57,176.43,42.426,64.26
Index,2007-04-30,366.081,903.718,256.836,181.56,103.978,254.276,115.155,68.661,69.957,36.959,168.715,268.238,104.292,114.947,69.068,48.714,64.9,61.253,89.353,169.609,34.868,62.897
Index,2007-05-31,368.033,918.247,226.876,191.066,103.778,278.389,105.586,69.52,72.523,45.583,167.548,244.122,99.894,121.308,61.617,50.345,68.445,65.858,87.043,156.329,42.386,64.13
Index,2007-06-30,432.888,1134.249,261.701,200.387,102.37,274.102,110.99,68.733,68.779,30.084,162.719,233.214,84.55,116.988,70.572,48.51,76.041,64.423,97.022,199.585,48.224,62.248
Index,2007-07-31,445.0,1239.828,266.568,187.152,105.385,263.385,100.746,73.458,70.027,72.818,172.212,157.923,111.16,123.826,68.853,53.096,74.016,60.653,105.431,167.455,40.866,77.567
Index,2007-08-31,388.349,1086.786,255.3,193.49,107.896,275.174,118.307,75.749,68.779,40.986,170.047,174.074,114.916,130.305,73.224,54.522,78.284,60.116,88.891,162.252,38.947,67.246
Index,2007-09-30,376.629,1049.978,250.691,193.118,96.444,282.409,113.128,72.886,66.283,26.248,167.048,173.443,117.49,119.027,83.97,52.79,75.753,52.4,95.452,148.431,43.465,64.845
Index,2007-10-31,435.623,925.997,284.235,185.288,108.8,276.782,119.432,72.814,69.334,38.782,166.05,183.092,115.881,125.985,76.95,53.861,71.194,63.346,89.907,185.942,40.506,67.181
Index,2007-11-30,416.872,833.008,262.982,202.624,99.056,296.876,115.606,73.458,70.166,36.656,163.719,172.394,118.564,119.507,75.087,51.924,77.271,53.117,92.402,213.225,37.787,66.077
Index,2007-12-31,409.84,752.615,233.79,166.647,96.644,263.385,116.73,72.385,69.541,30.084,149.395,214.759,123.284,114.348,78.669,51.466,86.099,49.768,99.61,214.66,45.024,65.623
Index,2008-01-31,355.922,688.686,317.525,191.439,99.457,271.425,115.718,86.202,74.118,38.669,172.545,178.478,132.405,125.626,72.077,50.905,62.078,51.801,92.126,224.531,37.067,65.364
Index,2008-02-29,200.817,613.134,189.234,128.061,82.981,213.548,110.877,63.792,67.461,44.291,142.067,140.307,103.542,96.229,67.636,41.937,56.0,46.598,86.951,134.971,32.07,62.312
Index,2008-03-31,321.542,648.972,227.388,165.53,97.75,269.547,117.631,75.32,73.494,66.056,158.389,155.407,131.009,117.828,69.713,51.21,79.587,44.862,101.55,193.121,39.787,75.684
Index,2008-04-30,356.703,591.823,235.838,173.173,106.59,267.137,114.592,75.177,72.593,27.274,166.383,177.428,137.662,119.627,66.56,52.332,65.84,48.272,99.055,195.454,37.587,59.586
Index,2008-05-31,418.435,801.045,237.12,170.562,101.666,270.352,121.008,75.534,72.246,18.878,156.057,154.568,133.263,114.348,62.19,49.427,72.425,49.229,97.761,168.353,38.228,55.498
Index,2008-06-30,445.391,689.655,233.277,177.458,104.781,261.778,113.917,75.463,70.998,32.097,158.555,179.525,121.782,119.027,70.142,47.695,76.404,51.083,108.665,188.097,48.984,63.676
Index,2008-07-31,427.028,676.094,215.097,172.986,108.6,269.011,113.692,78.9,68.224,22.107,165.217,183.511,146.247,122.866,72.579,52.383,73.365,43.068,108.573,196.351,38.307,60.561
Index,2008-08-31,373.503,848.508,209.719,168.699,100.26,264.19,114.255,77.969,63.926,26.133,154.225,178.688,146.782,113.268,69.498,51.21,66.999,43.427,96.745,184.506,36.948,59.197
Index,2008-09-30,347.718,802.982,222.779,179.137,103.073,265.26,110.765,76.894,70.582,39.428,162.553,185.397,142.168,126.346,72.579,55.287,77.56,48.332,102.197,213.585,39.947,66.986
Index,2008-10-31,401.634,848.508,180.529,167.207,101.666,261.778,115.606,78.255,62.955,26.818,154.391,171.975,141.418,113.987,66.847,55.389,69.096,38.282,98.038,210.712,35.348,59.002
Index,2008-11-30,334.434,633.474,161.323,133.466,93.329,256.419,108.626,78.827,48.811,44.443,135.072,176.798,127.683,98.989,60.614,50.089,70.978,37.924,99.332,209.634,36.148,61.664
Index,2008-12-31,357.486,498.837,173.615,158.818,90.516,237.395,107.275,83.195,45.899,36.808,116.252,208.887,93.026,100.31,52.159,42.089,75.174,35.831,108.387,291.12,45.385,56.86
Index,2009-01-31,302.788,547.267,136.228,123.028,72.734,192.38,106.488,72.241,48.741,33.351,99.762,162.748,81.546,85.79,42.201,34.242,52.238,31.284,92.309,185.405,34.429,48.552
Index,2009-02-28,237.932,493.025,135.972,108.862,76.25,193.99,96.356,65.583,49.435,48.545,102.761,145.759,88.627,84.351,45.21,36.332,55.35,35.77,99.702,109.663,35.388,55.172
Index,2009-03-31,270.359,407.786,161.067,120.418,89.913,215.155,96.244,72.814,54.843,30.502,113.587,160.439,111.374,96.469,48.004,37.911,62.078,39.12,99.147,174.456,41.746,51.278
Index,2009-04-30,270.752,324.486,121.377,118.741,93.329,213.012,88.927,70.165,57.478,47.937,120.083,151.422,108.048,91.79,52.805,53.707,56.941,39.419,117.998,217.172,39.027,60.041
Index,2009-05-31,342.248,342.89,139.302,121.538,93.931,207.922,100.071,72.527,57.478,49.191,118.75,166.732,107.191,96.83,49.437,53.911,55.35,37.565,91.848,186.839,36.668,58.224
Index,2009-06-30,286.771,472.685,163.883,139.619,102.672,208.994,99.846,73.673,65.105,38.897,134.405,174.912,101.289,108.589,59.253,56.969,65.624,30.387,93.788,237.634,41.586,59.457
Index,2009-07-31,306.696,506.586,113.695,141.296,103.475,232.57,98.495,76.823,71.483,61.232,143.066,175.542,106.975,111.587,70.142,57.071,64.177,40.495,90.369,261.324,38.787,71.466
Index,2009-08-31,339.512,576.326,114.463,131.416,99.156,229.624,95.682,72.957,65.866,54.318,132.074,166.313,125.752,100.789,66.56,60.23,59.98,40.257,90.647,200.839,36.188,66.597
Index,2009-09-30,287.941,488.182,124.705,130.112,101.666,229.088,92.98,77.038,67.808,33.275,150.561,157.504,114.916,114.708,74.084,65.122,65.044,46.297,95.266,226.505,40.067,62.702
Index,2009-10-31,281.3,416.504,134.948,133.095,96.744,243.825,95.907,76.322,68.363,26.665,151.56,149.115,144.959,107.269,76.877,64.51,63.814,42.47,84.825,214.301,39.307,60.561
Index,2009-11-30,270.359,339.015,116.0,113.336,98.753,250.256,95.118,74.102,69.75,21.044,138.736,180.993,108.263,113.148,68.71,60.994,64.611,45.82,81.96,252.172,39.107,55.757
Index,2009-12-31,318.416,344.826,153.129,145.21,96.343,235.785,96.244,78.041,75.851,30.768,146.231,199.03,113.413,115.307,81.248,56.103,80.021,47.913,89.907,335.091,50.383,65.558
Index,2010-01-31,247.699,430.065,150.312,129.552,100.16,216.496,87.351,77.897,72.454,53.939,145.397,176.589,112.34,111.708,72.722,56.664,62.294,47.614,80.852,228.66,37.067,68.479
Index,2010-02-28,166.826,304.145,100.634,108.862,86.196,171.212,78.008,66.943,65.036,59.029,123.747,143.662,108.478,91.909,66.273,50.038,54.553,35.831,86.857,207.48,37.467,66.013
Index,2010-03-31,218.788,204.377,160.811,147.634,114.727,237.128,96.92,80.403,75.851,63.132,165.716,149.954,118.993,125.506,80.245,72.918,82.699,49.707,94.158,200.301,51.942,78.15
Index,2010-04-30,239.104,232.467,126.497,135.89,107.192,239.271,95.344,74.388,78.624,96.9,143.565,186.236,102.684,117.587,82.037,83.721,71.412,57.304,87.875,218.609,37.188,89.51
Index,2010-05-31,261.764,222.781,110.11,128.808,108.097,234.448,92.98,76.608,79.595,109.434,146.564,170.089,141.74,113.027,73.797,85.402,76.983,56.646,91.57,192.583,44.265,92.366
Index,2010-06-30,280.518,295.428,148.52,125.824,115.933,219.442,88.027,81.262,77.723,51.014,148.396,164.425,99.572,122.747,86.049,91.364,92.9,61.791,93.512,226.327,50.703,76.333
Index,2010-07-31,277.392,291.552,126.497,140.924,106.59,232.303,101.985,82.622,77.862,54.812,147.064,165.685,123.392,120.227,84.759,100.536,91.67,57.603,99.24,236.737,43.665,78.086
Index,2010-08-31,264.892,240.217,104.987,131.602,104.982,215.155,96.019,81.119,78.209,37.377,146.065,171.347,132.942,116.507,85.69,94.014,89.283,61.491,96.191,234.404,43.106,71.206
Index,2010-09-30,264.892,234.406,157.994,117.25,105.083,228.283,90.841,79.973,76.753,51.698,144.732,144.501,145.281,119.866,90.634,82.447,110.192,60.954,95.174,263.3,44.305,78.995
Index,2010-10-31,223.478,201.473,127.01,135.331,99.557,246.504,105.361,80.046,77.168,58.99,137.07,150.373,131.44,120.706,83.326,77.86,95.939,55.45,90.74,266.531,40.906,78.476
Index,2010-11-30,230.901,163.696,176.176,122.47,99.859,248.112,106.037,78.541,75.643,60.814,132.24,177.847,111.912,110.988,86.407,61.198,90.73,57.903,83.993,275.862,47.144,78.735
Index,2010-12-31,265.672,252.808,172.845,141.296,102.27,233.911,114.592,81.119,79.11,31.831,140.402,204.483,119.637,128.266,87.41,55.44,103.03,56.706,104.229,315.169,45.145,71.336
Index,2011-01-31,224.445,213.787,159.777,130.511,99.24,222.614,106.389,83.338,85.149,71.239,134.502,181.832,123.994,110.392,85.402,58.589,92.464,64.859,88.144,287.025,40.155,86.03
Index,2011-02-28,123.39,161.44,108.728,96.718,85.765,170.552,99.294,63.871,77.092,65.749,110.085,141.995,163.772,89.455,68.415,46.19,73.495,55.462,92.928,196.48,35.382,73.299
Index,2011-03-31,201.308,171.172,143.725,136.87,108.05,235.823,99.883,82.242,88.183,97.923,142.295,178.933,146.699,122.848,85.037,66.168,111.57,59.274,101.142,191.559,53.305,93.871
Index,2011-04-30,186.402,165.406,160.107,124.66,104.888,218.254,85.998,75.1,78.939,82.118,130.106,176.664,114.687,105.494,75.642,58.178,103.483,61.489,93.055,195.093,41.744,83.284
Index,2011-05-31,235.682,182.211,170.549,123.549,93.152,218.332,101.169,78.786,84.645,61.774,130.766,180.235,102.849,114.97,69.647,57.958,99.723,64.912,91.559,183.296,45.066,78.575
Index,2011-06-30,203.151,227.624,181.312,124.831,96.831,221.908,108.994,79.571,83.897,73.971,136.406,180.94,117.294,116.957,73.96,70.15,127.583,73.192,102.359,209.423,56.031,86.545
Index,2011-07-31,234.193,255.858,185.184,129.819,95.688,223.166,108.808,83.65,79.894,78.977,131.098,186.501,112.643,116.629,69.704,68.101,105.334,65.792,98.211,165.983,41.891,82.331
Index,2011-08-31,198.833,217.149,180.576,141.147,100.496,223.83,103.791,84.578,70.567,76.95,125.973,184.291,111.772,111.863,64.016,59.506,138.668,62.168,97.583,203.036,47.636,81.37
Index,2011-09-30,219.988,269.99,186.758,138.532,99.391,220.67,103.198,86.392,74.147,90.213,126.24,176.903,118.139,112.683,71.534,66.358,103.237,59.659,101.762,213.496,54.278,84.931
Index,2011-10-31,190.33,245.528,167.901,119.495,98.177,220.152,83.315,84.406,70.536,106.108,124.197,179.111,105.655,114.277,65.43,55.473,109.891,65.092,98.476,192.03,45.39,83.66
Index,2011-11-30,198.212,198.219,220.457,121.598,94.972,232.59,102.666,86.36,72.008,74.567,116.391,174.588,107.56,110.496,60.008,56.602,104.879,67.23,98.328,219.345,50.578,76.923
Index,2011-12-31,193.871,184.837,166.059,117.689,102.367,222.209,102.753,87.713,71.776,89.028,124.868,224.889,92.551,124.508,73.547,71.107,131.137,68.199,111.806,265.31,56.675,89.302
Index,2012-01-31,164.224,161.309,137.397,103.172,88.268,183.846,101.358,82.986,73.35,92.485,113.45,157.123,103.901,98.7,62.09,41.699,99.183,61.592,88.61,197.41,41.98,77.464
Index,2012-02-29,204.094,220.244,151.026,112.801,97.586,198.141,98.433,76.891,74.439,90.117,124.94,163.888,101.919,111.842,65.948,55.672,113.901,69.457,102.469,170.726,49.282,82.255
Index,2012-03-31,207.904,171.323,158.614,134.73,104.474,220.971,100.611,83.999,83.935,87.982,136.547,183.138,145.044,124.712,73.186,63.792,134.738,61.427,119.968,222.652,55.865,90.683
Index,2012-04-30,199.351,131.436,161.831,115.766,96.519,201.374,100.602,78.524,78.067,66.833,127.636,172.058,106.642,121.515,67.741,52.493,134.802,67.396,101.706,211.198,46.397,81.674
Index,2012-05-31,235.533,155.398,163.705,133.413,100.566,212.128,104.616,84.447,80.796,81.82,133.608,164.529,97.012,114.83,64.704,58.153,128.498,74.877,110.637,203.038,48.015,83.622
Index,2012-06-30,221.555,233.986,183.838,121.906,95.486,194.976,100.899,83.171,80.455,121.879,131.207,180.232,99.497,118.477,71.572,66.16,132.736,54.569,109.323,265.074,54.062,93.232
Index,2012-07-31,214.269,228.433,172.225,132.089,96.32,196.173,98.619,87.833,80.441,87.103,133.082,187.715,124.759,112.355,68.094,62.943,116.955,70.232,101.744,231.24,46.656,84.123
Index,2012-08-31,218.764,245.091,162.726,131.806,98.547,206.881,96.16,88.514,79.667,83.795,125.66,184.206,120.881,115.558,60.91,65.076,106.411,63.409,92.606,228.303,47.277,79.059
Index,2012-09-30,184.687,234.655,157.816,123.792,91.305,198.425,91.148,87.928,77.157,77.783,114.314,174.331,100.257,122.818,63.303,65.508,128.667,43.657,103.991,220.576,56.664,81.867
Index,2012-10-31,187.424,181.07,207.16,109.447,98.806,213.396,99.456,90.976,79.814,80.552,120.065,190.238,100.115,123.162,60.915,62.8,100.596,63.627,104.647,227.416,48.198,79.517
Index,2012-11-30,226.522,171.126,159.466,114.751,94.03,213.864,102.996,84.101,77.462,84.514,110.921,171.911,87.865,123.654,59.288,62.433,105.336,57.641,100.585,241.099,51.518,79.075
Index,2012-12-31,197.035,162.308,185.778,131.573,87.064,206.302,104.229,80.121,76.261,107.77,107.538,207.099,96.571,131.456,63.2,72.823,163.097,65.171,112.872,256.768,62.08,90.74
Index,2013-01-31,178.53,155.928,227.996,138.632,95.544,190.281,95.786,90.337,78.443,73.764,116.86,190.331,93.635,116.102,62.055,60.944,100.744,77.013,95.557,223.028,50.293,77.583
Index,2013-02-28,128.197,129.504,152.021,97.45,81.12,149.966,96.468,73.712,72.351,77.51,91.557,139.014,76.806,89.617,53.194,46.496,86.621,63.953,93.791,164.985,42.489,69.502
Index,2013-03-31,176.771,166.796,190.789,131.963,99.867,201.781,89.084,82.792,84.329,102.617,116.961,180.526,102.006,115.037,68.388,67.565,116.947,69.902,102.384,195.039,64.788,87.429
Index,2013-04-30,223.494,134.688,205.712,140.808,110.358,192.554,88.424,80.395,80.427,100.981,123.742,186.936,89.425,116.43,68.439,61.817,114.903,77.679,100.633,182.78,53.584,85.877
Index,2013-05-31,175.086,151.598,219.942,133.916,108.176,189.909,100.103,84.386,81.668,106.175,119.421,183.398,118.586,117.084,66.269,58.703,114.159,82.271,98.532,172.696,50.604,85.784
Index,2013-06-30,146.245,181.93,210.145,138.091,101.536,185.874,98.703,82.907,77.854,93.891,120.681,175.875,79.325,119.248,72.356,59.596,127.225,73.969,114.727,201.913,59.162,88.892
Index,2013-07-31,210.592,182.275,177.791,152.213,106.495,192.08,96.263,89.732,83.467,83.345,131.425,193.683,91.135,123.494,70.142,69.129,127.138,79.288,106.526,204.129,53.049,86.583
Index,2013-08-31,175.773,160.688,179.464,141.923,99.728,188.515,97.496,83.328,87.783,80.92,124.781,187.483,80.82,116.001,63.529,65.957,115.527,77.058,103.579,222.839,49.455,81.85
Index,2013-09-30,158.84,194.853,182.492,140.671,104.02,189.917,97.497,86.823,81.604,78.526,124.384,169.197,80.542,129.537,72.547,77.694,145.747,80.315,117.971,221.566,56.694,89.432
Index,2013-10-31,185.891,159.794,174.466,132.663,104.359,193.935,93.672,87.105,81.05,74.513,122.574,173.919,84.02,117.177,75.114,77.305,122.123,91.413,103.229,244.467,54.11,86.17
Index,2013-11-30,171.604,125.02,160.33,133.008,102.504,209.148,85.218,82.476,79.495,81.623,118.185,150.371,86.851,135.509,65.701,70.854,135.987,77.799,101.779,268.095,55.734,84.445
Index,2013-12-31,167.891,197.255,149.536,135.965,103.512,181.602,89.092,85.054,86.908,84.687,116.018,178.568,100.536,125.899,76.174,80.387,183.71,73.612,124.688,309.988,72.551,96.532
Index,2014-01-31,183.675,154.808,171.843,166.823,98.99,167.942,90.625,92.699,89.343,77.163,114.173,154.888,90.067,109.017,65.106,61.85,107.878,79.288,94.23,224.296,52.774,80.329
Index,2014-02-28,105.883,140.146,152.594,120.291,83.883,154.424,81.233,72.061,83.246,93.535,104.585,126.539,71.077,104.032,60.906,57.142,101.07,80.764,99.153,187.175,48.581,78.601
Index,2014-03-31,155.831,144.335,173.144,133.405,104.182,191.379,83.317,85.778,92.192,122.808,118.165,150.895,107.453,122.285,73.379,73.939,148.708,91.229,123.725,215.351,67.16,98.085
Index,2014-04-30,141.678,125.837,163.325,135.142,101.043,173.468,89.197,80.066,90.712,127.996,117.479,143.867,277.108,124.555,64.55,70.061,129.883,85.943,94.287,180.655,57.034,90.441
Index,2014-05-31,133.67,136.372,159.679,147.69,100.085,181.321,94.346,82.249,93.382,93.893,119.879,149.849,97.142,117.628,63.431,72.109,124.172,80.975,95.278,177.012,53.407,84.142
Index,2014-06-30,127.137,119.697,171.654,130.426,101.854,169.752,91.839,84.622,90.747,93.575,121.981,141.962,113.849,121.345,68.549,75.537,150.139,80.989,102.718,231.14,65.775,89.546
Index,2014-07-31,150.169,99.351,165.434,165.439,101.486,175.997,100.253,89.165,93.286,106.974,122.901,148.465,113.492,118.48,69.068,76.813,122.712,82.191,94.471,196.535,55.199,88.873
Index,2014-08-31,162.171,99.004,139.385,129.02,108.881,181.24,90.669,85.321,92.162,86.661,119.771,147.976,95.935,113.264,67.796,82.223,136.487,78.466,85.631,226.128,53.379,84.98
Index,2014-09-30,162.431,57.238,160.467,145.457,110.698,175.531,88.765,91.039,90.137,64.173,120.968,146.438,99.154,124.656,72.84,83.749,163.573,85.348,108.224,180.175,61.203,88.396
Index,2014-10-31,195.616,34.816,158.133,143.713,103.524,183.141,79.274,89.825,87.085,92.639,120.839,152.254,112.192,117.25,71.399,73.243,119.246,86.635,94.265,170.127,58.188,86.446
Index,2014-11-30,143.283,42.274,189.782,134.769,105.738,191.441,64.72,83.323,79.003,78.063,116.189,152.768,120.477,126.596,66.691,74.94,138.541,77.582,92.135,156.326,60.115,82.818
Index,2014-12-31,142.814,80.844,142.151,130.617,98.319,164.89,77.959,88.725,86.057,83.163,125.791,165.9,95.527,125.821,75.117,89.784,172.026,81.61,128.654,172.62,74.115,94.793
Index,2015-01-31,153.002,52.617,182.46,132.354,102.634,168.351,98.708,91.757,87.782,78.432,133.748,170.082,104.371,113.595,66.749,68.947,114.35,93.792,85.427,169.499,67.214,82.046
Index,2015-02-28,107.643,60.022,117.053,108.17,83.462,143.579,90.456,69.938,85.624,85.281,107.519,125.499,100.462,96.086,59.618,55.62,107.448,79.037,83.846,158.082,58.696,76.028
Index,2015-03-31,143.28,31.058,159.149,146.432,99.538,169.186,106.256,88.054,97.251,78.171,125.891,157.393,207.488,122.445,67.483,83.781,140.004,96.33,105.124,145.429,72.697,87.878
Index,2015-04-30,163.224,39.065,184.0,137.197,100.358,174.88,99.071,92.926,96.298,87.668,119.632,160.713,111.343,109.745,62.418,74.955,110.966,96.124,91.472,143.722,69.932,82.561
Index,2015-05-31,141.669,53.136,171.259,122.105,97.495,164.338,95.748,84.801,91.975,93.79,104.911,185.596,98.986,107.352,63.954,71.905,117.25,95.829,88.091,155.592,65.385,83.113
Index,2015-06-30,159.322,60.516,160.586,146.491,99.615,152.28,85.966,91.319,96.45,102.685,103.276,173.179,112.766,114.241,65.975,76.089,121.683,109.889,89.357,174.7,72.604,87.148
Index,2015-07-31,152.925,50.82,159.774,161.119,96.128,174.779,105.264,84.811,96.336,94.543,109.386,171.954,106.303,110.358,62.408,78.802,112.072,85.794,91.811,178.961,72.097,83.485
Index,2015-08-31,139.755,55.867,149.335,123.648,94.723,165.828,90.43,90.477,93.179,89.786,95.176,164.075,121.636,104.563,64.24,74.3,97.856,83.898,86.836,180.789,68.612,80.99
Index,2015-09-30,140.376,42.498,165.643,123.177,95.854,170.381,91.468,76.928,92.294,69.819,100.157,158.39,122.717,112.993,71.21,74.982,112.051,88.949,97.227,181.456,70.296,82.831
Index,2015-10-31,158.016,42.647,133.618,113.257,102.232,173.068,85.976,98.8,91.286,87.688,105.477,162.511,115.42,112.707,62.181,75.881,117.509,87.502,96.287,175.954,73.818,83.622
Index,2015-11-30,143.39,40.506,145.626,119.217,93.212,177.474,78.565,87.324,89.741,79.328,99.466,160.145,92.346,106.582,62.481,79.504,105.165,88.598,99.4,172.965,71.847,80.514
Index,2015-12-31,154.477,51.998,99.909,136.667,100.686,157.521,91.785,73.833,85.693,76.821,98.224,173.686,109.655,111.654,66.757,96.012,109.548,82.182,121.96,205.128,70.176,83.524
Index,2016-01-31,147.244,54.837,201.096,121.721,97.487,145.988,90.89,94.178,85.092,105.949,99.68,151.212,108.106,107.616,69.697,63.909,83.599,87.946,80.538,196.389,71.321,83.053
Index,2016-02-29,90.349,35.196,115.063,90.862,84.821,152.192,90.289,66.329,86.456,88.89,82.477,130.091,139.571,94.659,57.956,62.67,77.798,79.252,88.454,159.165,64.782,73.476
Index,2016-03-31,120.403,33.635,120.458,121.653,104.822,151.38,95.486,96.804,92.343,100.311,103.139,170.952,172.826,111.81,71.155,94.971,102.651,103.269,103.033,189.229,77.283,88.517
Index,2016-04-30,165.437,27.605,140.383,115.543,97.918,146.027,87.805,90.506,92.311,105.65,95.885,161.439,129.86,110.057,67.234,75.139,95.74,93.901,95.046,188.109,74.705,85.265
Index,2016-05-31,155.943,33.693,154.825,134.475,94.843,140.096,99.895,89.283,91.409,105.319,95.676,164.953,124.171,99.749,67.122,75.854,83.139,97.544,98.141,154.961,70.948,83.451
Index,2016-06-30,135.976,48.768,155.314,126.448,101.984,128.809,98.065,97.413,91.692,86.83,97.247,166.648,119.775,104.202,77.876,80.53,102.525,99.875,102.168,155.201,74.572,88.094
Index,2016-07-31,140.717,57.42,110.635,121.403,88.511,135.631,103.515,82.507,93.102,81.237,96.93,131.048,113.265,99.392,71.738,77.029,83.066,90.024,90.429,139.632,73.089,80.731
Index,2016-08-31,132.796,33.496,130.533,134.052,99.705,133.375,101.61,98.138,94.694,77.155,101.451,144.49,103.28,104.298,71.648,78.369,84.801,91.463,91.025,173.59,76.862,81.796
Index,2016-09-30,128.406,34.853,133.205,131.818,96.065,132.243,97.678,100.811,92.178,88.581,107.448,142.5,92.767,100.456,82.768,80.713,93.389,98.104,96.214,143.509,83.874,89.338
Index,2016-10-31,132.272,25.17,130.295,122.718,88.053,141.644,98.797,67.771,90.167,98.485,96.569,133.781,115.157,98.379,74.966,72.939,87.763,99.426,93.774,149.215,80.178,84.633
Index,2016-11-30,137.224,50.375,109.968,132.515,89.948,150.444,95.828,94.359,92.833,107.999,109.403,129.422,136.517,103.677,76.362,76.612,88.76,98.969,100.936,138.012,90.32,89.914
Index,2016-12-31,137.392,49.291,122.738,137.473,90.79,136.121,107.1,90.689,89.001,118.414,105.088,136.275,135.587,105.793,96.329,85.574,119.935,105.927,108.233,151.789,82.182,102.247
Index,2017-01-31,106.183,45.768,114.009,123.855,84.0,111.125,111.966,82.601,88.072,87.648,95.443,113.25,110.951,93.88,84.337,67.251,91.752,102.393,89.98,144.642,71.492,86.381
Index,2017-02-28,104.104,34.421,105.877,106.426,78.756,110.048,93.915,82.485,87.867,69.578,90.998,111.897,114.023,90.102,79.465,79.183,81.814,104.605,89.614,85.561,78.271,80.913
Index,2017-03-31,118.711,30.744,126.079,137.472,98.424,131.737,101.61,101.14,95.607,97.478,108.178,128.974,143.256,105.402,96.488,94.967,110.446,126.956,92.348,88.572,90.124,98.422
Index,2017-04-30,116.902,36.868,136.599,114.911,91.938,121.261,97.383,90.626,90.512,70.651,94.923,119.65,118.23,94.586,96.902,74.576,102.666,117.031,87.422,93.169,79.55,90.954
Index,2017-05-31,125.339,41.022,107.253,127.923,96.894,121.435,100.153,81.053,96.364,69.939,104.226,120.483,120.324,98.913,89.346,83.373,91.802,127.226,90.389,109.183,81.213,87.595
Index,2017-06-30,123.644,70.928,104.525,124.959,95.743,112.498,100.946,94.14,101.415,101.17,105.968,129.55,135.165,104.371,97.53,81.232,112.059,129.204,109.555,105.604,78.921,100.241
Index,2017-07-31,132.191,56.426,101.996,106.082,95.483,122.825,109.622,94.96,98.265,92.466,100.715,116.99,113.991,103.686,105.36,82.412,100.053,106.688,94.541,110.666,86.192,99.537
Index,2017-08-31,125.12,46.746,102.72,123.146,97.678,119.52,106.71,102.656,96.445,100.734,108.628,118.657,141.841,106.475,98.64,87.446,90.365,116.007,97.679,124.143,97.151,98.575
Index,2017-09-30,122.385,31.888,124.399,118.296,95.221,124.514,108.342,108.748,101.61,96.819,104.34,121.406,162.073,97.788,110.081,90.97,97.356,113.982,86.065,127.286,91.577,102.393
Index,2017-10-31,151.485,27.743,122.425,123.338,97.9,125.771,114.553,96.589,103.715,67.312,100.962,117.923,117.78,99.552,110.696,83.447,95.296,117.861,90.085,125.894,85.147,97.569
Index,2017-11-30,134.951,36.454,135.271,122.072,92.414,137.739,112.034,100.171,100.251,77.594,105.687,119.755,134.856,106.212,100.752,92.459,87.354,99.146,94.357,132.154,90.636,95.387
Index,2017-12-31,131.023,53.344,164.009,129.166,97.421,118.118,113.42,102.61,102.361,67.247,100.136,110.048,107.352,106.25,106.84,100.034,114.874,101.911,106.721,142.12,80.619,99.786
Index,2018-01-31,141.634,41.875,118.305,124.253,97.374,120.858,113.095,97.786,100.674,89.544,101.848,111.81,115.794,98.441,110.459,80.754,113.997,112.356,83.727,97.427,96.412,102.219
Index,2018-02-28,83.76,27.202,89.906,102.3,79.97,92.923,101.195,80.142,95.323,63.644,91.646,84.564,102.497,86.63,93.27,65.887,87.899,92.702,81.289,99.769,76.812,85.148
Index,2018-03-31,115.833,30.984,120.269,127.972,98.509,113.231,108.133,105.462,104.363,89.776,103.8,102.961,145.902,105.933,112.062,107.865,111.089,119.391,97.828,84.429,94.123,104.974
Index,2018-04-30,133.679,41.511,126.954,113.73,103.097,110.118,104.716,93.464,102.337,81.634,100.487,100.319,117.613,104.163,108.824,88.901,111.265,113.975,95.615,126.927,87.023,100.846
Index,2018-05-31,112.997,37.477,114.883,119.019,100.931,112.161,109.693,95.31,105.469,83.945,98.457,104.723,107.474,98.953,104.791,86.438,102.218,109.539,89.411,96.96,102.265,98.989
Index,2018-06-30,107.446,39.646,114.292,107.033,98.626,104.295,106.17,100.849,103.1,116.579,96.31,110.147,80.718,99.718,107.671,95.13,134.582,104.523,103.59,87.556,84.912,108.473
Index,2018-07-31,119.946,66.25,123.96,114.422,101.612,110.015,105.718,97.396,105.979,102.024,103.558,122.852,112.0,100.939,111.308,90.88,118.542,108.905,94.567,94.661,92.454,106.179
Index,2018-08-31,109.838,38.229,110.867,100.018,100.604,107.203,101.66,95.674,102.511,102.489,105.331,110.547,118.687,98.717,105.863,93.656,96.296,109.569,99.024,114.973,93.649,101.853
Index,2018-09-30,98.058,34.492,107.234,98.547,102.331,107.135,91.317,111.027,94.365,84.755,101.265,98.377,125.605,105.514,107.28,107.18,120.508,107.531,103.073,124.795,90.222,102.885
Index,2018-10-31,116.474,33.176,114.33,129.972,110.857,117.391,103.481,99.016,102.535,73.279,101.333,106.677,104.775,106.897,110.722,99.91,115.138,121.804,100.362,125.886,101.622,102.642
Index,2018-11-30,131.008,37.201,111.345,107.126,106.182,124.332,106.172,103.095,103.913,94.148,97.187,102.132,116.754,96.517,107.586,100.693,93.101,112.893,95.935,136.48,102.738,101.901
Index,2018-12-31,102.826,52.233,94.707,105.827,101.129,108.021,113.572,93.526,100.656,94.166,99.945,102.623,83.28,107.001,92.654,123.752,138.492,103.514,119.069,114.413,92.039,101.612
Index,2019-01-31,121.24,100.938,118.598,103.414,103.856,104.771,116.472,107.723,109.453,93.847,105.659,110.51,92.957,99.159,115.362,102.716,94.701,113.773,94.87,99.739,103.534,106.9
Index,2019-02-28,75.387,37.036,70.065,69.666,86.49,81.398,96.735,85.742,96.79,78.634,85.122,75.699,92.057,77.75,97.5,80.432,62.245,96.612,87.29,66.586,84.399,88.563
Index,2019-03-31,106.709,42.839,109.401,108.82,107.967,97.881,78.457,114.071,107.099,94.395,104.061,100.471,116.957,104.917,88.823,134.556,107.584,109.75,97.636,80.708,102.27,96.823
Index,2019-04-30,130.275,74.89,97.236,103.32,106.117,100.1,97.907,100.395,104.039,90.912,97.03,92.901,99.875,96.536,113.885,89.187,104.786,108.208,97.411,77.507,96.133,105.106
Index,2019-05-31,88.971,99.127,112.156,99.138,102.511,101.316,112.362,102.698,107.953,101.926,103.788,93.303,81.569,96.051,92.487,93.734,89.541,106.555,96.356,92.586,96.088,96.606
Index,2019-06-30,92.806,138.037,98.799,94.702,98.396,87.715,108.444,96.97,100.178,181.414,98.372,96.667,102.235,93.853,85.167,102.508,114.727,101.02,100.391,93.368,89.795,105.115
Index,2019-07-31,98.616,154.691,113.375,96.942,111.714,100.315,84.309,104.246,102.916,100.984,104.447,111.73,114.741,98.411,124.188,97.732,97.307,86.427,101.487,131.175,108.691,111.195
Index,2019-08-31,104.282,134.26,82.947,101.133,98.154,106.018,88.394,106.508,101.326,128.527,99.047,101.602,94.688,98.888,82.684,90.02,85.242,96.805,94.718,102.684,93.396,94.435
Index,2019-09-30,88.163,95.619,95.932,104.971,102.706,100.522,94.415,97.9,96.26,112.76,103.959,103.794,103.716,103.022,95.339,94.638,109.201,100.298,117.459,110.569,105.635,101.416
Index,2019-10-31,106.018,86.878,118.61,110.013,95.724,105.445,107.88,104.434,91.153,69.582,101.507,101.263,107.334,110.933,120.966,99.282,109.985,105.247,106.155,109.973,115.185,106.669
Index,2019-11-30,94.906,123.384,69.815,102.917,92.112,111.406,104.845,100.625,86.996,62.938,99.444,104.123,88.656,109.013,89.725,98.894,97.911,90.376,102.268,121.724,96.559,89.358
Index,2019-12-31,92.629,112.301,113.066,104.964,94.253,103.113,109.784,78.712,95.837,84.079,97.563,107.938,105.215,111.469,93.874,116.302,126.773,84.929,103.961,113.382,108.314,97.815
Index,2020-01-31,67.769,124.676,71.093,89.404,81.965,89.374,108.996,94.761,103.763,149.356,96.172,94.22,112.31,97.691,109.812,81.976,109.207,75.585,90.606,83.878,100.673,110.842
Index,2020-02-29,83.7,67.325,50.952,85.091,92.21,94.286,99.821,93.113,101.75,83.58,94.868,98.227,103.417,96.907,84.1,93.239,79.464,78.603,100.911,63.203,92.685,88.098
Index,2020-03-31,104.407,74.863,27.815,93.956,107.054,90.163,102.69,104.14,104.899,206.337,105.172,102.823,107.959,112.893,94.292,130.027,137.186,93.094,110.235,62.931,114.229,117.655
Index,2020-04-30,25.154,92.259,50.483,77.01,94.842,75.27,92.174,87.089,97.379,206.287,87.846,27.928,85.755,73.952,114.724,58.495,122.907,49.934,67.178,30.717,103.401,117.732
Index,2020-05-31,12.979,152.099,1.281,66.746,81.814,62.449,90.966,87.569,94.382,111.588,84.509,16.578,69.957,64.444,91.516,56.795,84.612,57.468,55.364,17.304,81.382,89.009
Index,2020-06-30,33.514,186.769,86.387,79.507,92.297,69.616,71.355,94.742,90.817,114.928,94.884,24.513,80.805,77.528,99.628,78.22,122.399,84.319,63.859,61.038,99.269,98.752
Index,2020-07-31,33.001,163.771,87.504,78.899,92.396,81.158,70.828,93.676,101.951,70.8,95.172,26.383,85.61,76.369,123.592,78.386,110.57,73.707,65.53,44.682,96.634,103.253
Index,2020-08-31,50.301,130.928,47.976,77.04,97.05,82.501,74.018,91.756,106.446,141.745,95.941,50.126,112.216,88.703,117.956,85.271,92.394,98.247,63.538,71.229,108.357,109.893
Index,2020-09-30,40.888,94.994,44.601,88.2,104.42,85.8,70.127,90.762,99.143,240.754,107.264,69.701,115.698,97.679,123.999,95.496,104.819,106.401,74.758,72.096,124.202,127.718
Index,2020-10-31,49.64,93.59,75.41,91.321,103.533,87.572,72.864,94.705,93.824,79.973,106.06,78.504,92.519,101.145,121.027,101.84,119.408,108.679,73.45,79.87,118.566,106.212
Index,2020-11-30,55.079,130.64,84.658,95.555,100.507,91.07,71.563,82.939,99.987,97.219,106.171,85.064,90.545,102.588,118.796,102.985,99.148,104.455,74.041,81.025,135.863,106.675
Index,2020-12-31,70.245,115.324,77.601,103.021,107.264,104.521,76.92,84.468,112.27,65.634,111.528,94.166,114.041,106.468,134.129,121.885,132.859,117.301,68.642,112.206,139.469,114.533
Index,2021-01-31,32.571,174.717,79.992,101.949,100.095,83.809,76.715,95.518,116.624,127.854,108.769,88.928,103.712,102.522,133.062,98.418,127.207,101.086,72.569,82.783,108.804,121.509
Index,2021-02-28,21.245,93.483,71.078,92.241,84.458,65.849,74.538,86.607,107.27,97.66,99.65,78.633,105.758,96.708,107.222,85.165,100.797,89.753,76.55,59.228,101.253,103.032
Index,2021-03-31,32.169,115.767,82.063,119.4,113.869,82.265,85.344,96.068,117.991,173.915,120.801,98.606,112.229,118.571,129.344,130.324,146.859,112.762,88.839,67.8,134.384,128.557
Index,2021-04-30,30.39,142.85,74.481,115.843,94.487,74.127,83.524,84.5,113.379,155.391,117.161,92.324,112.1,107.634,124.794,103.289,143.511,105.745,86.401,84.481,105.7,120.993
Index,2021-05-31,26.68,163.486,97.368,122.869,94.889,67.166,91.373,82.807,110.838,154.117,115.256,94.143,135.708,105.787,114.055,89.795,118.267,87.931,80.994,114.174,112.249,113.32
Index,2021-06-30,29.485,221.854,106.615,122.539,101.391,65.214,94.434,91.636,118.776,163.405,116.888,99.898,111.158,112.877,128.13,109.341,151.441,102.957,83.845,75.234,136.356,126.782
Index,2021-07-31,27.626,184.822,113.071,131.822,100.678,69.032,91.002,86.155,93.285,152.034,116.345,99.944,118.669,105.947,128.027,99.438,143.108,83.231,87.036,96.353,109.805,120.335
Index,2021-08-31,28.533,182.943,103.026,128.192,91.781,69.691,90.39,87.541,105.349,134.389,121.316,91.832,106.596,105.476,135.694,99.72,120.774,96.119,81.776,86.045,115.726,122.421
Index,2021-09-30,29.164,155.049,118.791,155.677,109.452,74.103,88.444,76.709,110.402,130.0,122.605,94.945,102.723,112.435,133.985,119.528,141.471,97.011,90.014,108.489,125.319,125.167
Index,2021-10-31,35.924,203.729,85.118,141.959,103.927,79.678,84.313,84.297,108.064,155.35,117.189,97.146,100.298,112.685,127.17,103.854,146.463,101.549,103.409,106.436,114.355,124.356
Index,2021-11-30,34.169,197.747,89.444,156.385,106.83,93.207,84.166,84.931,107.648,127.462,121.02,98.903,115.578,109.12,128.302,109.875,127.514,94.567,101.545,116.474,114.908,121.851
Index,2021-12-31,35.978,141.14,92.07,144.651,101.837,94.196,88.223,90.768,112.432,172.151,125.878,114.925,110.117,133.789,130.825,133.558,170.168,99.864,114.544,125.647,136.617,133.715
Index,2022-01-31,10.942,302.51,100.797,151.257,111.597,87.856,86.847,110.315,112.632,111.622,114.721,95.951,127.77,112.523,129.115,102.175,154.035,98.325,86.301,105.211,112.367,122.929
Index,2022-02-28,12.594,147.464,64.312,118.506,82.97,65.792,85.561,98.322,102.607,146.067,100.199,75.962,93.668,97.952,128.693,95.037,102.907,95.001,83.979,69.532,103.344,117.326
Index,2022-03-31,17.448,237.403,66.233,143.86,111.024,84.015,88.678,109.475,118.422,128.121,133.274,102.998,122.846,125.68,140.85,136.767,154.872,103.346,115.036,97.582,129.164,134.248
Index,2022-04-30,18.787,258.432,92.377,177.619,93.843,79.261,86.706,96.456,108.293,144.371,125.02,95.696,102.903,110.616,133.149,108.715,150.609,92.725,104.207,99.398,120.809,127.546
Index,2022-05-31,16.923,252.303,98.461,141.304,106.939,71.798,90.446,97.946,105.72,137.736,129.008,92.212,129.667,110.299,137.537,106.389,127.261,89.443,97.008,80.821,116.201,125.865
Index,2022-06-30,14.203,277.689,97.918,148.381,103.853,73.817,92.187,100.075,104.614,123.154,133.003,99.091,94.156,127.149,131.74,122.61,171.753,100.964,115.995,86.994,159.236,130.957
Index,2022-07-31,18.383,308.094,100.03,151.825,107.554,74.486,101.81,103.361,95.668,112.837,129.986,94.195,93.422,117.433,123.363,115.131,172.435,93.105,106.927,143.403,123.522,122.48
Index,2022-08-31,16.98,278.287,102.296,152.11,104.381,76.984,97.685,106.804,88.585,145.225,123.973,103.988,94.326,120.007,127.037,116.861,131.959,102.179,112.263,114.385,131.34,123.634
Index,2022-09-30,21.332,195.143,103.924,180.398,96.885,81.478,99.117,104.876,98.703,119.865,125.897,97.077,162.282,127.464,126.42,122.386,171.738,111.143,120.814,128.916,128.645,126.6
Index,2022-10-31,16.559,204.577,95.676,149.403,91.629,82.579,96.662,91.608,93.66,107.679,117.374,98.569,89.155,114.779,127.995,112.006,187.285,113.068,106.933,127.938,117.628,123.555
Index,2022-11-30,20.034,189.216,143.128,162.318,103.13,92.031,90.739,88.561,92.073,147.762,119.507,102.382,100.099,115.063,113.635,123.851,138.674,121.937,120.142,131.615,114.149,117.341
Index,2022-12-31,18.642,126.772,119.929,168.332,106.235,97.096,93.729,92.411,97.968,139.17,117.896,99.442,96.52,131.922,130.69,130.715,171.385,124.541,128.253,176.634,115.907,129.027
Index,2023-01-31,5.257,174.626,78.232,123.828,100.19,68.409,95.915,106.499,92.07,155.772,98.924,80.77,92.674,95.417,123.473,87.599,138.456,88.783,88.192,90.574,108.67,119.225
Index,2023-02-28,5.803,125.34,78.031,127.075,105.48,68.793,87.299,100.549,82.31,59.416,98.847,87.833,108.366,99.516,116.115,87.234,112.365,95.038,104.965,88.887,110.633,106.049
Index,2023-03-31,9.158,152.997,78.994,132.06,111.082,76.053,99.728,107.171,98.109,128.916,107.561,102.362,128.256,123.989,131.156,123.549,151.5,114.71,140.824,91.28,147.402,129.17
Index,2023-04-30,7.874,153.531,79.441,117.298,102.23,67.237,91.324,94.441,99.467,124.049,95.033,91.964,118.118,101.219,122.485,94.362,142.936,110.911,116.306,89.213,105.401,118.8
