Units,Timepoint,1.1: Special Drawing Rights,1.2: Reserve Position In The International Monetary Fund,1.3: Gold & Foreign Exchange,1: Total Official Foreign Reserves,2: Total Foreign Reserves
Million Dollars,1973-01-31,0.0,28.3,5038.2,5066.5,
Million Dollars,1973-02-28,0.0,28.3,5104.3,5132.6,
Million Dollars,1973-03-31,0.0,28.3,5228.0,5256.3,
Million Dollars,1973-04-30,0.0,28.3,5360.6,5388.9,
Million Dollars,1973-05-31,0.0,28.3,5532.3,5560.6,
Million Dollars,1973-06-30,0.0,28.3,5682.2,5710.5,
Million Dollars,1973-07-31,0.0,28.3,5752.4,5780.7,
Million Dollars,1973-08-31,0.0,28.3,5759.2,5787.5,
Million Dollars,1973-09-30,0.0,28.3,5735.2,5763.5,
Million Dollars,1973-10-31,0.0,28.3,5743.3,5771.6,
Million Dollars,1973-11-30,0.0,28.3,5751.3,5779.6,
Million Dollars,1973-12-31,0.0,28.3,5771.8,5800.1,
Million Dollars,1974-01-31,0.0,28.3,5814.9,5843.2,
Million Dollars,1974-02-28,0.0,28.3,5856.3,5884.6,
Million Dollars,1974-03-31,0.0,28.3,5938.0,5966.3,
Million Dollars,1974-04-30,0.0,28.3,5989.3,6017.6,
Million Dollars,1974-05-31,0.0,28.3,6009.6,6037.9,
Million Dollars,1974-06-30,0.0,28.3,6091.0,6119.3,
Million Dollars,1974-07-31,0.0,28.3,6125.1,6153.4,
Million Dollars,1974-08-31,0.0,28.3,6199.8,6228.1,
Million Dollars,1974-09-30,0.0,28.3,6323.1,6351.4,
Million Dollars,1974-10-31,0.0,28.3,6336.9,6365.2,
Million Dollars,1974-11-30,0.0,28.3,6395.1,6423.4,
Million Dollars,1974-12-31,0.0,28.3,6474.6,6502.9,
Million Dollars,1975-01-31,0.0,28.3,6591.8,6620.1,
Million Dollars,1975-02-28,0.0,28.3,6735.6,6763.9,
Million Dollars,1975-03-31,0.0,28.3,6824.7,6853.0,
Million Dollars,1975-04-30,0.0,28.3,6937.6,6965.9,
Million Dollars,1975-05-31,0.0,28.3,7044.7,7073.0,
Million Dollars,1975-06-30,0.0,28.3,7223.7,7252.0,
Million Dollars,1975-07-31,0.0,28.3,7291.6,7319.9,
Million Dollars,1975-08-31,0.0,28.3,7305.1,7333.4,
Million Dollars,1975-09-30,0.0,28.3,7347.2,7375.5,
Million Dollars,1975-10-31,0.0,28.3,7379.5,7407.8,
Million Dollars,1975-11-30,0.0,28.3,7407.6,7435.9,
Million Dollars,1975-12-31,0.0,28.3,7457.7,7486.0,
Million Dollars,1976-01-31,0.0,28.3,7557.0,7585.3,
Million Dollars,1976-02-29,0.0,28.3,7685.0,7713.3,
Million Dollars,1976-03-31,0.0,28.3,7741.8,7770.1,
Million Dollars,1976-04-30,0.0,28.3,7835.2,7863.5,
Million Dollars,1976-05-31,0.0,28.3,7892.1,7920.4,
Million Dollars,1976-06-30,0.0,28.3,7950.2,7978.5,
Million Dollars,1976-07-31,0.0,28.3,7955.3,7983.6,
Million Dollars,1976-08-31,0.0,28.3,7987.3,8015.6,
Million Dollars,1976-09-30,0.0,28.3,8067.4,8095.7,
Million Dollars,1976-10-31,0.0,28.3,8184.6,8212.9,
Million Dollars,1976-11-30,0.0,28.3,8205.4,8233.7,
Million Dollars,1976-12-31,0.0,28.3,8233.2,8261.5,
Million Dollars,1977-01-31,0.0,28.3,8328.4,8356.7,
Million Dollars,1977-02-28,0.0,28.3,8391.1,8419.4,
Million Dollars,1977-03-31,0.0,28.3,8514.9,8543.2,
Million Dollars,1977-04-30,0.0,28.3,8575.3,8603.6,
Million Dollars,1977-05-31,0.0,28.3,8708.6,8736.9,
Million Dollars,1977-06-30,0.0,28.3,8722.4,8750.7,
Million Dollars,1977-07-31,0.0,28.3,8771.8,8800.1,
Million Dollars,1977-08-31,0.0,28.3,8758.4,8786.7,
Million Dollars,1977-09-30,0.0,28.3,8819.6,8847.9,
Million Dollars,1977-10-31,0.0,28.3,8929.5,8957.8,
Million Dollars,1977-11-30,0.0,28.3,8942.6,8970.9,
Million Dollars,1977-12-31,0.0,28.3,8994.6,9022.9,
Million Dollars,1978-01-31,0.0,28.3,9139.0,9167.3,
Million Dollars,1978-02-28,0.0,28.3,9208.0,9236.3,
Million Dollars,1978-03-31,0.0,28.3,9411.5,9439.8,
Million Dollars,1978-04-30,0.0,27.4,9990.7,10018.1,
Million Dollars,1978-05-31,0.0,27.4,10123.5,10150.9,
Million Dollars,1978-06-30,0.0,27.4,10231.0,10258.4,
Million Dollars,1978-07-31,0.0,39.1,10412.3,10451.4,
Million Dollars,1978-08-31,0.0,39.1,10520.9,10560.0,
Million Dollars,1978-09-30,0.0,39.1,10555.7,10594.8,
Million Dollars,1978-10-31,0.0,39.1,11070.4,11109.5,
Million Dollars,1978-11-30,0.0,39.1,11289.0,11328.1,
Million Dollars,1978-12-31,0.0,38.3,11435.5,11473.8,
Million Dollars,1979-01-31,14.3,38.3,11448.8,11501.4,
Million Dollars,1979-02-28,14.3,38.3,11708.2,11760.8,
Million Dollars,1979-03-31,14.3,38.3,11810.0,11862.6,
Million Dollars,1979-04-30,14.3,38.3,11823.3,11875.9,
Million Dollars,1979-05-31,23.1,44.1,11875.5,11942.7,
Million Dollars,1979-06-30,23.1,44.1,11894.1,11961.3,
Million Dollars,1979-07-31,23.1,44.2,11943.0,12010.3,
Million Dollars,1979-08-31,23.1,44.2,12013.0,12080.3,
Million Dollars,1979-09-30,28.7,49.8,12112.1,12190.6,
Million Dollars,1979-10-31,28.7,49.8,12259.2,12337.7,
Million Dollars,1979-11-30,34.4,56.9,12308.8,12400.1,
Million Dollars,1979-12-31,34.4,61.8,12466.2,12562.4,
Million Dollars,1980-01-31,48.9,61.8,12667.5,12778.2,
Million Dollars,1980-02-29,50.3,84.4,12786.3,12921.0,
Million Dollars,1980-03-31,50.3,84.4,12756.4,12891.1,
Million Dollars,1980-04-30,51.5,84.4,12779.5,12915.4,
Million Dollars,1980-05-31,53.8,84.4,12900.5,13038.7,
Million Dollars,1980-06-30,66.2,95.6,13050.0,13211.8,
Million Dollars,1980-07-31,66.2,95.6,13095.9,13257.7,
Million Dollars,1980-08-31,73.2,95.6,13296.2,13465.0,
Million Dollars,1980-09-30,73.2,95.6,13445.8,13614.6,
Million Dollars,1980-10-31,73.2,95.6,13462.9,13631.7,
Million Dollars,1980-11-30,73.2,95.6,13520.3,13689.1,
Million Dollars,1980-12-31,42.7,126.1,13588.9,13757.7,
Million Dollars,1981-01-31,60.3,126.1,13613.3,13799.7,
Million Dollars,1981-02-28,60.3,126.1,14070.6,14257.0,
Million Dollars,1981-03-31,60.3,126.1,14095.7,14282.1,
Million Dollars,1981-04-30,62.8,126.1,14270.3,14459.2,
Million Dollars,1981-05-31,68.8,135.6,14203.3,14407.7,
Million Dollars,1981-06-30,73.3,161.0,14120.1,14354.4,
Million Dollars,1981-07-31,73.3,161.0,14141.6,14375.9,
Million Dollars,1981-08-31,73.3,161.0,14225.0,14459.3,
Million Dollars,1981-09-30,73.3,161.0,14234.3,14468.6,
Million Dollars,1981-10-31,73.3,161.0,15025.8,15260.1,
Million Dollars,1981-11-30,75.6,173.0,15120.7,15369.3,
Million Dollars,1981-12-31,75.6,173.0,15242.5,15491.1,
Million Dollars,1982-01-31,85.1,173.0,15582.7,15840.8,
Million Dollars,1982-02-28,106.6,171.7,15579.7,15858.0,
Million Dollars,1982-03-31,106.6,176.5,15428.3,15711.4,
Million Dollars,1982-04-30,114.5,176.5,15543.3,15834.3,
Million Dollars,1982-05-31,127.5,174.3,15646.7,15948.5,
Million Dollars,1982-06-30,127.5,181.4,15909.3,16218.2,
Million Dollars,1982-07-31,127.5,179.6,16145.0,16452.1,
Million Dollars,1982-08-31,127.5,183.1,16216.9,16527.5,
Million Dollars,1982-09-30,127.5,183.1,16476.4,16787.0,
Million Dollars,1982-10-31,127.5,183.1,16917.6,17228.2,
Million Dollars,1982-11-30,127.5,183.1,17403.6,17714.2,
Million Dollars,1982-12-31,127.5,183.1,17607.3,17917.9,
Million Dollars,1983-01-31,127.5,183.1,17644.3,17954.9,
Million Dollars,1983-02-28,127.5,183.1,17986.1,18296.7,
Million Dollars,1983-03-31,127.5,188.7,18159.3,18475.5,
Million Dollars,1983-04-30,135.0,188.7,18069.6,18393.3,
Million Dollars,1983-05-31,146.3,186.6,18222.1,18555.0,
Million Dollars,1983-06-30,146.3,186.6,18554.1,18887.0,
Million Dollars,1983-07-31,146.3,184.9,18493.1,18824.3,
Million Dollars,1983-08-31,146.3,184.9,18644.7,18975.9,
Million Dollars,1983-09-30,146.3,184.9,19063.4,19394.6,
Million Dollars,1983-10-31,146.3,184.9,19258.8,19590.0,
Million Dollars,1983-11-30,150.9,184.9,19376.8,19712.6,
Million Dollars,1983-12-31,150.9,184.9,19419.5,19755.3,
Million Dollars,1984-01-31,150.9,184.9,19579.4,19915.2,
Million Dollars,1984-02-29,155.5,184.9,19743.2,20083.6,
Million Dollars,1984-03-31,155.5,184.9,19901.6,20242.0,
Million Dollars,1984-04-30,140.1,184.9,19993.5,20318.5,
Million Dollars,1984-05-31,149.0,184.9,20201.1,20535.0,
Million Dollars,1984-06-30,138.0,184.1,20508.2,20830.3,
Million Dollars,1984-07-31,138.0,184.1,21272.5,21594.6,
Million Dollars,1984-08-31,142.6,184.1,21973.8,22300.5,
Million Dollars,1984-09-30,142.6,184.1,22010.0,22336.7,
Million Dollars,1984-10-31,142.6,182.3,22091.7,22416.6,
Million Dollars,1984-11-30,147.3,190.9,22329.1,22667.3,
Million Dollars,1984-12-31,147.3,186.2,22434.5,22768.0,
Million Dollars,1985-01-31,147.3,186.2,22914.3,23247.8,
Million Dollars,1985-02-28,151.4,186.2,23081.8,23419.4,
Million Dollars,1985-03-31,151.4,184.8,23496.5,23832.7,
Million Dollars,1985-04-30,151.4,187.0,24058.4,24396.8,
Million Dollars,1985-05-31,155.8,191.3,24141.2,24488.3,
Million Dollars,1985-06-30,155.8,191.3,24336.8,24683.9,
Million Dollars,1985-07-31,155.8,207.2,24358.5,24721.5,
Million Dollars,1985-08-31,160.3,202.1,24794.8,25157.2,
Million Dollars,1985-09-30,160.3,202.1,24717.1,25079.5,
Million Dollars,1985-10-31,160.3,202.1,25515.7,25878.1,
Million Dollars,1985-11-30,164.9,206.7,26144.9,26516.5,
Million Dollars,1985-12-31,164.9,212.2,26693.8,27070.9,
Million Dollars,1986-01-31,164.9,211.7,27000.8,27377.4,
Million Dollars,1986-02-28,170.0,211.7,27106.9,27488.6,
Million Dollars,1986-03-31,170.0,218.1,27090.9,27479.0,
Million Dollars,1986-04-30,169.1,209.9,27241.1,27620.1,
Million Dollars,1986-05-31,181.1,223.5,27497.2,27901.8,
Million Dollars,1986-06-30,182.6,225.2,27550.3,27958.1,
Million Dollars,1986-07-31,182.0,224.4,27518.2,27924.6,
Million Dollars,1986-08-31,188.0,225.6,27447.4,27861.0,
Million Dollars,1986-09-30,188.0,225.6,27462.0,27875.6,
Million Dollars,1986-10-31,188.0,225.6,27551.9,27965.5,
Million Dollars,1986-11-30,192.8,226.0,27626.0,28044.8,
Million Dollars,1986-12-31,195.4,228.8,27733.3,28157.5,
Million Dollars,1987-01-31,195.4,228.8,27667.5,28091.7,
Million Dollars,1987-02-28,205.1,233.9,27638.4,28077.4,
Million Dollars,1987-03-31,205.1,234.0,27864.6,28303.7,
Million Dollars,1987-04-30,209.7,238.9,27937.9,28386.5,
Million Dollars,1987-05-31,214.2,240.6,28606.6,29061.4,
Million Dollars,1987-06-30,211.5,237.7,28387.5,28836.7,
Million Dollars,1987-07-31,207.7,233.8,28631.3,29072.8,
Million Dollars,1987-08-31,208.9,230.1,29059.1,29498.1,
Million Dollars,1987-09-30,208.9,230.1,29169.8,29608.8,
Million Dollars,1987-10-31,209.0,230.1,29244.2,29683.3,
Million Dollars,1987-11-30,214.2,230.1,29620.2,30064.5,
Million Dollars,1987-12-31,224.5,240.5,29976.7,30441.7,
Million Dollars,1988-01-31,224.5,240.5,30588.2,31053.2,
Million Dollars,1988-02-29,227.0,238.0,31103.0,31568.0,
Million Dollars,1988-03-31,229.7,240.5,31027.5,31497.7,
Million Dollars,1988-04-30,229.7,240.5,31373.3,31843.5,
Million Dollars,1988-05-31,233.8,239.8,31592.9,32066.5,
Million Dollars,1988-06-30,229.2,235.6,31507.0,31971.8,
Million Dollars,1988-07-31,229.2,235.7,31466.5,31931.4,
Million Dollars,1988-08-31,227.7,229.3,31665.7,32122.7,
Million Dollars,1988-09-30,227.7,229.3,31598.6,32055.6,
Million Dollars,1988-10-31,227.7,229.3,32084.2,32541.2,
Million Dollars,1988-11-30,236.7,232.0,32475.6,32944.3,
Million Dollars,1988-12-31,232.7,228.3,32815.6,33276.6,
Million Dollars,1989-01-31,206.6,203.6,33216.2,33626.4,
Million Dollars,1989-02-28,212.8,203.6,33622.6,34039.0,
Million Dollars,1989-03-31,212.8,203.6,33720.3,34136.7,
Million Dollars,1989-04-30,205.4,189.1,34248.1,34642.6,
Million Dollars,1989-05-31,204.1,181.9,34688.3,35074.3,
Million Dollars,1989-06-30,203.2,201.3,35230.0,35634.5,
Million Dollars,1989-07-31,203.2,201.3,35860.2,36264.7,
Million Dollars,1989-08-31,187.5,203.5,36701.6,37092.6,
Million Dollars,1989-09-30,188.3,194.5,36982.3,37365.1,
Million Dollars,1989-10-31,188.3,194.5,37646.8,38029.6,
Million Dollars,1989-11-30,199.2,208.2,38172.4,38579.8,
Million Dollars,1989-12-31,197.4,199.1,38194.3,38590.8,
Million Dollars,1990-01-31,197.4,199.1,39350.0,39746.5,
Million Dollars,1990-02-28,204.6,199.1,40382.8,40786.5,
Million Dollars,1990-03-31,201.4,194.3,40302.9,40698.6,
Million Dollars,1990-04-30,201.2,194.2,40951.2,41346.6,
Million Dollars,1990-05-31,208.4,194.2,41196.4,41599.0,
Million Dollars,1990-06-30,208.4,194.2,42697.5,43100.1,
Million Dollars,1990-07-31,209.4,186.3,44677.5,45073.2,
Million Dollars,1990-08-31,192.3,186.3,45879.2,46257.8,
Million Dollars,1990-09-30,192.3,186.3,46416.3,46794.9,
Million Dollars,1990-10-31,193.1,179.8,47263.0,47635.9,
Million Dollars,1990-11-30,200.9,179.8,47647.6,48028.3,
Million Dollars,1990-12-31,200.9,169.9,48107.9,48478.7,
Million Dollars,1991-01-31,202.2,171.1,48331.6,48704.9,
Million Dollars,1991-02-28,208.7,169.7,48147.5,48525.9,
Million Dollars,1991-03-31,208.7,169.7,48597.4,48975.8,
Million Dollars,1991-04-30,199.5,153.5,49744.4,50097.4,
Million Dollars,1991-05-31,205.1,153.6,50186.7,50545.4,
Million Dollars,1991-06-30,205.1,153.6,50894.3,51253.0,
Million Dollars,1991-07-31,201.7,145.8,51719.5,52067.0,
Million Dollars,1991-08-31,184.5,145.9,52576.5,52906.9,
Million Dollars,1991-09-30,184.5,145.9,53419.9,53750.3,
Million Dollars,1991-10-31,182.0,138.2,54105.1,54425.3,
Million Dollars,1991-11-30,187.1,138.2,54504.1,54829.4,
Million Dollars,1991-12-31,189.6,140.0,55417.3,55746.9,
Million Dollars,1992-01-31,189.6,135.6,56840.6,57165.8,
Million Dollars,1992-02-29,189.5,131.0,57605.2,57925.7,
Million Dollars,1992-03-31,187.9,126.2,57201.5,57515.6,
Million Dollars,1992-04-30,188.5,126.1,58954.4,59269.0,
Million Dollars,1992-05-31,192.9,125.8,60101.1,60419.8,
Million Dollars,1992-06-30,196.7,128.2,60884.4,61209.3,
Million Dollars,1992-07-31,196.7,122.5,61709.7,62028.9,
Million Dollars,1992-08-31,205.9,124.8,62659.5,62990.2,
Million Dollars,1992-09-30,205.9,125.9,63223.5,63555.3,
Million Dollars,1992-10-31,205.9,125.9,63767.8,64099.6,
Million Dollars,1992-11-30,202.0,115.7,64249.0,64566.7,
Million Dollars,1992-12-31,112.2,257.4,65329.8,65699.4,
Million Dollars,1993-01-31,112.2,257.4,66651.7,67021.3,
Million Dollars,1993-02-28,115.9,257.4,67932.5,68305.8,
Million Dollars,1993-03-31,115.4,248.8,67594.7,67958.9,
Million Dollars,1993-04-30,117.4,253.2,68775.8,69146.4,
Million Dollars,1993-05-31,120.3,270.6,69938.4,70329.3,
Million Dollars,1993-06-30,120.5,327.8,70398.9,70847.2,
Million Dollars,1993-07-31,118.6,338.4,71294.8,71751.8,
Million Dollars,1993-08-31,123.9,333.6,72635.1,73092.6,
Million Dollars,1993-09-30,123.9,333.6,73652.6,74110.1,
Million Dollars,1993-10-31,121.0,325.9,75155.1,75602.0,
Million Dollars,1993-11-30,126.2,349.0,75735.6,76210.8,
Million Dollars,1993-12-31,126.2,349.0,77379.4,77854.6,
Million Dollars,1994-01-31,125.2,336.6,78700.2,79162.0,
Million Dollars,1994-02-28,128.8,354.2,79299.0,79782.0,
Million Dollars,1994-03-31,129.8,350.6,79125.1,79605.5,
Million Dollars,1994-04-30,129.4,342.0,79810.9,80282.3,
Million Dollars,1994-05-31,44.3,393.3,80022.2,80459.8,
Million Dollars,1994-06-30,44.0,380.3,80350.1,80774.4,
Million Dollars,1994-07-31,44.0,380.3,80717.1,81141.4,
Million Dollars,1994-08-31,48.7,380.3,82367.5,82796.5,
Million Dollars,1994-09-30,48.7,380.3,83560.3,83989.3,
Million Dollars,1994-10-31,48.7,380.3,83891.7,84320.7,
Million Dollars,1994-11-30,52.1,372.7,84169.3,84594.1,
Million Dollars,1994-12-31,52.1,372.7,84732.0,85156.8,
Million Dollars,1995-01-31,52.1,372.7,84937.0,85361.8,
Million Dollars,1995-02-28,56.1,384.3,84852.4,85292.8,
Million Dollars,1995-03-31,56.1,384.3,86701.3,87141.7,
Million Dollars,1995-04-30,56.6,431.8,89418.5,89906.9,
Million Dollars,1995-05-31,62.7,430.7,91050.7,91544.1,
Million Dollars,1995-06-30,62.7,430.7,92363.4,92856.8,
Million Dollars,1995-07-31,62.7,430.7,93541.0,94034.4,
Million Dollars,1995-08-31,65.9,424.4,94263.9,94754.2,
Million Dollars,1995-09-30,65.9,424.4,94628.9,95119.2,
Million Dollars,1995-10-31,65.9,424.4,95623.4,96113.7,
Million Dollars,1995-11-30,70.2,424.5,96364.7,96859.4,
Million Dollars,1995-12-31,70.2,424.5,96836.1,97330.8,
Million Dollars,1996-01-31,70.2,424.5,98177.5,98672.2,
Million Dollars,1996-02-29,73.1,424.0,99268.8,99765.9,
Million Dollars,1996-03-31,73.1,424.0,98621.2,99118.3,
Million Dollars,1996-04-30,71.9,416.9,100105.7,100594.5,
Million Dollars,1996-05-31,77.2,415.7,100697.6,101190.5,
Million Dollars,1996-06-30,77.2,415.7,101448.6,101941.5,
Million Dollars,1996-07-31,78.1,424.0,102385.9,102888.0,
Million Dollars,1996-08-31,83.2,424.0,103749.0,104256.2,
Million Dollars,1996-09-30,82.1,417.0,104164.1,104663.2,
Million Dollars,1996-10-31,82.1,417.0,105310.7,105809.8,
Million Dollars,1996-11-30,86.5,417.0,105764.6,106268.1,
Million Dollars,1996-12-31,86.5,417.1,107235.5,107739.1,
Million Dollars,1997-01-31,83.4,402.1,108554.1,109039.6,
Million Dollars,1997-02-28,87.4,390.4,109704.2,110182.0,
Million Dollars,1997-03-31,87.4,390.4,113346.8,113824.6,
Million Dollars,1997-04-30,87.4,390.4,113808.5,114286.3,
Million Dollars,1997-05-31,94.2,395.8,114678.6,115168.6,
Million Dollars,1997-06-30,94.2,388.0,115024.4,115506.6,
Million Dollars,1997-07-31,93.8,377.6,116473.6,116945.0,
Million Dollars,1997-08-31,99.1,377.6,117092.1,117568.8,
Million Dollars,1997-09-30,99.1,377.6,117928.8,118405.5,
Million Dollars,1997-10-31,104.6,396.7,117965.0,118466.3,
Million Dollars,1997-11-30,109.4,396.7,118104.4,118610.5,
Million Dollars,1997-12-31,113.7,540.7,118938.8,119593.2,
Million Dollars,1998-01-31,113.7,540.7,119124.8,119779.2,
Million Dollars,1998-02-28,119.4,540.7,119216.5,119876.6,
Million Dollars,1998-03-31,119.4,540.7,119272.5,119932.6,
Million Dollars,1998-04-30,119.4,540.7,120074.1,120734.2,
Million Dollars,1998-05-31,124.8,530.6,120035.2,120690.6,
Million Dollars,1998-06-30,124.8,530.6,120486.9,121142.3,
Million Dollars,1998-07-31,124.8,530.7,118857.1,119512.6,
Million Dollars,1998-08-31,144.6,578.7,120539.2,121262.5,
Million Dollars,1998-09-30,145.0,580.6,121282.0,122007.6,
Million Dollars,1998-10-31,141.7,567.5,122600.6,123309.8,
Million Dollars,1998-11-30,146.6,556.2,123354.7,124057.5,
Million Dollars,1998-12-31,146.6,602.6,123823.4,124572.6,
Million Dollars,1999-01-31,152.4,571.1,124500.4,125223.9,
Million Dollars,1999-02-28,158.8,712.7,123720.2,124591.7,
Million Dollars,1999-03-31,183.6,763.0,123211.1,124157.7,
Million Dollars,1999-04-30,183.6,764.6,125940.1,126888.3,
Million Dollars,1999-05-31,188.8,748.5,125741.7,126679.0,
Million Dollars,1999-06-30,188.8,748.6,124756.0,125693.4,
Million Dollars,1999-07-31,186.5,746.1,125898.2,126830.8,
Million Dollars,1999-08-31,195.5,759.8,126856.4,127811.7,
Million Dollars,1999-09-30,195.5,759.8,128492.7,129448.0,
Million Dollars,1999-10-31,198.6,771.9,124661.2,125631.7,
Million Dollars,1999-11-30,205.4,728.3,124293.8,125227.5,
Million Dollars,1999-12-31,204.3,694.8,127344.2,128243.3,
Million Dollars,2000-01-31,204.3,694.8,128680.8,129579.9,
Million Dollars,2000-02-29,212.3,694.9,127701.6,128608.8,
Million Dollars,2000-03-31,212.3,694.9,127037.8,127945.0,
Million Dollars,2000-04-30,212.3,639.7,127757.4,128609.4,
Million Dollars,2000-05-31,218.6,594.5,130985.7,131798.8,
Million Dollars,2000-06-30,218.6,594.7,133344.6,134157.9,
Million Dollars,2000-07-31,218.6,594.7,131543.6,132356.9,
Million Dollars,2000-08-31,226.7,543.9,132329.5,133100.1,
Million Dollars,2000-09-30,228.4,544.6,134855.9,135628.9,
Million Dollars,2000-10-31,228.4,544.7,135572.3,136345.4,
Million Dollars,2000-11-30,237.0,535.0,135841.1,136613.1,
Million Dollars,2000-12-31,237.0,535.0,138155.0,138927.0,
Million Dollars,2001-01-31,237.0,551.5,138972.9,139761.4,
Million Dollars,2001-02-28,247.6,585.3,139053.8,139886.7,
Million Dollars,2001-03-31,246.0,548.2,139211.9,140006.1,
Million Dollars,2001-04-30,242.5,578.6,139080.1,139901.2,
Million Dollars,2001-05-31,259.0,595.9,136702.5,137557.4,
Million Dollars,2001-06-30,259.0,595.9,134830.6,135685.5,
Million Dollars,2001-07-31,259.5,647.4,132211.7,133118.6,
Million Dollars,2001-08-31,261.9,607.9,131548.8,132418.6,
Million Dollars,2001-09-30,261.9,607.9,132221.8,133091.6,
Million Dollars,2001-10-31,261.9,607.9,137546.2,138416.0,
Million Dollars,2001-11-30,279.6,582.9,139361.6,140224.1,
Million Dollars,2001-12-31,278.1,692.0,138744.2,139714.3,
Million Dollars,2002-01-31,278.1,693.1,137069.6,138040.8,
Million Dollars,2002-02-28,282.9,693.1,136345.6,137321.6,
Million Dollars,2002-03-31,278.5,680.4,138822.0,139780.9,
Million Dollars,2002-04-30,278.5,680.5,137439.7,138398.7,
Million Dollars,2002-05-31,286.6,648.4,138536.7,139471.7,
Million Dollars,2002-06-30,286.6,757.3,140784.0,141827.9,
Million Dollars,2002-07-31,289.8,758.9,140342.5,141391.2,
Million Dollars,2002-08-31,298.3,761.1,140368.8,141428.2,
Million Dollars,2002-09-30,296.1,820.1,142148.7,143264.9,
Million Dollars,2002-10-31,296.1,820.1,142368.5,143484.7,
Million Dollars,2002-11-30,305.8,825.0,140513.1,141643.9,
Million Dollars,2002-12-31,305.8,825.0,141490.3,142621.1,
Million Dollars,2003-01-31,308.3,802.4,144384.8,145495.5,
Million Dollars,2003-02-28,313.4,802.4,144141.8,145257.6,
Million Dollars,2003-03-31,317.8,879.8,146308.2,147505.8,
Million Dollars,2003-04-30,324.0,895.5,146698.8,147918.3,
Million Dollars,2003-05-31,331.3,882.5,147400.9,148614.7,
Million Dollars,2003-06-30,331.7,997.0,151214.0,152542.7,
Million Dollars,2003-07-31,331.7,997.0,151737.9,153066.6,
Million Dollars,2003-08-31,337.7,964.6,152534.0,153836.3,
Million Dollars,2003-09-30,337.8,911.7,156005.3,157254.8,
Million Dollars,2003-10-31,339.7,1063.9,159554.6,160958.2,
Million Dollars,2003-11-30,344.8,1036.2,160381.3,161762.3,
Million Dollars,2003-12-31,352.1,956.2,161745.2,163053.5,
Million Dollars,2004-01-31,353.6,882.4,165233.8,166469.8,
Million Dollars,2004-02-29,356.0,896.7,170668.7,171921.4,
Million Dollars,2004-03-31,452.9,769.5,170619.8,171842.2,
Million Dollars,2004-04-30,447.0,707.2,167311.2,168465.4,
Million Dollars,2004-05-31,455.1,705.8,170507.3,171668.2,
Million Dollars,2004-06-30,455.1,705.8,173667.7,174828.6,
Million Dollars,2004-07-31,455.1,705.8,171255.1,172416.0,
Million Dollars,2004-08-31,467.4,736.2,172010.4,173214.0,
Million Dollars,2004-09-30,461.5,721.1,171312.3,172494.9,
Million Dollars,2004-10-31,464.6,721.1,174449.3,175635.0,
Million Dollars,2004-11-30,474.1,726.8,178214.5,179415.4,
Million Dollars,2004-12-31,474.8,712.4,182276.8,183464.0,
Million Dollars,2005-01-31,469.2,704.1,181558.4,182731.7,
Million Dollars,2005-02-28,476.1,686.5,183060.3,184222.9,
Million Dollars,2005-03-31,476.6,660.3,185208.7,186345.6,
Million Dollars,2005-04-30,478.9,624.1,188906.0,190009.0,
Million Dollars,2005-05-31,484.1,622.9,191869.0,192976.0,
Million Dollars,2005-06-30,475.0,556.0,193804.3,194835.3,
Million Dollars,2005-07-31,475.0,556.2,191518.6,192549.8,
Million Dollars,2005-08-31,482.5,556.2,195096.6,196135.3,
Million Dollars,2005-09-30,482.4,507.5,194311.1,195301.0,
Million Dollars,2005-10-31,482.4,507.6,194908.6,195898.6,
Million Dollars,2005-11-30,488.2,486.9,193042.6,194017.7,
Million Dollars,2005-12-31,477.2,291.2,192044.6,192813.0,
Million Dollars,2006-01-31,477.2,291.2,192657.5,193425.9,
Million Dollars,2006-02-28,475.5,251.9,192659.1,193386.5,
Million Dollars,2006-03-31,471.2,228.3,195884.7,196584.2,
Million Dollars,2006-04-30,470.0,226.0,199709.0,200405.0,
Million Dollars,2006-05-31,475.9,226.4,200668.0,201370.3,
Million Dollars,2006-06-30,479.5,236.1,201673.9,202389.5,
Million Dollars,2006-07-31,479.5,236.3,202916.6,203632.4,
Million Dollars,2006-08-31,486.8,236.8,203714.0,204437.6,
Million Dollars,2006-09-30,486.8,239.3,204369.7,205095.8,
Million Dollars,2006-10-31,484.0,210.1,204966.1,205660.2,
Million Dollars,2006-11-30,487.5,200.1,207592.6,208280.2,
Million Dollars,2006-12-31,487.5,200.1,208304.2,208991.8,
Million Dollars,2007-01-31,482.7,173.8,206107.8,206764.3,
Million Dollars,2007-02-28,489.0,173.8,208728.4,209391.2,
Million Dollars,2007-03-31,488.2,185.8,208202.1,208876.1,
Million Dollars,2007-04-30,493.1,152.4,212166.1,212811.6,
Million Dollars,2007-05-31,499.8,152.6,215165.5,215817.9,
Million Dollars,2007-06-30,500.4,137.9,219865.6,220503.9,
Million Dollars,2007-07-31,500.4,138.6,222016.3,222655.3,
Million Dollars,2007-08-31,509.3,135.3,224526.8,225171.4,
Million Dollars,2007-09-30,509.3,135.4,225645.3,226290.0,
Million Dollars,2007-10-31,509.3,135.5,228485.7,229130.5,
Million Dollars,2007-11-30,503.9,128.5,231730.4,232362.8,
Million Dollars,2007-12-31,503.9,128.6,233913.1,234545.6,
Million Dollars,2008-01-31,501.6,128.7,236814.8,237445.1,
Million Dollars,2008-02-29,506.6,124.5,238727.9,239359.0,
Million Dollars,2008-03-31,508.2,125.0,244271.2,244904.4,
Million Dollars,2008-04-30,505.5,140.2,238056.1,238701.8,
Million Dollars,2008-05-31,502.2,162.7,239029.7,239694.6,
Million Dollars,2008-06-30,500.5,145.3,239771.7,240417.5,
Million Dollars,2008-07-31,500.0,145.3,238631.6,239276.9,
Million Dollars,2008-08-31,505.7,137.8,240635.4,241278.9,
Million Dollars,2008-09-30,505.7,139.2,241585.2,242230.1,
Million Dollars,2008-10-31,505.7,139.3,239950.9,240595.9,
Million Dollars,2008-11-30,544.1,255.6,249868.5,250668.2,
Million Dollars,2008-12-31,544.1,255.8,249546.1,250346.0,
Million Dollars,2009-01-31,545.1,251.7,251770.6,252567.4,
Million Dollars,2009-02-28,546.8,251.9,251977.7,252776.4,
Million Dollars,2009-03-31,547.5,252.3,252321.7,253121.5,
Million Dollars,2009-04-30,533.8,312.4,250605.9,251452.1,
Million Dollars,2009-05-31,534.8,312.5,247430.9,248278.2,
Million Dollars,2009-06-30,534.8,313.9,249997.4,250846.1,
Million Dollars,2009-07-31,543.1,375.0,249651.4,250569.5,
Million Dollars,2009-08-31,2006.0,375.1,251608.6,253989.7,
Million Dollars,2009-09-30,2204.7,375.2,253607.4,256187.3,
Million Dollars,2009-10-31,2204.7,375.2,255487.0,258066.9,
Million Dollars,2009-11-30,2205.3,375.3,258916.4,261497.0,
Million Dollars,2009-12-31,2205.3,375.5,261374.6,263955.4,
Million Dollars,2010-01-31,2205.3,375.4,264011.7,266592.4,
Million Dollars,2010-02-28,2205.8,376.7,261846.2,264428.7,
Million Dollars,2010-03-31,2088.5,356.7,273304.0,275749.2,
Million Dollars,2010-04-30,2027.4,346.4,276470.3,278844.1,
Million Dollars,2010-05-31,2033.2,347.4,275376.9,277757.5,
Million Dollars,2010-06-30,2032.7,347.3,277448.6,279828.6,
Million Dollars,2010-07-31,2029.0,347.4,279064.7,281441.1,
Million Dollars,2010-08-31,2028.3,343.4,277178.8,279550.5,
Million Dollars,2010-09-30,2032.9,344.2,279781.6,282158.7,
Million Dollars,2010-10-31,2024.0,342.8,283963.5,286330.3,
Million Dollars,2010-11-30,1996.2,338.0,285346.5,287680.7,
Million Dollars,2010-12-31,1969.8,421.0,286563.3,288954.1,
Million Dollars,2011-01-31,1993.0,502.4,287962.2,290457.6,
Million Dollars,2011-02-28,1988.2,501.0,290800.7,293289.9,
Million Dollars,2011-03-31,1712.1,782.3,292738.9,295233.3,
Million Dollars,2011-04-30,1703.2,716.6,294036.2,296456.0,
Million Dollars,2011-05-31,1690.0,825.1,293706.7,296221.8,
Million Dollars,2011-06-30,1684.7,822.6,294937.4,297444.7,
Million Dollars,2011-07-31,1648.8,864.3,297338.5,299851.6,
Million Dollars,2011-08-31,1681.3,870.3,296952.0,299503.6,
Million Dollars,2011-09-30,1761.0,1025.8,302497.8,305284.6,
Million Dollars,2011-10-31,1719.5,1001.7,304486.6,307207.8,
Million Dollars,2011-11-30,1744.4,1015.6,306062.1,308822.1,
Million Dollars,2011-12-31,1732.9,1080.8,305589.5,308403.2,
Million Dollars,2012-01-31,1688.8,1055.8,305507.9,308252.5,
Million Dollars,2012-02-29,1684.8,1054.3,305239.1,307978.2,
Million Dollars,2012-03-31,1690.5,1078.3,303463.2,306232.0,
Million Dollars,2012-04-30,1665.2,1123.6,301695.0,304483.8,
Million Dollars,2012-05-31,1689.2,1139.6,303558.2,306387.0,
Million Dollars,2012-06-30,1678.2,1132.8,305483.5,308294.5,
Million Dollars,2012-07-31,1631.0,1101.0,300965.4,303697.4,
Million Dollars,2012-08-31,1655.3,1132.3,304286.6,307074.2,
Million Dollars,2012-09-30,1641.2,1122.7,306370.9,309134.8,
Million Dollars,2012-10-31,1640.7,1115.6,307405.5,310161.8,
Million Dollars,2012-11-30,1636.5,1112.6,309385.7,312134.8,
Million Dollars,2012-12-31,1641.1,1115.8,313987.3,316744.2,
Million Dollars,2013-01-31,1664.9,1174.4,317667.0,320506.3,
Million Dollars,2013-02-28,1636.5,1150.8,317945.5,320732.8,
Million Dollars,2013-03-31,1621.8,1140.6,317462.5,320224.9,
Million Dollars,2013-04-30,1622.2,1137.2,319523.2,322282.6,
Million Dollars,2013-05-31,1652.6,1159.7,324032.8,326845.1,
Million Dollars,2013-06-30,1665.2,1205.2,326763.3,329633.7,
Million Dollars,2013-07-31,1682.9,1226.0,329719.2,332628.1,
Million Dollars,2013-08-31,1689.4,1230.4,331506.8,334426.6,
Million Dollars,2013-09-30,1680.7,1261.2,333412.6,336354.5,
Million Dollars,2013-10-31,1665.6,1245.7,334065.2,336976.5,
Million Dollars,2013-11-30,1680.8,1293.1,337905.1,340879.0,
Million Dollars,2013-12-31,1697.7,1296.7,341734.8,344729.2,
Million Dollars,2014-01-31,1712.5,1306.1,344125.8,347144.4,
Million Dollars,2014-02-28,1712.1,1307.9,344076.9,347096.9,
Million Dollars,2014-03-31,1697.9,1282.6,340272.1,343252.6,
Million Dollars,2014-04-30,1699.2,1303.5,342504.6,345507.3,
Million Dollars,2014-05-31,1687.3,1249.3,343232.1,346168.7,
Million Dollars,2014-06-30,1683.7,1268.6,343541.8,346494.1,
Million Dollars,2014-07-31,1669.6,1264.3,338547.9,341481.8,
Million Dollars,2014-08-31,1655.8,1236.0,338151.1,341042.9,
Million Dollars,2014-09-30,1652.3,1222.2,336636.2,339510.7,
Million Dollars,2014-10-31,1660.7,1235.6,336979.5,339875.8,
Million Dollars,2014-11-30,1668.1,1234.7,336735.0,339637.8,
Million Dollars,2014-12-31,1677.9,1084.1,337676.1,340438.1,
Million Dollars,2015-01-31,1667.2,1074.5,337614.1,340355.8,
Million Dollars,2015-02-28,1672.9,1022.4,338238.7,340934.0,
Million Dollars,2015-03-31,1654.1,826.8,338278.1,340759.0,
Million Dollars,2015-04-30,1628.4,823.7,331268.1,333720.2,
Million Dollars,2015-05-31,1639.3,828.3,334962.5,337430.1,
Million Dollars,2015-06-30,1655.5,819.1,338589.8,341064.4,
Million Dollars,2015-07-31,1668.3,810.8,339808.0,342287.1,
Million Dollars,2015-08-31,1730.7,855.0,350571.6,353157.3,
Million Dollars,2015-09-30,1750.6,878.0,355219.0,357847.6,
Million Dollars,2015-10-31,1710.2,846.6,347230.5,349787.3,
Million Dollars,2015-11-30,1691.4,837.2,345840.0,348368.6,
Million Dollars,2015-12-31,1717.7,852.6,348420.5,350990.8,
Million Dollars,2016-01-31,1719.5,853.5,346285.2,348858.2,
Million Dollars,2016-02-29,1446.3,1464.2,340304.6,343215.1,
Million Dollars,2016-03-31,1412.3,1419.5,328694.3,331526.1,
Million Dollars,2016-04-30,1420.6,1438.2,333645.1,336503.9,
Million Dollars,2016-05-31,1436.4,1443.6,337344.4,340224.4,
Million Dollars,2016-06-30,1398.8,1398.5,332078.6,334875.9,
Million Dollars,2016-07-31,1398.1,1397.9,334908.5,337704.5,
Million Dollars,2016-08-31,1413.7,1408.7,341053.4,343875.8,
Million Dollars,2016-09-30,1420.1,1419.7,342693.2,345533.0,
Million Dollars,2016-10-31,1424.4,1420.3,347323.5,350168.2,
Million Dollars,2016-11-30,1441.7,1437.3,352384.8,355263.8,
Million Dollars,2016-12-31,1446.4,1441.7,353365.8,356253.9,
Million Dollars,2017-01-31,1430.1,1425.5,353143.8,355999.4,
Million Dollars,2017-02-28,1412.1,1311.8,351516.5,354240.4,
Million Dollars,2017-03-31,1413.8,1306.7,360081.9,362802.4,
Million Dollars,2017-04-30,1425.2,1317.3,361661.1,364403.6,
Million Dollars,2017-05-31,1429.9,1320.5,363182.7,365933.1,
Million Dollars,2017-06-30,1427.8,1314.2,363892.0,366634.0,
Million Dollars,2017-07-31,1427.1,1299.2,363337.1,366063.4,
Million Dollars,2017-08-31,1434.7,1281.4,368191.2,370907.3,
Million Dollars,2017-09-30,1433.0,1280.0,371282.6,373995.6,
Million Dollars,2017-10-31,1429.2,1274.4,373361.8,376065.4,
Million Dollars,2017-11-30,1429.7,1254.9,373912.3,376596.9,
Million Dollars,2017-12-31,1423.3,1083.3,371487.4,373994.0,
Million Dollars,2018-01-31,1425.8,1081.5,367085.6,369592.9,
Million Dollars,2018-02-28,1430.6,1083.5,371629.6,374143.7,
Million Dollars,2018-03-31,1425.7,1078.5,374025.1,376529.3,
Million Dollars,2018-04-30,1425.1,1076.9,378471.3,380973.3,
Million Dollars,2018-05-31,1420.4,1071.9,382651.2,385143.5,
Million Dollars,2018-06-30,1439.5,1279.4,390039.2,392758.1,
Million Dollars,2018-07-31,1432.0,1259.9,390997.1,393689.0,
Million Dollars,2018-08-31,1441.1,1273.3,393882.5,396596.9,
Million Dollars,2018-09-30,1433.2,1266.4,395361.8,398061.4,
Million Dollars,2018-10-31,1437.3,1342.5,399184.7,401964.5,
Million Dollars,2018-11-30,1426.3,1330.9,394452.4,397209.6,
Million Dollars,2018-12-31,1434.2,1447.1,389214.5,392095.8,
Million Dollars,2019-01-31,1424.8,1426.7,392182.2,395033.7,
Million Dollars,2019-02-28,1431.2,1429.2,392359.5,395219.9,
Million Dollars,2019-03-31,1426.1,1424.2,397846.0,400696.3,
Million Dollars,2019-04-30,1431.2,1571.9,401016.2,404019.3,
Million Dollars,2019-05-31,1443.2,1580.6,362332.0,365355.8,
Million Dollars,2019-06-30,1431.7,1568.1,367558.1,370557.9,
Million Dollars,2019-07-31,1432.5,1685.1,370050.0,373167.6,
Million Dollars,2019-08-31,1447.6,1697.8,374679.8,377825.2,
Million Dollars,2019-09-30,1438.1,1650.2,373387.3,376475.6,
Million Dollars,2019-10-31,1432.9,1644.3,373629.1,376706.3,
Million Dollars,2019-11-30,1437.2,1644.9,374344.6,377426.7,
Million Dollars,2019-12-31,1426.1,1632.4,372724.0,375782.5,
Million Dollars,2020-01-31,1440.6,1649.1,377222.3,380312.0,
Million Dollars,2020-02-29,1469.5,1673.2,391831.1,394973.8,
Million Dollars,2020-03-31,1492.8,1672.6,394313.1,397478.5,
Million Dollars,2020-04-30,1478.9,1734.6,421614.6,424828.1,
Million Dollars,2020-05-31,1487.9,1832.4,422096.7,425417.0,
Million Dollars,2020-06-30,1474.9,1951.8,432532.6,435959.3,
Million Dollars,2020-07-31,1485.2,1965.5,437202.9,440653.6,
Million Dollars,2020-08-31,1483.1,1962.4,441876.6,445322.1,
Million Dollars,2020-09-30,1477.5,1947.6,444370.3,447795.4,
Million Dollars,2020-10-31,1478.2,2081.8,458035.4,461595.4,
Million Dollars,2020-11-30,1469.8,2070.2,468866.2,472406.2,
Million Dollars,2020-12-31,1466.7,2168.5,475204.9,478840.1,
Million Dollars,2021-01-31,1469.7,2173.1,487489.2,491132.0,
Million Dollars,2021-02-28,1471.9,2176.2,505148.0,508796.1,
Million Dollars,2021-03-31,1464.1,2088.8,506691.5,510244.4,
Million Dollars,2021-04-30,1464.8,2090.1,509575.0,513129.9,
Million Dollars,2021-05-31,1467.8,2055.2,522246.7,525769.7,
Million Dollars,2021-06-30,1471.5,2060.6,531927.1,535459.2,
Million Dollars,2021-07-31,1484.2,2078.6,548538.2,552101.0,
Million Dollars,2021-08-31,8613.3,2061.2,551765.2,562439.7,
Million Dollars,2021-09-30,8617.3,2055.9,555131.0,565804.2,
Million Dollars,2021-10-31,8560.8,2042.5,554397.6,565000.9,
Million Dollars,2021-11-30,8610.6,2054.7,555628.1,566293.4,
Million Dollars,2021-12-31,8503.6,2074.6,552760.6,563338.8,
Million Dollars,2022-01-31,8480.7,2069.5,555209.6,565759.8,
Million Dollars,2022-02-28,8530.3,2081.8,568542.3,579154.4,
Million Dollars,2022-03-31,8428.0,2057.8,503355.6,513841.4,
Million Dollars,2022-04-30,8346.6,2019.7,493897.2,504263.5,
Million Dollars,2022-05-31,8327.7,2021.6,462914.9,473264.2,
Million Dollars,2022-06-30,8446.9,2097.5,426997.0,437541.4,
Million Dollars,2022-07-31,8434.1,2069.7,388050.5,398554.3,
Million Dollars,2022-08-31,8399.5,2061.9,393339.4,403800.8,
Million Dollars,2022-09-30,8543.1,2083.9,399873.3,410500.3,
Million Dollars,2022-10-31,8609.1,2053.3,388772.0,399434.4,
Million Dollars,2022-11-30,8540.8,2034.5,388511.4,399086.7,
Million Dollars,2022-12-31,8501.2,2079.3,377675.6,388256.1,
Million Dollars,2023-01-31,8422.0,2033.5,372954.4,383409.9,
Million Dollars,2023-02-28,8513.4,2052.2,385323.5,395889.1,
Million Dollars,2023-03-31,8331.4,2047.2,405636.1,416014.7,
Million Dollars,2023-04-30,8358.0,2061.3,405882.9,416302.2,
Million Dollars,2023-05-31,8492.6,2060.5,430781.1,441334.2,
Million US Dollars,1973-01-31,,,,,1815.3
Million US Dollars,1973-02-28,,,,,2020.7
Million US Dollars,1973-03-31,,,,,2113.5
Million US Dollars,1973-04-30,,,,,2166.8
Million US Dollars,1973-05-31,,,,,2236.3
Million US Dollars,1973-06-30,,,,,2418.8
Million US Dollars,1973-07-31,,,,,2567.4
Million US Dollars,1973-08-31,,,,,2476.9
Million US Dollars,1973-09-30,,,,,2461.6
Million US Dollars,1973-10-31,,,,,2456.5
Million US Dollars,1973-11-30,,,,,2354.5
Million US Dollars,1973-12-31,,,,,2333.0
Million US Dollars,1974-01-31,,,,,2348.1
Million US Dollars,1974-02-28,,,,,2380.1
Million US Dollars,1974-03-31,,,,,2462.9
Million US Dollars,1974-04-30,,,,,2491.3
Million US Dollars,1974-05-31,,,,,2498.0
Million US Dollars,1974-06-30,,,,,2483.7
Million US Dollars,1974-07-31,,,,,2485.4
Million US Dollars,1974-08-31,,,,,2513.7
Million US Dollars,1974-09-30,,,,,2612.6
Million US Dollars,1974-10-31,,,,,2654.8
Million US Dollars,1974-11-30,,,,,2729.9
Million US Dollars,1974-12-31,,,,,2812.8
Million US Dollars,1975-01-31,,,,,2877.1
Million US Dollars,1975-02-28,,,,,3033.1
Million US Dollars,1975-03-31,,,,,3026.3
Million US Dollars,1975-04-30,,,,,3060.3
Million US Dollars,1975-05-31,,,,,3130.3
Million US Dollars,1975-06-30,,,,,3154.1
Million US Dollars,1975-07-31,,,,,2947.8
Million US Dollars,1975-08-31,,,,,2958.8
Million US Dollars,1975-09-30,,,,,2924.2
Million US Dollars,1975-10-31,,,,,3015.6
Million US Dollars,1975-11-30,,,,,2967.8
Million US Dollars,1975-12-31,,,,,3007.0
Million US Dollars,1976-01-31,,,,,3048.8
Million US Dollars,1976-02-29,,,,,3104.4
Million US Dollars,1976-03-31,,,,,3129.3
Million US Dollars,1976-04-30,,,,,3178.2
Million US Dollars,1976-05-31,,,,,3196.8
Million US Dollars,1976-06-30,,,,,3227.8
Million US Dollars,1976-07-31,,,,,3237.5
Million US Dollars,1976-08-31,,,,,3254.4
Million US Dollars,1976-09-30,,,,,3292.9
Million US Dollars,1976-10-31,,,,,3345.4
Million US Dollars,1976-11-30,,,,,3353.8
Million US Dollars,1976-12-31,,,,,3364.5
Million US Dollars,1977-01-31,,,,,3399.0
Million US Dollars,1977-02-28,,,,,3422.9
Million US Dollars,1977-03-31,,,,,3469.7
Million US Dollars,1977-04-30,,,,,3493.7
Million US Dollars,1977-05-31,,,,,3545.5
Million US Dollars,1977-06-30,,,,,3550.8
Million US Dollars,1977-07-31,,,,,3607.6
Million US Dollars,1977-08-31,,,,,3587.9
Million US Dollars,1977-09-30,,,,,3623.5
Million US Dollars,1977-10-31,,,,,3738.6
Million US Dollars,1977-11-30,,,,,3776.9
Million US Dollars,1977-12-31,,,,,3858.4
Million US Dollars,1978-01-31,,,,,3933.5
Million US Dollars,1978-02-28,,,,,3988.9
Million US Dollars,1978-03-31,,,,,4089.0
Million US Dollars,1978-04-30,,,,,4299.2
Million US Dollars,1978-05-31,,,,,4346.9
Million US Dollars,1978-06-30,,,,,4419.4
Million US Dollars,1978-07-31,,,,,4612.3
Million US Dollars,1978-08-31,,,,,4679.8
Million US Dollars,1978-09-30,,,,,4746.8
Million US Dollars,1978-10-31,,,,,5292.8
Million US Dollars,1978-11-30,,,,,5162.0
Million US Dollars,1978-12-31,,,,,5303.4
Million US Dollars,1979-01-31,,,,,5309.5
Million US Dollars,1979-02-28,,,,,5430.2
Million US Dollars,1979-03-31,,,,,5435.3
Million US Dollars,1979-04-30,,,,,5366.9
Million US Dollars,1979-05-31,,,,,5421.6
Million US Dollars,1979-06-30,,,,,5501.0
Million US Dollars,1979-07-31,,,,,5554.7
Million US Dollars,1979-08-31,,,,,5612.2
Million US Dollars,1979-09-30,,,,,5694.1
Million US Dollars,1979-10-31,,,,,5625.9
Million US Dollars,1979-11-30,,,,,5688.1
Million US Dollars,1979-12-31,,,,,5818.6
Million US Dollars,1980-01-31,,,,,5938.1
Million US Dollars,1980-02-29,,,,,5953.0
Million US Dollars,1980-03-31,,,,,5678.9
Million US Dollars,1980-04-30,,,,,5884.0
Million US Dollars,1980-05-31,,,,,6094.3
Million US Dollars,1980-06-30,,,,,6240.8
Million US Dollars,1980-07-31,,,,,6212.0
Million US Dollars,1980-08-31,,,,,6337.1
Million US Dollars,1980-09-30,,,,,6464.1
Million US Dollars,1980-10-31,,,,,6517.0
Million US Dollars,1980-11-30,,,,,6527.3
Million US Dollars,1980-12-31,,,,,6571.6
Million US Dollars,1981-01-31,,,,,6644.1
Million US Dollars,1981-02-28,,,,,6795.5
Million US Dollars,1981-03-31,,,,,6840.1
Million US Dollars,1981-04-30,,,,,6810.7
Million US Dollars,1981-05-31,,,,,6679.5
Million US Dollars,1981-06-30,,,,,6732.8
Million US Dollars,1981-07-31,,,,,6664.8
Million US Dollars,1981-08-31,,,,,6694.1
Million US Dollars,1981-09-30,,,,,6841.6
Million US Dollars,1981-10-31,,,,,7312.7
Million US Dollars,1981-11-30,,,,,7491.4
Million US Dollars,1981-12-31,,,,,7564.8
Million US Dollars,1982-01-31,,,,,7626.8
Million US Dollars,1982-02-28,,,,,7521.0
Million US Dollars,1982-03-31,,,,,7375.6
Million US Dollars,1982-04-30,,,,,7543.7
Million US Dollars,1982-05-31,,,,,7605.4
Million US Dollars,1982-06-30,,,,,7545.1
Million US Dollars,1982-07-31,,,,,7646.8
Million US Dollars,1982-08-31,,,,,7633.9
Million US Dollars,1982-09-30,,,,,7648.5
Million US Dollars,1982-10-31,,,,,7795.6
Million US Dollars,1982-11-30,,,,,8037.3
Million US Dollars,1982-12-31,,,,,8497.9
Million US Dollars,1983-01-31,,,,,8679.7
Million US Dollars,1983-02-28,,,,,8862.1
Million US Dollars,1983-03-31,,,,,8831.5
Million US Dollars,1983-04-30,,,,,8746.2
Million US Dollars,1983-05-31,,,,,8847.5
Million US Dollars,1983-06-30,,,,,8858.8
Million US Dollars,1983-07-31,,,,,8814.5
Million US Dollars,1983-08-31,,,,,8843.3
Million US Dollars,1983-09-30,,,,,9060.4
Million US Dollars,1983-10-31,,,,,9171.8
Million US Dollars,1983-11-30,,,,,9246.9
Million US Dollars,1983-12-31,,,,,9287.9
Million US Dollars,1984-01-31,,,,,9347.2
Million US Dollars,1984-02-29,,,,,9460.9
Million US Dollars,1984-03-31,,,,,9694.4
Million US Dollars,1984-04-30,,,,,9731.1
Million US Dollars,1984-05-31,,,,,9750.7
Million US Dollars,1984-06-30,,,,,9768.0
Million US Dollars,1984-07-31,,,,,10032.3
Million US Dollars,1984-08-31,,,,,10342.5
Million US Dollars,1984-09-30,,,,,10326.7
Million US Dollars,1984-10-31,,,,,10369.9
Million US Dollars,1984-11-30,,,,,10443.4
Million US Dollars,1984-12-31,,,,,10453.6
Million US Dollars,1985-01-31,,,,,10521.7
Million US Dollars,1985-02-28,,,,,10358.9
Million US Dollars,1985-03-31,,,,,10792.3
Million US Dollars,1985-04-30,,,,,11001.9
Million US Dollars,1985-05-31,,,,,11003.5
Million US Dollars,1985-06-30,,,,,11051.7
Million US Dollars,1985-07-31,,,,,11298.7
Million US Dollars,1985-08-31,,,,,11087.4
Million US Dollars,1985-09-30,,,,,11752.3
Million US Dollars,1985-10-31,,,,,12149.3
Million US Dollars,1985-11-30,,,,,12660.1
Million US Dollars,1985-12-31,,,,,12860.3
Million US Dollars,1986-01-31,,,,,12862.3
Million US Dollars,1986-02-28,,,,,12816.4
Million US Dollars,1986-03-31,,,,,12631.7
Million US Dollars,1986-04-30,,,,,12586.1
Million US Dollars,1986-05-31,,,,,12506.4
Million US Dollars,1986-06-30,,,,,12766.3
Million US Dollars,1986-07-31,,,,,12838.9
Million US Dollars,1986-08-31,,,,,12886.7
Million US Dollars,1986-09-30,,,,,12845.3
Million US Dollars,1986-10-31,,,,,12779.6
Million US Dollars,1986-11-30,,,,,12758.1
Million US Dollars,1986-12-31,,,,,12946.0
Million US Dollars,1987-01-31,,,,,13186.7
Million US Dollars,1987-02-28,,,,,13166.4
Million US Dollars,1987-03-31,,,,,13266.9
Million US Dollars,1987-04-30,,,,,13378.5
Million US Dollars,1987-05-31,,,,,13710.1
Million US Dollars,1987-06-30,,,,,13588.1
Million US Dollars,1987-07-31,,,,,13776.0
Million US Dollars,1987-08-31,,,,,14022.7
Million US Dollars,1987-09-30,,,,,14131.1
Million US Dollars,1987-10-31,,,,,14351.5
Million US Dollars,1987-11-30,,,,,14800.6
Million US Dollars,1987-12-31,,,,,15232.3
Million US Dollars,1988-01-31,,,,,15386.6
Million US Dollars,1988-02-29,,,,,15699.2
Million US Dollars,1988-03-31,,,,,15713.5
Million US Dollars,1988-04-30,,,,,15909.0
Million US Dollars,1988-05-31,,,,,15883.2
Million US Dollars,1988-06-30,,,,,15662.5
Million US Dollars,1988-07-31,,,,,15669.5
Million US Dollars,1988-08-31,,,,,15747.2
Million US Dollars,1988-09-30,,,,,15707.4
Million US Dollars,1988-10-31,,,,,16279.6
Million US Dollars,1988-11-30,,,,,16957.1
Million US Dollars,1988-12-31,,,,,17098.2
Million US Dollars,1989-01-31,,,,,17409.5
Million US Dollars,1989-02-28,,,,,17641.4
Million US Dollars,1989-03-31,,,,,17426.5
Million US Dollars,1989-04-30,,,,,17779.1
Million US Dollars,1989-05-31,,,,,17914.8
Million US Dollars,1989-06-30,,,,,18126.8
Million US Dollars,1989-07-31,,,,,18544.0
Million US Dollars,1989-08-31,,,,,18867.4
Million US Dollars,1989-09-30,,,,,19060.9
Million US Dollars,1989-10-31,,,,,19433.6
Million US Dollars,1989-11-30,,,,,19772.4
Million US Dollars,1989-12-31,,,,,20370.9
Million US Dollars,1990-01-31,,,,,21284.4
Million US Dollars,1990-02-28,,,,,21832.0
Million US Dollars,1990-03-31,,,,,21598.8
Million US Dollars,1990-04-30,,,,,22030.6
Million US Dollars,1990-05-31,,,,,22492.0
Million US Dollars,1990-06-30,,,,,23429.0
Million US Dollars,1990-07-31,,,,,24898.2
Million US Dollars,1990-08-31,,,,,26200.9
Million US Dollars,1990-09-30,,,,,26539.7
Million US Dollars,1990-10-31,,,,,27942.3
Million US Dollars,1990-11-30,,,,,27947.8
Million US Dollars,1990-12-31,,,,,27789.4
Million US Dollars,1991-01-31,,,,,28133.7
Million US Dollars,1991-02-28,,,,,28103.3
Million US Dollars,1991-03-31,,,,,27313.5
Million US Dollars,1991-04-30,,,,,28298.7
Million US Dollars,1991-05-31,,,,,28639.2
Million US Dollars,1991-06-30,,,,,29030.2
Million US Dollars,1991-07-31,,,,,29813.9
Million US Dollars,1991-08-31,,,,,30768.7
Million US Dollars,1991-09-30,,,,,31814.3
Million US Dollars,1991-10-31,,,,,32215.8
Million US Dollars,1991-11-30,,,,,32944.4
Million US Dollars,1991-12-31,,,,,34186.6
Million US Dollars,1992-01-31,,,,,34957.3
Million US Dollars,1992-02-29,,,,,35238.9
Million US Dollars,1992-03-31,,,,,34637.5
Million US Dollars,1992-04-30,,,,,35806.1
Million US Dollars,1992-05-31,,,,,36976.6
Million US Dollars,1992-06-30,,,,,37841.6
Million US Dollars,1992-07-31,,,,,38465.1
Million US Dollars,1992-08-31,,,,,39395.9
Million US Dollars,1992-09-30,,,,,39914.2
Million US Dollars,1992-10-31,,,,,39599.4
Million US Dollars,1992-11-30,,,,,39447.0
Million US Dollars,1992-12-31,,,,,39942.0
Million US Dollars,1993-01-31,,,,,40809.4
Million US Dollars,1993-02-28,,,,,41520.8
Million US Dollars,1993-03-31,,,,,41423.2
Million US Dollars,1993-04-30,,,,,42807.5
Million US Dollars,1993-05-31,,,,,43766.4
Million US Dollars,1993-06-30,,,,,43644.4
Million US Dollars,1993-07-31,,,,,44348.7
Million US Dollars,1993-08-31,,,,,45520.7
Million US Dollars,1993-09-30,,,,,46677.7
Million US Dollars,1993-10-31,,,,,47902.9
Million US Dollars,1993-11-30,,,,,47596.1
Million US Dollars,1993-12-31,,,,,48417.0
Million US Dollars,1994-01-31,,,,,49609.2
Million US Dollars,1994-02-28,,,,,50402.4
Million US Dollars,1994-03-31,,,,,50729.9
Million US Dollars,1994-04-30,,,,,51629.2
Million US Dollars,1994-05-31,,,,,52493.0
Million US Dollars,1994-06-30,,,,,52998.1
Million US Dollars,1994-07-31,,,,,53622.4
Million US Dollars,1994-08-31,,,,,55205.0
Million US Dollars,1994-09-30,,,,,56604.2
Million US Dollars,1994-10-31,,,,,57318.2
Million US Dollars,1994-11-30,,,,,57790.7
Million US Dollars,1994-12-31,,,,,58298.6
Million US Dollars,1995-01-31,,,,,58776.9
Million US Dollars,1995-02-28,,,,,58842.9
Million US Dollars,1995-03-31,,,,,61406.2
Million US Dollars,1995-04-30,,,,,64576.6
Million US Dollars,1995-05-31,,,,,65850.8
Million US Dollars,1995-06-30,,,,,66495.5
Million US Dollars,1995-07-31,,,,,67432.3
Million US Dollars,1995-08-31,,,,,66597.0
Million US Dollars,1995-09-30,,,,,66961.8
Million US Dollars,1995-10-31,,,,,67877.0
Million US Dollars,1995-11-30,,,,,68577.9
Million US Dollars,1995-12-31,,,,,68819.1
Million US Dollars,1996-01-31,,,,,69502.1
Million US Dollars,1996-02-29,,,,,70655.7
Million US Dollars,1996-03-31,,,,,70396.5
Million US Dollars,1996-04-30,,,,,71523.6
Million US Dollars,1996-05-31,,,,,71781.6
Million US Dollars,1996-06-30,,,,,72304.1
Million US Dollars,1996-07-31,,,,,72787.0
Million US Dollars,1996-08-31,,,,,74085.1
Million US Dollars,1996-09-30,,,,,74337.3
Million US Dollars,1996-10-31,,,,,75082.3
Million US Dollars,1996-11-30,,,,,75770.5
Million US Dollars,1996-12-31,,,,,76967.5
Million US Dollars,1997-01-31,,,,,77418.2
Million US Dollars,1997-02-28,,,,,77334.2
Million US Dollars,1997-03-31,,,,,78765.9
Million US Dollars,1997-04-30,,,,,79120.9
Million US Dollars,1997-05-31,,,,,80540.2
Million US Dollars,1997-06-30,,,,,80776.6
Million US Dollars,1997-07-31,,,,,79484.2
Million US Dollars,1997-08-31,,,,,76917.8
Million US Dollars,1997-09-30,,,,,77414.5
Million US Dollars,1997-10-31,,,,,74577.5
Million US Dollars,1997-11-30,,,,,74518.1
Million US Dollars,1997-12-31,,,,,71377.6
Million US Dollars,1998-01-31,,,,,68269.8
Million US Dollars,1998-02-28,,,,,74043.6
Million US Dollars,1998-03-31,,,,,74677.8
Million US Dollars,1998-04-30,,,,,76187.4
Million US Dollars,1998-05-31,,,,,71946.8
Million US Dollars,1998-06-30,,,,,70976.3
Million US Dollars,1998-07-31,,,,,69282.7
Million US Dollars,1998-08-31,,,,,68125.0
Million US Dollars,1998-09-30,,,,,72408.1
Million US Dollars,1998-10-31,,,,,76023.3
Million US Dollars,1998-11-30,,,,,74963.8
Million US Dollars,1998-12-31,,,,,75021.0
Million US Dollars,1999-01-31,,,,,74105.8
Million US Dollars,1999-02-28,,,,,72247.9
Million US Dollars,1999-03-31,,,,,71676.3
Million US Dollars,1999-04-30,,,,,74618.3
Million US Dollars,1999-05-31,,,,,73790.0
Million US Dollars,1999-06-30,,,,,73838.7
Million US Dollars,1999-07-31,,,,,75460.1
Million US Dollars,1999-08-31,,,,,75849.1
Million US Dollars,1999-09-30,,,,,76359.4
Million US Dollars,1999-10-31,,,,,75712.0
Million US Dollars,1999-11-30,,,,,74430.7
Million US Dollars,1999-12-31,,,,,77047.7
Million US Dollars,2000-01-31,,,,,75960.2
Million US Dollars,2000-02-29,,,,,74317.7
Million US Dollars,2000-03-31,,,,,74636.3
Million US Dollars,2000-04-30,,,,,75266.8
Million US Dollars,2000-05-31,,,,,75961.2
Million US Dollars,2000-06-30,,,,,77579.2
Million US Dollars,2000-07-31,,,,,76296.9
Million US Dollars,2000-08-31,,,,,77353.2
Million US Dollars,2000-09-30,,,,,77930.0
Million US Dollars,2000-10-31,,,,,77650.0
Million US Dollars,2000-11-30,,,,,77892.3
Million US Dollars,2000-12-31,,,,,80169.6
Million US Dollars,2001-01-31,,,,,80171.8
Million US Dollars,2001-02-28,,,,,80179.8
Million US Dollars,2001-03-31,,,,,77522.5
Million US Dollars,2001-04-30,,,,,76777.0
Million US Dollars,2001-05-31,,,,,76045.0
Million US Dollars,2001-06-30,,,,,74484.8
Million US Dollars,2001-07-31,,,,,73860.8
Million US Dollars,2001-08-31,,,,,75981.3
Million US Dollars,2001-09-30,,,,,75380.0
Million US Dollars,2001-10-31,,,,,75964.9
Million US Dollars,2001-11-30,,,,,76590.8
Million US Dollars,2001-12-31,,,,,75677.0
Million US Dollars,2002-01-31,,,,,75147.8
Million US Dollars,2002-02-28,,,,,74938.3
Million US Dollars,2002-03-31,,,,,75814.0
Million US Dollars,2002-04-30,,,,,76414.2
Million US Dollars,2002-05-31,,,,,78088.4
Million US Dollars,2002-06-30,,,,,80313.2
Million US Dollars,2002-07-31,,,,,80242.1
Million US Dollars,2002-08-31,,,,,80816.1
Million US Dollars,2002-09-30,,,,,80631.7
Million US Dollars,2002-10-31,,,,,81260.4
Million US Dollars,2002-11-30,,,,,80178.6
Million US Dollars,2002-12-31,,,,,82218.7
Million US Dollars,2003-01-31,,,,,83662.2
Million US Dollars,2003-02-28,,,,,83524.2
Million US Dollars,2003-03-31,,,,,83571.2
Million US Dollars,2003-04-30,,,,,83310.6
Million US Dollars,2003-05-31,,,,,85697.1
Million US Dollars,2003-06-30,,,,,86588.5
Million US Dollars,2003-07-31,,,,,87007.8
Million US Dollars,2003-08-31,,,,,87717.1
Million US Dollars,2003-09-30,,,,,91029.0
Million US Dollars,2003-10-31,,,,,92458.1
Million US Dollars,2003-11-30,,,,,93917.1
Million US Dollars,2003-12-31,,,,,96244.1
Million US Dollars,2004-01-31,,,,,98438.7
Million US Dollars,2004-02-29,,,,,101033.5
Million US Dollars,2004-03-31,,,,,102558.8
Million US Dollars,2004-04-30,,,,,98923.2
Million US Dollars,2004-05-31,,,,,100896.0
Million US Dollars,2004-06-30,,,,,101385.7
Million US Dollars,2004-07-31,,,,,100105.7
Million US Dollars,2004-08-31,,,,,101103.6
Million US Dollars,2004-09-30,,,,,102534.6
Million US Dollars,2004-10-31,,,,,105606.1
Million US Dollars,2004-11-30,,,,,109876.7
Million US Dollars,2004-12-31,,,,,112574.9
Million US Dollars,2005-01-31,,,,,111726.0
Million US Dollars,2005-02-28,,,,,113630.2
Million US Dollars,2005-03-31,,,,,112752.0
Million US Dollars,2005-04-30,,,,,116319.7
Million US Dollars,2005-05-31,,,,,115715.9
Million US Dollars,2005-06-30,,,,,114898.3
Million US Dollars,2005-07-31,,,,,115965.4
Million US Dollars,2005-08-31,,,,,116050.0
Million US Dollars,2005-09-30,,,,,115249.9
Million US Dollars,2005-10-31,,,,,115220.1
Million US Dollars,2005-11-30,,,,,114580.2
Million US Dollars,2005-12-31,,,,,116172.6
Million US Dollars,2006-01-31,,,,,119745.8
Million US Dollars,2006-02-28,,,,,119740.4
Million US Dollars,2006-03-31,,,,,121766.0
Million US Dollars,2006-04-30,,,,,127397.2
Million US Dollars,2006-05-31,,,,,128398.7
Million US Dollars,2006-06-30,,,,,128315.9
Million US Dollars,2006-07-31,,,,,129481.2
Million US Dollars,2006-08-31,,,,,130278.9
Million US Dollars,2006-09-30,,,,,128945.4
Million US Dollars,2006-10-31,,,,,131429.0
Million US Dollars,2006-11-30,,,,,135341.6
Million US Dollars,2006-12-31,,,,,136260.9
Million US Dollars,2007-01-31,,,,,134573.2
Million US Dollars,2007-02-28,,,,,137058.6
Million US Dollars,2007-03-31,,,,,137735.7
Million US Dollars,2007-04-30,,,,,140048.3
Million US Dollars,2007-05-31,,,,,140899.6
Million US Dollars,2007-06-30,,,,,144055.9
Million US Dollars,2007-07-31,,,,,147021.7
Million US Dollars,2007-08-31,,,,,147622.0
Million US Dollars,2007-09-30,,,,,152449.8
Million US Dollars,2007-10-31,,,,,158165.1
Million US Dollars,2007-11-30,,,,,160710.7
Million US Dollars,2007-12-31,,,,,162956.8
Million US Dollars,2008-01-31,,,,,167648.8
Million US Dollars,2008-02-29,,,,,171735.3
Million US Dollars,2008-03-31,,,,,177462.3
Million US Dollars,2008-04-30,,,,,175804.9
Million US Dollars,2008-05-31,,,,,175802.2
Million US Dollars,2008-06-30,,,,,176650.2
Million US Dollars,2008-07-31,,,,,174964.2
Million US Dollars,2008-08-31,,,,,170100.0
Million US Dollars,2008-09-30,,,,,168802.1
Million US Dollars,2008-10-31,,,,,162173.9
Million US Dollars,2008-11-30,,,,,165677.9
Million US Dollars,2008-12-31,,,,,174196.3
Million US Dollars,2009-01-31,,,,,167090.2
Million US Dollars,2009-02-28,,,,,163549.4
Million US Dollars,2009-03-31,,,,,166251.1
Million US Dollars,2009-04-30,,,,,170100.7
Million US Dollars,2009-05-31,,,,,171755.0
Million US Dollars,2009-06-30,,,,,173191.2
Million US Dollars,2009-07-31,,,,,174128.7
Million US Dollars,2009-08-31,,,,,176262.5
Million US Dollars,2009-09-30,,,,,182038.6
Million US Dollars,2009-10-31,,,,,184337.0
Million US Dollars,2009-11-30,,,,,188900.2
Million US Dollars,2009-12-31,,,,,187809.1
Million US Dollars,2010-01-31,,,,,189618.6
Million US Dollars,2010-02-28,,,,,187834.3
Million US Dollars,2010-03-31,,,,,197111.5
Million US Dollars,2010-04-30,,,,,203436.3
Million US Dollars,2010-05-31,,,,,198358.6
Million US Dollars,2010-06-30,,,,,199959.9
Million US Dollars,2010-07-31,,,,,206933.9
Million US Dollars,2010-08-31,,,,,206410.5
Million US Dollars,2010-09-30,,,,,214661.7
Million US Dollars,2010-10-31,,,,,221397.9
Million US Dollars,2010-11-30,,,,,217566.5
Million US Dollars,2010-12-31,,,,,225754.2
Million US Dollars,2011-01-31,,,,,227110.2
Million US Dollars,2011-02-28,,,,,230880.2
Million US Dollars,2011-03-31,,,,,234205.1
Million US Dollars,2011-04-30,,,,,242524.2
Million US Dollars,2011-05-31,,,,,239943.2
Million US Dollars,2011-06-30,,,,,242286.9
Million US Dollars,2011-07-31,,,,,249149.6
Million US Dollars,2011-08-31,,,,,249176.6
Million US Dollars,2011-09-30,,,,,233620.7
Million US Dollars,2011-10-31,,,,,245420.1
Million US Dollars,2011-11-30,,,,,240987.2
Million US Dollars,2011-12-31,,,,,237737.0
Million US Dollars,2012-01-31,,,,,245486.1
Million US Dollars,2012-02-29,,,,,247014.3
Million US Dollars,2012-03-31,,,,,243582.6
Million US Dollars,2012-04-30,,,,,246107.1
Million US Dollars,2012-05-31,,,,,237714.0
Million US Dollars,2012-06-30,,,,,243382.8
Million US Dollars,2012-07-31,,,,,244138.1
Million US Dollars,2012-08-31,,,,,246181.1
Million US Dollars,2012-09-30,,,,,252147.8
Million US Dollars,2012-10-31,,,,,254217.8
Million US Dollars,2012-11-30,,,,,255768.6
Million US Dollars,2012-12-31,,,,,259307.1
Million US Dollars,2013-01-31,,,,,258844.0
Million US Dollars,2013-02-28,,,,,259136.2
Million US Dollars,2013-03-31,,,,,258186.3
Million US Dollars,2013-04-30,,,,,261678.0
Million US Dollars,2013-05-31,,,,,258377.9
Million US Dollars,2013-06-30,,,,,259816.3
Million US Dollars,2013-07-31,,,,,261095.9
Million US Dollars,2013-08-31,,,,,261874.2
Million US Dollars,2013-09-30,,,,,268102.6
Million US Dollars,2013-10-31,,,,,271778.8
Million US Dollars,2013-11-30,,,,,271898.4
Million US Dollars,2013-12-31,,,,,273065.1
Million US Dollars,2014-01-31,,,,,271538.0
Million US Dollars,2014-02-28,,,,,273996.0
Million US Dollars,2014-03-31,,,,,272941.0
Million US Dollars,2014-04-30,,,,,275238.9
Million US Dollars,2014-05-31,,,,,276142.2
Million US Dollars,2014-06-30,,,,,277967.3
Million US Dollars,2014-07-31,,,,,273658.1
Million US Dollars,2014-08-31,,,,,273293.1
Million US Dollars,2014-09-30,,,,,266142.1
Million US Dollars,2014-10-31,,,,,264379.3
Million US Dollars,2014-11-30,,,,,260553.2
Million US Dollars,2014-12-31,,,,,256860.4
Million US Dollars,2015-01-31,,,,,251463.9
Million US Dollars,2015-02-28,,,,,250701.6
Million US Dollars,2015-03-31,,,,,248404.0
Million US Dollars,2015-04-30,,,,,251920.7
Million US Dollars,2015-05-31,,,,,250188.8
Million US Dollars,2015-06-30,,,,,253280.1
Million US Dollars,2015-07-31,,,,,250116.4
Million US Dollars,2015-08-31,,,,,250410.3
Million US Dollars,2015-09-30,,,,,251639.9
Million US Dollars,2015-10-31,,,,,249775.1
Million US Dollars,2015-11-30,,,,,247088.4
Million US Dollars,2015-12-31,,,,,247747.4
Million US Dollars,2016-01-31,,,,,244858.6
Million US Dollars,2016-02-29,,,,,244012.5
Million US Dollars,2016-03-31,,,,,246195.8
Million US Dollars,2016-04-30,,,,,250352.4
Million US Dollars,2016-05-31,,,,,247128.7
Million US Dollars,2016-06-30,,,,,248859.0
Million US Dollars,2016-07-31,,,,,251428.8
Million US Dollars,2016-08-31,,,,,252282.8
Million US Dollars,2016-09-30,,,,,253407.6
Million US Dollars,2016-10-31,,,,,251363.5
Million US Dollars,2016-11-30,,,,,247784.4
Million US Dollars,2016-12-31,,,,,246575.3
Million US Dollars,2017-01-31,,,,,252743.3
Million US Dollars,2017-02-28,,,,,253349.7
Million US Dollars,2017-03-31,,,,,259638.2
Million US Dollars,2017-04-30,,,,,260725.4
Million US Dollars,2017-05-31,,,,,264556.4
Million US Dollars,2017-06-30,,,,,266303.0
Million US Dollars,2017-07-31,,,,,269724.1
Million US Dollars,2017-08-31,,,,,273114.8
Million US Dollars,2017-09-30,,,,,275410.2
Million US Dollars,2017-10-31,,,,,276012.5
Million US Dollars,2017-11-30,,,,,279589.3
Million US Dollars,2017-12-31,,,,,279899.7
Million US Dollars,2018-01-31,,,,,282384.9
Million US Dollars,2018-02-28,,,,,282783.5
Million US Dollars,2018-03-31,,,,,287148.5
Million US Dollars,2018-04-30,,,,,287733.8
Million US Dollars,2018-05-31,,,,,287915.6
Million US Dollars,2018-06-30,,,,,288043.7
Million US Dollars,2018-07-31,,,,,289208.3
Million US Dollars,2018-08-31,,,,,289479.8
Million US Dollars,2018-09-30,,,,,291326.2
Million US Dollars,2018-10-31,,,,,290270.9
Million US Dollars,2018-11-30,,,,,289520.6
Million US Dollars,2018-12-31,,,,,287673.1
Million US Dollars,2019-01-31,,,,,293889.2
Million US Dollars,2019-02-28,,,,,292503.9
Million US Dollars,2019-03-31,,,,,295829.5
Million US Dollars,2019-04-30,,,,,296811.6
Million US Dollars,2019-05-31,,,,,265451.2
Million US Dollars,2019-06-30,,,,,273943.3
Million US Dollars,2019-07-31,,,,,272672.9
Million US Dollars,2019-08-31,,,,,272370.3
Million US Dollars,2019-09-30,,,,,272239.3
Million US Dollars,2019-10-31,,,,,276795.5
Million US Dollars,2019-11-30,,,,,276004.3
Million US Dollars,2019-12-31,,,,,279450.2
Million US Dollars,2020-01-31,,,,,278625.1
Million US Dollars,2020-02-29,,,,,282995.2
Million US Dollars,2020-03-31,,,,,279146.7
Million US Dollars,2020-04-30,,,,,301772.8
Million US Dollars,2020-05-31,,,,,300991.2
Million US Dollars,2020-06-30,,,,,312496.6
Million US Dollars,2020-07-31,,,,,321350.6
Million US Dollars,2020-08-31,,,,,327530.2
Million US Dollars,2020-09-30,,,,,328021.6
Million US Dollars,2020-10-31,,,,,338049.1
Million US Dollars,2020-11-30,,,,,352627.8
Million US Dollars,2020-12-31,,,,,362304.8
Million US Dollars,2021-01-31,,,,,370073.8
Million US Dollars,2021-02-28,,,,,382632.5
Million US Dollars,2021-03-31,,,,,379754.1
Million US Dollars,2021-04-30,,,,,385708.9
Million US Dollars,2021-05-31,,,,,398074.2
Million US Dollars,2021-06-30,,,,,398356.5
Million US Dollars,2021-07-31,,,,,407736.3
Million US Dollars,2021-08-31,,,,,418146.9
Million US Dollars,2021-09-30,,,,,416750.9
Million US Dollars,2021-10-31,,,,,419032.0
Million US Dollars,2021-11-30,,,,,412959.2
Million US Dollars,2021-12-31,,,,,417904.4
Million US Dollars,2022-01-31,,,,,418390.3
Million US Dollars,2022-02-28,,,,,426633.1
Million US Dollars,2022-03-31,,,,,379666.2
Million US Dollars,2022-04-30,,,,,365177.4
Million US Dollars,2022-05-31,,,,,345219.1
Million US Dollars,2022-06-30,,,,,314369.8
Million US Dollars,2022-07-31,,,,,288223.1
Million US Dollars,2022-08-31,,,,,289414.9
Million US Dollars,2022-09-30,,,,,286067.1
Million US Dollars,2022-10-31,,,,,282284.4
Million US Dollars,2022-11-30,,,,,291274.7
Million US Dollars,2022-12-31,,,,,289484.1
Million US Dollars,2023-01-31,,,,,291699.1
Million US Dollars,2023-02-28,,,,,294085.1
Million US Dollars,2023-03-31,,,,,312897.0
Million US Dollars,2023-04-30,,,,,312010.0
Million US Dollars,2023-05-31,,,,,325744.5
