Units,Timepoint,1.10: Recreational Goods,1.11: Watches & Jewellery,1.12: Computer & Telecommunications Equipment,1.13: Optical Goods & Books,1.14: Others,1.1: Department Stores,1.2: Supermarkets & Hypermarkets,1.3: Mini-Marts & Convenience Stores,1.4: Food & Alcohol,1.5: Motor Vehicles,1.6: Petrol Service Stations,"1.7: Cosmetics, Toiletries & Medical Goods",1.8: Wearing Apparel & Footwear,1.9: Furniture & Household Equipment,1: Total,2: Total (Excluding Motor Vehicles)
Index,1985-01-31,,,,,,,,88.653,,15.181,88.802,,,55.07,33.723,52.758
Index,1985-02-28,,,,,,,,120.053,,13.794,80.792,,,44.578,32.82,52.35
Index,1985-03-31,,,,,,,,83.918,,9.106,74.494,,,44.296,27.902,47.19
Index,1985-04-30,,,,,,,,85.197,,6.725,76.126,,,43.109,22.582,38.86
Index,1985-05-31,,,,,,,,86.462,,6.733,78.07,,,48.971,23.786,41.279
Index,1985-06-30,,,,,,,,77.971,,5.053,70.762,,,41.287,21.779,38.933
Index,1985-07-31,,,,,,,,86.114,,5.557,74.028,,,37.269,22.005,38.868
Index,1985-08-31,,,,,,,,92.742,,5.674,76.127,,,34.108,23.008,40.759
Index,1985-09-30,,,,,,,,88.128,,5.601,77.294,,,35.6,22.33,39.464
Index,1985-10-31,,,,,,,,87.617,,4.871,80.016,,,34.218,21.754,39.072
Index,1985-11-30,,,,,,,,90.982,,4.308,77.994,,,37.731,22.882,41.932
Index,1985-12-31,,,,,,,,102.049,,5.076,82.349,,,46.158,26.922,49.324
Index,1986-01-31,,,,,,,,118.041,,9.08,82.554,,,43.805,28.018,47.439
Index,1986-02-28,,,,,,,,100.361,,7.977,77.154,,,36.447,23.777,39.98
Index,1986-03-31,,,,,,,,87.11,,5.351,83.051,,,35.446,21.841,38.747
Index,1986-04-30,,,,,,,,84.739,,4.694,84.283,,,30.482,20.377,36.456
Index,1986-05-31,,,,,,,,85.213,,3.497,83.4,,,34.444,20.946,38.833
Index,1986-06-30,,,,,,,,76.387,,4.898,79.349,,,35.448,20.305,36.102
Index,1986-07-31,,,,,,,,83.631,,4.494,82.16,,,32.911,21.265,38.459
Index,1986-08-31,,,,,,,,86.549,,4.96,97.185,,,25.289,21.618,38.697
Index,1986-09-30,,,,,,,,83.033,,4.847,81.883,,,29.305,20.646,36.844
Index,1986-10-31,,,,,,,,84.293,,4.362,80.981,,,34.784,20.998,38.052
Index,1986-11-30,,,,,,,,82.966,,4.323,76.873,,,29.544,21.446,39.0
Index,1986-12-31,,,,,,,,95.807,,6.01,87.536,,,36.385,26.511,47.528
Index,1987-01-31,,,,,,,,117.199,,10.983,83.221,,,36.253,29.25,48.082
Index,1987-02-28,,,,,,,,91.692,,2.7,77.138,,,34.135,22.086,40.68
Index,1987-03-31,,,,,,,,95.438,,6.149,89.19,,,36.533,25.523,44.64
Index,1987-04-30,,,,,,,,93.325,,8.946,88.391,,,33.619,25.516,42.443
Index,1987-05-31,,,,,,,,94.993,,7.926,92.398,,,36.118,26.717,45.567
Index,1987-06-30,,,,,,,,94.372,,9.062,86.42,,,39.289,26.738,44.721
Index,1987-07-31,,,,,,,,93.539,,9.651,97.948,,,35.584,27.325,45.396
Index,1987-08-31,,,,,,,,94.81,,10.096,87.761,,,37.558,28.289,46.918
Index,1987-09-30,,,,,,,,98.163,,9.745,92.851,,,34.905,27.494,45.651
Index,1987-10-31,,,,,,,,97.327,,8.831,98.978,,,37.226,28.096,47.531
Index,1987-11-30,,,,,,,,95.135,,11.967,90.979,,,37.58,29.935,48.643
Index,1987-12-31,,,,,,,,101.131,,10.879,100.043,,,40.705,33.667,56.726
Index,1988-01-31,,,,,,,,99.181,,23.031,86.842,,,38.623,35.304,50.331
Index,1988-02-29,,,,,,,,107.114,,14.929,92.369,,,32.033,32.038,50.361
Index,1988-03-31,,,,,,,,91.259,,9.897,92.919,,,36.706,29.977,50.32
Index,1988-04-30,,,,,,,,89.27,,16.164,90.741,,,37.174,30.373,46.166
Index,1988-05-31,,,,,,,,89.651,,18.112,88.185,,,37.037,32.53,48.818
Index,1988-06-30,,,,,,,,88.879,,17.007,90.373,,,35.771,31.105,46.922
Index,1988-07-31,,,,,,,,91.216,,16.483,91.331,,,36.261,32.234,49.522
Index,1988-08-31,,,,,,,,90.111,,21.288,93.885,,,37.504,34.977,51.066
Index,1988-09-30,,,,,,,,87.807,,20.972,93.885,,,37.57,34.151,49.713
Index,1988-10-31,,,,,,,,89.637,,27.632,90.653,,,38.333,37.551,51.073
Index,1988-11-30,,,,,,,,89.695,,21.646,87.044,,,37.425,35.716,52.218
Index,1988-12-31,,,,,,,,97.473,,37.802,87.482,,,43.671,47.312,62.006
Index,1989-01-31,,,,,,,,104.441,,35.606,94.741,,,39.736,44.97,59.218
Index,1989-02-28,,,,,,,,82.806,,30.702,90.919,,,29.134,38.207,49.958
Index,1989-03-31,,,,,,,,83.115,,31.084,98.44,,,38.674,40.178,53.482
Index,1989-04-30,,,,,,,,82.124,,24.895,95.269,,,38.209,35.68,49.622
Index,1989-05-31,,,,,,,,83.348,,21.477,94.591,,,38.29,34.98,50.95
Index,1989-06-30,,,,,,,,82.032,,19.278,94.02,,,36.093,33.36,49.536
Index,1989-07-31,,,,,,,,82.015,,18.559,100.427,,,36.112,34.509,52.327
Index,1989-08-31,,,,,,,,84.946,,21.607,103.264,,,42.399,37.389,55.517
Index,1989-09-30,,,,,,,,83.86,,23.574,98.34,,,36.521,37.301,53.8
Index,1989-10-31,,,,,,,,83.788,,23.011,103.594,,,38.01,37.3,54.242
Index,1989-11-30,,,,,,,,81.591,,23.663,101.722,,,50.066,39.215,57.443
Index,1989-12-31,,,,,,,,92.204,,30.19,104.589,,,55.858,46.868,67.152
Index,1990-01-31,,,,,,,,106.849,,46.136,106.155,,,44.766,51.447,63.507
Index,1990-02-28,,,,,,,,80.677,,27.78,98.521,,,38.477,37.798,51.458
Index,1990-03-31,,,,,,,,86.815,,31.294,106.02,,,41.358,41.9,56.651
Index,1990-04-30,,,,,,,,87.455,,41.025,98.229,,,41.008,44.505,54.062
Index,1990-05-31,,,,,,,,88.01,,12.314,105.218,,,42.481,33.108,54.508
Index,1990-06-30,,,,,,,,83.605,,16.114,99.204,,,37.823,35.141,55.466
Index,1990-07-31,,,,,,,,84.659,,11.664,103.028,,,39.547,35.297,59.293
Index,1990-08-31,,,,,,,,89.42,,16.55,108.6,,,39.965,36.364,57.494
Index,1990-09-30,,,,,,,,85.02,,15.154,90.357,,,39.778,33.304,52.66
Index,1990-10-31,,,,,,,,85.686,,25.19,99.303,,,43.623,38.221,54.312
Index,1990-11-30,,,,,,,,83.308,,15.897,103.455,,,43.653,35.53,56.39
Index,1990-12-31,,,,,,,,92.279,,29.212,103.5,,,60.878,47.327,68.807
Index,1991-01-31,,,,,,,,101.382,,23.034,107.038,,,49.651,40.386,60.281
Index,1991-02-28,,,,,,,,96.426,,27.968,97.86,,,36.287,39.235,54.197
Index,1991-03-31,,,,,,,,90.208,,22.902,110.026,,,43.127,37.646,55.041
Index,1991-04-30,,,,,,,,89.307,,27.863,110.346,,,43.853,37.965,51.829
Index,1991-05-31,,,,,,,,92.461,,24.116,110.453,,,46.117,37.845,54.534
Index,1991-06-30,,,,,,,,84.351,,21.848,102.343,,,44.079,36.376,53.407
Index,1991-07-31,,,,,,,,89.668,,24.354,107.892,,,44.26,38.004,54.591
Index,1991-08-31,,,,,,,,94.084,,27.388,108.0,,,41.497,40.109,56.338
Index,1991-09-30,,,,,,,,81.468,,23.405,106.612,,,42.086,37.29,53.971
Index,1991-10-31,,,,,,,,89.308,,35.04,106.72,,,47.885,43.644,57.126
Index,1991-11-30,,,,,,,,86.334,,34.222,107.147,,,46.888,43.446,57.408
Index,1991-12-31,,,,,,,,86.785,,24.117,107.36,,,57.987,44.478,67.323
Index,1992-01-31,,,,,,,,103.767,,43.699,115.006,,,55.446,52.773,68.052
Index,1992-02-29,,,,,,,,80.236,,22.416,103.26,,,40.271,37.406,54.983
Index,1992-03-31,,,,,,,,83.572,,29.669,118.852,,,50.191,42.289,58.757
Index,1992-04-30,,,,,,,,82.22,,33.492,114.26,,,46.432,41.416,54.081
Index,1992-05-31,,,,,,,,83.391,,33.783,114.473,,,41.403,42.289,55.546
Index,1992-06-30,,,,,,,,83.031,,43.224,110.736,,,43.351,45.824,54.926
Index,1992-07-31,,,,,,,,88.17,,29.221,121.841,,,43.215,41.218,57.067
Index,1992-08-31,,,,,,,,90.243,,30.117,117.783,,,41.765,42.885,59.546
Index,1992-09-30,,,,,,,,83.572,,35.339,117.142,,,46.16,44.276,58.138
Index,1992-10-31,,,,,,,,87.448,,28.456,117.891,,,44.483,41.416,58.025
Index,1992-11-30,,,,,,,,85.826,,28.06,111.59,,,46.115,41.853,59.152
Index,1992-12-31,,,,,,,,95.563,,28.773,116.395,,,52.637,49.159,72.785
Index,1993-01-31,98.463,181.754,5.999,81.615,88.943,,,102.918,143.89,58.553,120.89,27.847,84.359,50.086,56.567,69.7
Index,1993-02-28,83.36,137.95,6.949,73.041,91.137,,,79.997,109.891,32.821,108.804,26.782,54.782,40.768,40.687,54.823
Index,1993-03-31,93.738,133.944,8.809,77.379,92.865,,,86.114,117.54,43.767,120.523,30.396,67.705,50.691,47.409,61.094
Index,1993-04-30,92.894,114.58,7.67,72.214,77.044,,,84.052,109.647,39.319,117.261,27.581,53.818,39.007,41.314,52.645
Index,1993-05-31,89.266,118.32,5.81,75.726,76.978,,,83.595,117.54,41.214,118.035,28.151,59.347,44.617,43.96,56.332
Index,1993-06-30,95.763,104.432,11.088,77.586,80.368,,,83.257,113.533,46.453,115.218,29.255,62.69,40.633,45.603,56.571
Index,1993-07-31,83.782,98.422,9.987,79.136,74.319,,,83.799,118.39,46.778,123.28,31.005,65.776,47.741,46.212,57.474
Index,1993-08-31,83.108,98.555,6.113,78.412,80.7,,,86.972,123.854,37.943,119.827,28.342,61.469,45.441,43.854,57.795
Index,1993-09-30,84.711,110.574,6.797,79.032,77.842,,,85.219,133.446,35.111,119.007,31.727,66.227,44.605,43.23,58.129
Index,1993-10-31,85.301,116.317,9.455,75.52,75.648,,,85.578,131.139,31.342,118.976,30.13,65.134,49.532,43.017,59.657
Index,1993-11-30,84.542,114.714,6.721,90.809,79.77,,,85.046,128.104,35.124,119.815,30.244,64.812,48.467,44.234,59.883
Index,1993-12-31,114.493,139.954,7.898,122.113,90.074,,,89.679,144.982,37.219,128.295,34.999,93.296,65.637,53.827,75.659
Index,1994-01-31,92.641,125.665,8.506,96.182,96.322,,,93.131,195.495,51.903,120.777,36.559,81.723,62.896,54.993,70.404
Index,1994-02-28,72.476,113.112,10.442,76.45,70.796,,,87.072,147.411,30.636,111.095,29.445,72.849,46.237,43.214,60.417
Index,1994-03-31,106.647,187.095,14.353,102.277,94.727,,,89.065,133.204,59.041,124.353,39.488,75.807,71.814,59.305,74.384
Index,1994-04-30,72.983,69.843,9.911,72.73,59.561,,,75.362,115.232,30.625,121.701,28.456,54.267,33.194,36.429,48.525
Index,1994-05-31,67.752,90.542,7.594,79.756,61.954,,,78.596,125.676,34.943,118.331,29.711,61.405,34.4,40.248,53.054
Index,1994-06-30,74.079,75.319,10.442,81.098,67.672,,,78.903,114.382,33.03,118.565,31.461,59.733,40.264,39.678,53.014
Index,1994-07-31,87.917,87.871,11.771,87.814,68.469,,,84.282,118.755,38.199,117.245,33.82,73.75,41.555,44.847,59.487
Index,1994-08-31,72.814,94.95,13.973,82.132,73.388,,,89.218,122.882,30.615,128.398,32.45,64.105,38.119,41.571,57.546
Index,1994-09-30,73.151,106.167,11.809,83.681,71.793,,,82.964,123.612,35.522,122.559,33.934,64.041,44.4,43.107,57.777
Index,1994-10-31,72.223,101.093,11.544,83.474,70.929,,,86.433,127.011,30.193,123.317,31.233,66.291,46.473,42.271,58.986
Index,1994-11-30,75.682,117.519,14.24,95.045,73.055,,,84.163,127.983,37.166,121.377,31.309,70.985,40.503,45.192,60.611
Index,1994-12-31,103.188,138.618,16.593,119.633,78.307,,,92.045,137.453,29.418,123.661,37.358,93.489,57.009,50.888,74.488
Index,1995-01-31,77.565,135.925,14.842,91.421,80.994,,,106.725,223.234,53.423,124.618,35.613,97.601,57.625,57.828,74.772
Index,1995-02-28,65.074,98.769,16.588,77.475,64.635,,,73.863,96.313,27.433,105.506,29.715,60.631,41.432,38.345,53.557
Index,1995-03-31,65.58,99.571,20.65,90.697,70.62,,,85.08,116.354,43.999,126.517,37.249,67.125,47.844,47.071,60.606
Index,1995-04-30,60.516,88.345,22.282,82.64,61.111,,,80.898,112.71,39.243,117.908,32.417,59.088,37.378,42.323,54.652
Index,1995-05-31,61.782,108.793,24.75,85.636,66.831,,,85.69,121.941,35.02,125.657,34.129,61.017,44.831,44.412,60.414
Index,1995-06-30,59.081,92.755,20.195,80.987,68.759,,,84.975,120.848,34.606,123.04,36.222,59.41,48.51,43.315,58.699
Index,1995-07-31,60.01,100.774,24.105,91.73,67.163,,,85.783,122.183,32.516,127.077,35.803,65.968,47.031,45.278,63.18
Index,1995-08-31,62.795,98.769,25.168,85.636,77.603,,,87.241,127.649,35.965,127.187,36.184,62.303,46.154,45.24,61.397
Index,1995-09-30,61.192,105.854,24.408,82.227,69.69,,,84.614,127.649,42.896,127.951,35.689,63.075,47.73,46.656,60.428
Index,1995-10-31,63.217,114.674,22.586,82.95,64.37,,,86.242,120.362,36.66,124.482,33.863,62.175,46.713,45.413,61.354
Index,1995-11-30,68.872,117.614,27.673,97.206,69.025,,,82.621,126.191,37.546,125.104,34.167,66.033,51.071,47.345,64.301
Index,1995-12-31,90.057,135.925,31.924,122.102,71.95,,,91.726,134.329,29.471,123.577,38.771,87.186,66.475,52.709,77.721
Index,1996-01-31,74.273,120.028,31.183,101.499,76.344,,,89.537,166.828,42.389,127.356,36.643,76.356,64.673,52.79,71.429
Index,1996-02-29,57.562,122.167,25.541,80.539,64.175,,,97.155,195.34,37.054,120.428,33.79,74.428,49.227,49.215,67.818
Index,1996-03-31,64.905,105.459,32.898,100.261,70.625,,,83.376,116.961,32.606,128.017,37.367,69.672,48.047,45.395,63.337
Index,1996-04-30,67.352,91.959,32.708,91.277,65.571,,,80.923,114.049,35.543,131.284,33.409,53.154,45.398,43.689,58.884
Index,1996-05-31,59.165,101.049,35.224,95.407,66.768,,,83.863,120.843,33.028,132.812,34.208,54.503,49.89,44.868,62.203
Index,1996-06-30,72.416,88.083,40.942,93.136,65.438,,,82.589,110.409,31.256,123.817,34.779,63.309,52.358,45.128,63.542
Index,1996-07-31,73.008,100.113,35.414,98.712,73.019,,,83.06,111.017,30.209,138.009,36.111,68.129,55.003,46.98,67.307
Index,1996-08-31,71.151,91.559,32.25,95.202,77.807,,,87.966,118.781,30.648,133.806,35.655,62.666,46.327,44.374,62.523
Index,1996-09-30,81.616,105.593,32.746,90.657,68.564,,,83.232,125.818,34.862,130.717,37.519,65.687,52.872,46.166,63.564
Index,1996-10-31,87.608,111.34,32.174,90.141,70.559,,,86.396,113.807,33.277,134.777,37.024,68.065,51.297,46.611,65.136
Index,1996-11-30,89.381,129.118,32.555,107.798,72.554,,,86.931,110.288,30.782,133.648,36.53,69.286,62.251,48.612,69.886
Index,1996-12-31,113.436,152.776,33.889,131.65,73.418,,,90.434,124.483,38.384,133.287,42.123,96.28,75.922,58.341,83.153
Index,1997-01-31,92.744,149.164,46.786,110.461,85.405,,,94.045,217.054,42.794,139.464,41.006,88.514,77.474,61.086,83.847
Index,1997-02-28,79.67,146.162,28.342,88.92,57.409,,,88.445,134.362,15.208,119.413,32.523,65.737,46.121,39.514,64.831
Index,1997-03-31,88.653,128.125,37.224,113.587,64.654,,,85.372,119.621,30.662,123.06,41.573,60.095,54.398,47.056,66.543
Index,1997-04-30,82.361,120.831,35.619,97.875,71.921,,,83.905,109.91,30.23,121.363,37.149,53.201,49.041,44.987,62.841
Index,1997-05-31,78.324,121.8,36.208,98.785,67.784,,,87.489,112.407,29.297,121.787,36.514,53.538,54.49,45.802,65.235
Index,1997-06-30,86.894,104.914,37.721,99.769,64.742,,,83.997,104.614,29.991,115.643,38.119,65.97,65.627,47.574,68.136
Index,1997-07-31,92.622,173.494,44.588,102.1,71.036,,,87.741,116.505,32.19,126.501,41.039,72.953,59.66,51.836,74.651
Index,1997-08-31,77.604,134.281,40.221,100.4,63.596,,,87.314,123.288,29.16,122.119,37.403,58.411,54.48,46.231,66.196
Index,1997-09-30,73.109,121.063,38.014,99.336,60.972,,,81.842,110.82,36.453,123.344,39.146,55.572,56.82,48.062,63.605
Index,1997-10-31,72.983,116.845,42.541,94.107,66.363,,,87.717,102.787,27.618,125.278,35.955,54.445,57.246,44.968,65.022
Index,1997-11-30,78.201,147.748,35.47,105.311,59.66,,,84.545,94.796,23.743,118.424,34.28,59.894,66.014,44.987,68.351
Index,1997-12-31,109.889,142.589,35.594,127.837,64.718,,,91.171,110.56,22.304,121.49,41.951,83.869,74.62,49.634,78.716
Index,1998-01-31,77.91,125.462,25.444,98.127,76.016,,,104.806,181.822,39.053,129.313,37.779,87.711,76.379,56.967,78.952
Index,1998-02-28,67.355,97.659,32.018,91.042,64.283,,,76.32,83.187,22.311,115.765,31.931,50.059,49.266,38.431,56.689
Index,1998-03-31,69.586,96.779,41.786,101.84,58.24,,,86.188,87.791,14.892,127.399,38.592,51.552,58.37,37.882,61.909
Index,1998-04-30,73.028,92.717,32.52,85.933,82.636,,,84.405,84.248,41.299,123.255,33.933,45.577,52.165,48.149,59.689
Index,1998-05-31,68.227,94.969,25.953,89.045,63.746,,,87.89,83.817,29.068,123.111,34.79,51.482,59.691,43.626,61.175
Index,1998-06-30,69.938,80.293,30.847,87.218,64.417,,,86.021,80.655,30.331,122.538,36.95,65.05,56.366,44.538,61.896
Index,1998-07-31,76.803,98.442,25.589,84.942,61.263,,,89.13,79.735,34.772,125.362,35.808,57.298,57.289,46.228,61.452
Index,1998-08-31,67.643,85.906,26.905,88.361,58.794,,,87.997,84.384,28.087,121.471,36.157,50.481,55.541,42.012,58.831
Index,1998-09-30,62.635,91.648,22.802,84.132,57.833,,,85.021,83.806,27.235,115.827,39.03,51.015,51.498,40.845,57.258
Index,1998-10-31,68.41,95.178,25.431,85.304,62.746,,,85.686,88.705,23.836,120.072,35.918,53.441,55.354,41.012,60.472
Index,1998-11-30,66.541,111.356,23.972,98.752,55.843,,,81.441,84.225,30.4,115.502,34.872,56.781,60.315,44.565,61.891
Index,1998-12-31,99.044,130.898,27.192,123.169,66.112,,,88.984,95.972,33.471,115.446,41.219,79.771,82.543,53.438,76.746
Index,1999-01-31,71.635,112.806,25.573,106.215,61.399,,,87.82,114.62,33.771,114.985,38.216,80.491,82.498,51.407,72.56
Index,1999-02-28,69.403,108.88,26.016,77.749,57.443,,,86.824,162.542,23.964,110.852,34.212,69.984,55.051,43.299,64.914
Index,1999-03-31,82.691,106.888,34.448,98.741,62.952,,,82.901,86.459,32.836,121.326,39.064,62.592,56.317,46.418,63.532
Index,1999-04-30,79.684,93.743,33.231,87.77,62.473,,,81.35,80.18,37.98,116.651,35.837,53.329,57.273,47.011,60.342
Index,1999-05-31,75.67,112.188,33.089,96.168,64.705,,,82.257,90.338,35.148,120.437,39.171,63.952,59.968,48.869,66.398
Index,1999-06-30,86.528,120.308,33.459,97.882,61.248,,,80.973,90.839,44.801,116.41,42.019,68.162,65.724,54.071,68.456
Index,1999-07-31,89.268,109.436,31.882,95.189,62.965,,,82.888,98.099,42.357,125.689,38.316,64.694,70.099,52.146,66.74
Index,1999-08-31,80.326,113.44,33.345,102.097,66.741,,,85.673,98.029,47.128,115.073,37.681,64.102,60.056,53.822,65.994
Index,1999-09-30,77.747,117.494,32.968,97.024,61.762,,,78.533,94.191,53.198,116.763,40.413,59.763,62.99,55.854,64.85
Index,1999-10-31,83.09,111.417,33.621,97.309,61.717,,,83.778,91.355,46.686,114.844,39.644,65.067,65.835,54.141,66.997
Index,1999-11-30,89.319,117.636,34.928,115.172,65.025,,,82.177,93.205,47.09,116.305,39.657,69.299,67.921,55.592,69.51
Index,1999-12-31,124.39,143.658,39.486,135.677,73.861,,,91.58,100.777,43.995,117.06,47.406,98.051,83.314,62.386,85.504
Index,2000-01-31,86.689,116.287,36.421,117.742,83.438,,,92.543,193.905,70.137,117.768,49.976,100.539,88.852,73.616,85.395
Index,2000-02-29,77.636,101.898,41.677,95.188,54.408,,,82.918,113.511,34.573,109.897,35.27,73.642,57.148,48.021,65.183
Index,2000-03-31,87.7,103.723,60.046,111.04,65.534,,,81.698,92.148,56.318,117.54,44.169,64.099,69.416,59.784,69.892
Index,2000-04-30,82.58,97.311,47.828,103.122,70.374,,,81.486,88.273,61.41,114.533,40.817,60.555,64.168,60.521,67.027
Index,2000-05-31,86.661,127.299,50.054,106.353,63.968,,,84.769,89.572,62.509,119.143,40.623,62.011,64.422,62.84,70.657
Index,2000-06-30,94.501,96.486,50.263,104.481,70.541,,,83.908,89.732,76.946,111.824,46.459,67.423,66.655,69.086,70.706
Index,2000-07-31,84.203,107.766,49.239,112.568,67.832,,,85.134,99.621,74.627,116.053,39.681,73.827,74.324,68.956,72.417
Index,2000-08-31,78.706,104.166,47.387,107.305,66.962,,,86.096,96.791,66.751,114.706,38.992,70.045,61.157,63.618,68.591
Index,2000-09-30,77.55,104.239,50.162,109.34,69.667,,,83.675,95.207,73.891,114.926,43.151,62.463,65.564,66.907,69.007
Index,2000-10-31,83.741,106.355,45.179,102.228,70.637,,,87.549,94.695,58.163,110.384,39.917,64.222,69.922,60.644,70.021
Index,2000-11-30,88.385,146.776,44.563,116.964,68.564,,,85.046,96.505,76.028,109.231,39.673,69.239,73.575,70.186,73.648
Index,2000-12-31,134.689,146.846,60.43,146.808,76.125,,,95.988,102.765,74.571,110.278,50.402,105.813,92.452,79.211,92.645
Index,2001-01-31,84.253,114.07,69.598,116.286,74.456,,,98.745,215.502,93.864,116.838,46.09,100.431,73.204,83.496,84.774
Index,2001-02-28,70.345,116.584,52.075,108.011,69.643,,,80.465,87.012,67.494,103.797,39.101,63.305,55.067,62.321,65.443
Index,2001-03-31,84.117,105.547,62.075,117.091,70.756,,,87.145,90.591,93.268,117.104,45.011,65.262,60.177,76.099,70.734
Index,2001-04-30,78.347,99.955,46.288,102.878,69.239,,,83.047,89.242,80.835,111.332,40.018,60.957,58.656,68.23,65.778
Index,2001-05-31,86.328,127.057,44.707,104.934,59.695,,,87.379,92.557,82.466,114.59,40.946,64.29,61.853,70.949,69.744
Index,2001-06-30,89.709,106.156,50.874,106.532,66.953,,,85.082,97.256,78.97,108.142,46.144,73.992,65.243,70.483,71.786
Index,2001-07-31,86.732,116.295,46.2,110.077,68.473,,,87.436,96.161,74.897,116.882,40.597,71.786,67.169,68.309,70.955
Index,2001-08-31,82.869,101.678,49.259,106.608,91.001,,,89.129,96.527,81.666,114.774,39.454,67.267,63.77,71.309,71.129
Index,2001-09-30,76.549,95.936,41.178,96.076,74.46,,,87.105,96.661,69.556,107.302,42.509,57.619,60.893,63.686,66.385
Index,2001-10-31,75.275,102.268,39.875,95.89,79.692,,,87.85,92.334,67.724,116.017,39.891,64.428,64.173,63.889,68.33
Index,2001-11-30,83.168,116.858,41.444,113.22,84.394,,,88.464,96.862,75.232,112.371,39.424,68.029,77.138,69.756,73.518
Index,2001-12-31,118.781,155.616,56.167,152.11,76.517,,,98.229,109.501,75.494,113.782,50.015,112.359,92.129,79.529,92.508
Index,2002-01-31,75.165,118.551,49.096,126.659,95.851,,,91.578,143.16,85.956,117.617,46.546,86.867,81.72,78.482,81.593
Index,2002-02-28,69.183,100.668,36.965,92.768,52.145,,,94.178,176.322,62.111,104.092,39.774,76.435,56.65,61.338,68.054
Index,2002-03-31,81.761,104.053,45.484,119.696,81.947,,,89.146,98.13,89.855,114.868,47.083,65.446,66.308,75.112,71.667
Index,2002-04-30,74.691,106.969,41.334,103.348,84.025,,,89.125,93.681,74.253,111.264,39.89,56.866,62.525,66.355,67.651
Index,2002-05-31,79.424,116.609,47.033,110.133,82.142,,,90.304,100.569,63.052,111.138,40.53,63.955,65.884,64.099,72.686
Index,2002-06-30,83.953,104.503,45.065,110.308,79.677,,,89.407,104.686,70.38,103.565,44.344,68.177,66.671,66.941,72.076
Index,2002-07-31,82.455,119.29,46.777,117.304,78.914,,,92.203,106.009,80.596,113.435,39.524,67.872,75.951,72.137,73.651
Index,2002-08-31,75.974,99.852,45.51,112.648,80.232,,,96.414,112.469,71.307,113.673,38.822,63.749,63.353,66.536,70.496
Index,2002-09-30,72.582,94.223,38.747,104.107,80.719,,,91.1,105.502,68.666,110.657,45.245,60.272,63.375,64.401,68.531
Index,2002-10-31,79.101,107.434,49.265,103.396,90.399,,,95.934,98.955,66.233,111.923,47.372,63.21,70.477,65.92,73.576
Index,2002-11-30,81.466,106.796,47.49,126.838,95.056,,,96.249,99.768,74.207,107.05,41.172,74.722,82.355,71.519,77.84
Index,2002-12-31,116.384,143.196,65.997,162.315,93.011,,,105.134,115.945,87.786,108.301,51.548,111.081,97.368,86.727,96.253
Index,2003-01-31,78.887,98.479,49.182,123.656,91.917,,,104.883,257.77,99.14,114.377,49.269,101.888,76.505,87.002,87.149
Index,2003-02-28,65.363,77.999,44.791,98.004,67.744,,,87.499,79.767,58.982,95.34,37.665,60.962,52.693,56.682,61.525
Index,2003-03-31,70.303,106.502,54.17,116.875,85.157,,,94.328,90.541,80.79,111.068,50.031,56.099,61.841,70.895,71.012
Index,2003-04-30,61.678,76.099,50.396,93.01,77.066,,,89.05,71.485,84.181,99.749,44.149,40.895,60.813,67.851,62.158
Index,2003-05-31,69.641,89.627,56.62,101.39,70.963,,,93.002,76.856,97.632,108.167,42.34,48.726,62.024,76.061,66.918
Index,2003-06-30,85.261,126.864,49.45,128.574,62.519,,,90.852,94.512,85.454,105.199,49.096,64.469,64.224,73.634,72.452
Index,2003-07-31,76.986,106.193,48.704,123.619,63.411,,,93.002,110.714,102.194,111.256,43.036,60.834,63.397,79.202,69.232
Index,2003-08-31,77.959,97.059,46.898,115.118,72.983,,,95.401,111.434,83.813,110.115,43.248,59.901,62.394,71.418,69.482
Index,2003-09-30,66.679,104.563,43.944,108.983,66.947,,,91.18,99.289,94.762,106.899,46.74,55.917,59.466,74.995,67.252
Index,2003-10-31,81.534,120.937,43.957,106.221,72.743,,,95.35,100.295,93.488,110.84,42.364,63.895,69.476,77.232,72.726
Index,2003-11-30,87.878,126.272,48.519,122.79,68.804,,,93.866,103.53,98.191,108.844,41.459,69.602,76.897,80.559,75.287
Index,2003-12-31,133.644,150.681,56.876,166.813,81.608,,,102.55,127.553,113.677,109.057,57.064,103.481,96.497,97.165,94.83
Index,2004-01-31,82.694,112.551,50.671,114.323,89.604,,,109.18,221.465,118.653,111.618,49.307,88.849,77.455,94.637,85.695
Index,2004-02-29,77.432,115.025,51.504,107.598,78.112,,,91.206,85.685,110.675,101.355,43.223,62.513,60.932,82.827,69.235
Index,2004-03-31,77.155,99.191,59.074,118.604,99.894,,,93.764,88.575,119.445,108.515,52.671,59.812,67.905,88.837,73.633
Index,2004-04-30,77.244,103.483,51.371,108.816,77.046,,,93.547,87.663,101.197,106.433,44.699,58.284,66.785,78.842,69.409
Index,2004-05-31,83.492,109.252,50.287,107.805,90.389,,,94.999,101.073,103.143,108.627,47.587,63.982,68.233,82.421,74.797
Index,2004-06-30,91.272,107.056,58.357,120.245,76.573,,,96.689,101.898,111.23,102.244,54.221,73.74,73.226,86.803,76.575
Index,2004-07-31,87.406,101.542,50.597,109.222,80.53,,,98.043,106.785,111.375,109.312,45.84,75.982,75.69,86.114,75.099
Index,2004-08-31,81.282,97.046,49.255,106.003,82.394,,,99.425,99.619,98.93,109.058,45.49,63.931,70.587,79.522,72.662
Index,2004-09-30,86.937,109.87,46.001,100.032,83.315,,,91.439,97.54,105.433,105.517,50.315,59.304,67.314,81.746,71.538
Index,2004-10-31,81.147,118.271,44.237,97.925,78.608,,,96.601,93.326,115.437,109.849,46.485,66.271,74.992,87.542,74.473
Index,2004-11-30,88.197,127.57,51.55,109.738,82.211,,,96.945,93.369,115.36,101.738,46.13,71.548,82.285,89.278,77.951
Index,2004-12-31,124.68,146.618,65.295,154.961,98.078,,,104.256,117.322,113.199,108.52,58.54,107.985,100.716,98.343,97.581
Index,2005-01-31,95.033,133.41,62.653,120.259,84.85,,,114.214,148.026,141.618,109.926,61.383,104.09,91.537,106.637,91.604
Index,2005-02-28,85.916,116.127,47.683,95.811,66.852,,,103.563,147.701,89.811,98.752,44.284,69.932,67.755,79.739,74.211
Index,2005-03-31,91.389,121.1,62.76,120.85,82.977,,,103.48,105.688,141.209,110.491,52.422,70.692,83.926,97.545,79.651
Index,2005-04-30,92.885,110.161,58.384,115.536,87.733,,,96.846,102.982,120.523,107.908,46.976,62.043,77.191,89.027,75.663
Index,2005-05-31,91.019,118.544,54.606,106.593,79.749,,,98.768,112.461,113.318,108.254,49.603,73.169,79.345,89.865,79.337
Index,2005-06-30,96.382,113.03,59.937,116.785,84.79,,,94.955,104.61,128.541,105.752,51.757,80.162,78.233,94.556,80.172
Index,2005-07-31,97.808,114.476,58.112,124.559,87.326,,,102.0,111.071,123.826,115.744,51.966,79.827,83.585,95.332,82.88
Index,2005-08-31,94.647,110.921,61.678,123.414,83.115,,,104.022,119.514,108.972,108.785,51.577,63.489,74.176,88.188,78.648
Index,2005-09-30,90.978,113.871,60.928,112.742,85.326,,,99.965,117.026,119.386,103.008,52.685,66.845,76.587,90.832,78.469
Index,2005-10-31,97.876,127.765,58.583,115.552,87.003,,,109.456,111.681,128.569,108.796,51.91,74.544,89.478,97.695,84.34
Index,2005-11-30,97.396,115.869,56.076,111.575,89.67,,,94.559,112.388,118.606,102.904,50.472,71.976,84.727,91.523,79.666
Index,2005-12-31,134.361,150.275,65.819,146.097,94.502,,,103.53,130.092,126.024,106.574,62.592,121.103,105.139,109.177,100.523
Index,2006-01-31,97.912,116.906,57.867,111.877,89.127,,,125.923,208.75,144.76,113.202,67.938,123.763,95.046,112.653,98.476
Index,2006-02-28,86.351,105.261,58.165,108.358,78.757,,,87.997,102.918,98.763,102.236,44.2,69.818,71.206,81.085,72.81
Index,2006-03-31,96.181,97.787,70.118,112.695,99.129,,,107.933,112.325,166.959,116.505,56.054,74.909,83.332,106.257,82.082
Index,2006-04-30,97.424,96.631,67.832,105.528,89.641,,,103.051,112.077,126.148,112.238,51.367,77.819,79.84,94.301,80.667
Index,2006-05-31,98.026,108.501,71.485,109.315,86.377,,,106.863,123.655,142.748,112.928,56.982,78.133,86.16,102.096,85.145
Index,2006-06-30,94.009,95.644,66.234,106.011,91.308,,,99.459,112.826,146.135,107.38,56.508,87.73,79.478,101.124,82.649
Index,2006-07-31,95.759,92.684,67.513,111.622,90.193,,,107.916,118.545,138.232,115.382,54.183,89.291,82.753,99.713,83.577
Index,2006-08-31,92.37,96.75,66.185,117.363,92.584,,,108.859,122.992,115.864,115.449,52.805,74.385,77.759,92.369,81.75
Index,2006-09-30,88.076,97.033,73.344,118.485,99.368,,,105.357,124.105,128.679,111.974,55.233,72.963,84.05,96.897,83.223
Index,2006-10-31,92.836,114.459,64.645,112.316,90.565,,,109.173,119.847,140.867,113.66,51.948,74.162,92.284,101.883,85.529
Index,2006-11-30,95.404,108.234,67.036,114.939,94.701,,,102.353,115.32,148.415,111.274,53.364,81.391,87.102,102.686,83.916
Index,2006-12-31,139.898,146.722,89.954,145.713,98.273,,,106.545,134.089,140.591,111.971,61.805,116.637,118.364,117.593,106.529
Index,2007-01-31,96.345,113.204,67.427,125.763,95.235,,,115.711,143.546,169.265,114.289,61.43,111.917,109.531,116.628,95.047
Index,2007-02-28,89.541,107.398,59.33,97.488,82.428,,,114.947,183.493,122.651,107.952,55.804,96.074,86.014,99.181,88.389
Index,2007-03-31,100.37,100.803,84.023,124.13,103.265,,,104.01,127.468,145.161,117.56,57.086,86.787,98.7,105.765,89.155
Index,2007-04-30,96.6,95.439,75.376,125.776,86.798,,,112.063,110.084,130.861,114.613,51.164,81.593,94.206,99.151,85.435
Index,2007-05-31,106.258,108.908,75.098,119.681,99.247,,,113.239,122.044,136.957,119.13,59.985,88.634,98.261,105.707,91.991
Index,2007-06-30,118.394,135.226,91.186,124.049,100.392,,,111.043,120.145,157.12,117.691,62.929,100.7,119.305,116.775,99.554
Index,2007-07-31,99.509,99.251,77.119,120.068,98.471,,,107.252,120.212,112.369,120.933,51.993,94.267,95.07,97.09,89.26
Index,2007-08-31,101.222,99.857,76.269,122.518,95.626,,,111.595,120.8,115.636,121.391,51.72,80.132,87.119,96.397,87.177
Index,2007-09-30,91.038,103.844,86.926,119.463,95.767,,,107.841,121.709,128.649,117.712,53.615,83.607,94.674,101.159,88.89
Index,2007-10-31,96.948,110.269,80.346,121.402,103.148,,,104.851,119.617,129.765,119.231,53.079,90.762,101.044,103.262,91.293
Index,2007-11-30,106.759,112.313,85.912,125.251,99.385,,,96.258,116.563,111.864,111.051,52.494,95.163,97.264,98.221,90.943
Index,2007-12-31,141.101,139.461,105.673,157.412,104.136,,,104.478,135.837,117.42,110.99,63.422,131.993,124.434,115.515,111.977
Index,2008-01-31,93.332,111.205,88.097,127.829,108.107,105.298,88.408,111.468,167.903,152.434,117.609,71.09,126.283,121.616,119.479,104.829
Index,2008-02-29,92.013,98.45,76.988,105.954,83.827,84.291,80.878,101.296,140.034,108.565,109.266,50.912,88.306,88.608,93.946,86.429
Index,2008-03-31,98.878,98.047,105.611,135.585,91.478,86.555,79.681,102.423,121.105,127.596,117.184,57.896,95.556,114.693,105.236,94.696
Index,2008-04-30,92.807,86.831,84.596,115.107,96.127,78.522,78.74,104.271,106.557,134.455,116.29,56.291,79.974,95.225,101.073,86.731
Index,2008-05-31,109.594,105.704,81.532,117.788,98.432,100.914,81.829,104.738,112.095,129.79,121.661,61.49,95.167,98.946,105.283,93.98
Index,2008-06-30,109.984,95.863,82.825,122.721,94.506,98.609,78.139,99.054,116.242,137.331,114.574,60.912,101.708,100.545,106.173,92.491
Index,2008-07-31,98.741,88.999,86.601,124.987,99.213,84.213,82.12,103.421,111.938,126.099,126.453,56.398,96.679,103.453,102.872,92.083
Index,2008-08-31,97.777,104.204,101.903,124.533,92.876,84.663,84.97,109.999,117.703,98.88,126.641,56.973,89.298,91.783,96.276,92.958
Index,2008-09-30,88.747,98.303,103.997,118.677,102.334,84.997,81.14,108.205,110.198,128.723,120.995,58.911,85.545,100.612,103.871,92.481
Index,2008-10-31,90.894,102.204,89.955,118.248,97.88,91.723,81.786,108.385,104.771,98.775,125.561,57.26,80.128,94.899,94.827,91.069
Index,2008-11-30,92.768,89.962,96.41,119.825,90.039,87.447,79.307,103.734,105.114,98.942,119.487,56.926,87.551,86.198,92.914,88.467
Index,2008-12-31,133.48,113.572,103.687,145.94,97.998,135.792,88.492,111.922,122.564,116.319,120.194,69.168,125.601,108.835,112.163,107.901
Index,2009-01-31,95.924,86.805,79.884,115.969,90.152,108.063,101.28,119.904,179.085,98.957,123.647,68.929,120.888,92.604,102.31,101.004
Index,2009-02-28,85.602,79.004,79.612,111.533,74.407,70.02,71.781,93.501,102.702,105.915,109.095,53.906,69.64,74.415,86.199,77.127
Index,2009-03-31,96.039,69.428,111.746,119.555,87.892,82.185,83.525,102.633,112.762,110.418,120.662,61.985,81.405,88.974,96.228,88.865
Index,2009-04-30,92.777,78.149,85.517,109.953,84.142,76.911,79.596,103.626,106.518,91.674,117.994,58.547,75.013,86.854,87.632,84.068
Index,2009-05-31,101.899,80.065,85.377,110.137,83.088,92.67,86.898,107.676,105.774,92.257,121.23,62.799,86.519,91.689,92.094,89.793
Index,2009-06-30,103.497,76.486,95.267,112.735,85.636,95.462,81.115,105.347,111.326,100.428,113.761,64.527,98.012,95.452,95.168,90.99
Index,2009-07-31,100.619,80.065,91.501,112.812,91.705,84.18,82.93,107.631,114.415,88.017,120.0,60.767,95.144,100.33,91.86,90.982
Index,2009-08-31,95.293,86.405,89.647,114.672,87.272,78.893,88.744,109.366,112.188,85.247,117.874,61.509,90.442,91.408,90.399,90.018
Index,2009-09-30,92.528,88.772,100.41,109.894,87.897,85.59,84.804,107.603,110.065,79.632,114.254,60.985,85.471,99.496,89.497,90.806
Index,2009-10-31,93.035,89.301,97.079,112.745,89.424,85.618,84.783,106.038,111.722,85.694,119.616,59.872,85.068,91.934,90.526,90.03
Index,2009-11-30,96.253,85.325,102.076,117.007,85.665,92.642,82.874,101.339,103.344,85.105,113.337,60.062,90.585,93.655,90.653,90.408
Index,2009-12-31,140.344,114.487,127.571,146.214,97.738,131.412,89.185,108.69,123.511,90.466,114.62,69.875,126.834,112.55,106.634,109.756
Index,2010-01-31,100.841,90.264,106.322,133.504,90.019,104.87,92.179,106.772,114.619,93.454,121.455,66.294,120.602,111.904,105.572,101.986
Index,2010-02-28,95.563,85.866,88.611,101.277,84.502,94.336,91.268,103.845,165.063,70.566,111.753,61.33,105.643,77.389,91.448,91.956
Index,2010-03-31,101.7,84.048,119.622,122.243,87.278,82.987,84.513,102.931,98.313,80.039,122.788,71.013,84.742,98.877,92.223,92.615
Index,2010-04-30,97.132,82.14,94.06,116.348,82.029,83.809,82.985,100.308,100.983,63.667,119.183,62.912,84.788,97.308,84.151,88.597
Index,2010-05-31,105.426,87.942,92.342,121.052,85.212,99.63,89.751,104.403,108.654,56.216,122.14,67.502,93.941,100.43,86.324,94.552
Index,2010-06-30,105.998,82.447,92.288,116.976,89.915,97.689,84.241,95.836,102.214,66.642,112.917,70.672,97.958,102.124,87.398,92.794
Index,2010-07-31,104.325,83.923,89.219,120.413,91.046,93.531,86.568,103.49,111.1,68.231,122.739,66.816,103.502,104.957,89.34,94.629
Index,2010-08-31,97.519,85.634,110.33,113.017,85.745,86.399,90.819,106.557,114.278,66.835,120.331,66.119,87.668,104.245,89.907,93.949
Index,2010-09-30,93.861,88.315,127.987,107.809,90.793,91.49,83.937,105.079,110.86,69.435,117.743,70.355,87.573,102.864,90.904,94.664
Index,2010-10-31,93.929,91.142,102.455,112.652,88.844,91.351,87.865,107.897,112.602,64.456,120.646,68.941,95.646,101.114,88.918,94.906
Index,2010-11-30,90.854,89.961,117.87,124.596,92.689,92.456,85.323,102.618,110.648,66.849,112.594,67.66,103.759,105.787,90.766,96.628
Index,2010-12-31,148.483,115.893,134.169,156.112,102.556,143.335,93.487,109.464,122.758,70.851,114.032,76.842,147.52,129.439,110.2,118.338
Index,2011-01-31,110.152,103.315,113.36,131.924,104.524,126.505,107.956,120.077,172.385,61.842,122.554,79.716,144.254,121.457,105.686,116.49
Index,2011-02-28,93.744,92.648,96.926,108.132,78.04,83.37,80.269,99.637,111.397,41.076,108.517,61.343,90.258,83.85,78.344,87.52
Index,2011-03-31,101.904,87.793,124.609,123.529,95.731,88.243,86.496,105.679,107.232,66.02,123.449,76.962,90.337,104.078,90.685,96.785
Index,2011-04-30,106.586,95.766,105.195,116.708,89.298,89.451,88.421,105.518,108.918,64.226,123.181,69.198,94.193,98.454,89.162,95.326
Index,2011-05-31,108.845,102.603,107.827,114.538,87.774,103.692,92.05,108.804,111.371,64.64,123.775,73.041,98.15,106.129,92.848,99.817
Index,2011-06-30,113.539,101.491,122.837,111.378,94.03,103.019,85.616,103.537,110.652,73.817,118.452,70.932,109.568,105.288,95.043,100.304
Index,2011-07-31,112.24,97.502,120.613,114.369,94.654,101.802,90.954,110.595,113.281,74.302,129.179,70.968,113.126,109.182,96.878,102.47
Index,2011-08-31,104.702,91.56,110.96,105.54,93.161,92.681,93.541,110.55,118.169,59.15,125.507,70.027,97.673,107.487,90.556,98.306
Index,2011-09-30,97.17,81.615,123.378,99.417,91.089,92.311,84.743,107.946,108.813,59.584,122.891,74.806,90.172,101.042,87.524,94.423
Index,2011-10-31,103.74,93.111,132.442,106.153,92.552,100.32,91.413,109.811,117.323,67.985,124.377,74.613,99.754,107.258,94.216,100.701
Index,2011-11-30,98.048,84.818,160.127,117.7,90.648,100.163,85.131,105.427,112.947,68.794,119.932,71.687,102.357,104.825,93.78,99.96
Index,2011-12-31,149.476,120.256,181.271,148.913,104.451,156.393,94.958,109.148,131.257,65.401,120.256,86.393,156.731,131.864,113.758,125.672
Index,2012-01-31,108.634,101.997,129.32,121.485,97.616,129.046,110.146,123.396,188.573,60.758,125.19,83.903,145.676,119.628,106.752,118.099
Index,2012-02-29,101.231,88.102,108.33,109.83,90.816,88.517,81.145,101.224,106.347,72.239,120.411,76.682,91.814,94.981,88.614,92.668
Index,2012-03-31,106.792,89.238,142.383,116.263,95.447,96.723,88.336,107.751,110.196,76.431,127.339,83.68,95.552,112.636,96.481,101.441
Index,2012-04-30,109.234,93.802,122.129,109.722,91.23,92.716,87.695,105.731,110.636,64.584,123.146,75.549,94.849,102.492,90.961,97.476
Index,2012-05-31,113.639,97.223,118.334,106.427,90.09,102.661,90.305,108.291,112.628,66.127,126.622,78.932,97.803,107.899,93.503,100.265
Index,2012-06-30,118.729,88.378,143.755,110.083,91.832,103.907,87.337,106.856,108.812,64.525,121.065,84.302,110.32,110.546,95.049,102.586
Index,2012-07-31,108.518,90.966,120.616,110.245,90.91,94.296,91.509,111.044,114.807,63.461,127.735,75.977,109.22,110.808,93.446,100.85
Index,2012-08-31,109.752,93.169,112.622,103.972,96.359,95.69,95.503,113.037,119.923,60.074,125.629,76.192,102.874,111.651,92.927,101.036
Index,2012-09-30,101.422,82.456,141.651,100.543,89.091,94.473,88.599,108.224,113.47,57.842,122.73,80.592,91.567,105.679,89.877,97.784
Index,2012-10-31,101.006,89.646,146.725,102.047,87.503,99.415,92.255,109.619,114.925,61.93,125.306,78.037,99.429,109.024,93.422,101.197
Index,2012-11-30,100.669,89.275,158.089,111.534,89.955,100.936,88.106,107.76,116.239,60.574,118.427,78.649,106.781,108.406,94.042,102.303
Index,2012-12-31,145.604,120.774,165.934,147.17,97.965,150.048,97.737,110.219,137.144,58.474,117.532,89.645,149.888,134.304,111.024,123.985
Index,2013-01-31,102.666,96.388,122.742,122.281,96.357,116.351,99.504,115.515,145.795,66.437,125.463,83.939,132.209,122.359,102.339,111.2
Index,2013-02-28,103.054,99.613,116.518,99.487,82.248,103.127,96.874,110.941,160.007,41.758,110.438,85.744,113.097,89.14,90.034,101.927
Index,2013-03-31,110.761,92.659,126.886,118.848,98.199,98.401,93.051,110.718,115.357,53.55,124.219,85.329,95.616,105.531,92.078,101.579
Index,2013-04-30,108.388,108.198,109.635,113.587,93.037,88.552,89.617,106.567,113.522,61.732,121.716,75.742,92.151,100.318,91.0,98.227
Index,2013-05-31,112.652,112.136,129.024,111.692,93.446,106.755,93.888,109.831,117.854,67.561,125.627,79.684,97.238,97.099,96.307,103.409
Index,2013-06-30,121.697,101.67,133.256,111.606,92.95,106.918,92.933,108.367,114.729,47.487,118.83,88.245,110.551,107.619,93.613,104.979
Index,2013-07-31,110.812,107.517,112.904,117.568,93.987,96.042,93.359,114.733,119.013,38.561,126.65,76.173,106.555,110.414,90.568,103.377
Index,2013-08-31,123.592,103.13,106.152,110.766,93.933,101.78,98.907,113.695,124.917,37.948,125.421,77.127,103.831,105.151,90.23,103.106
Index,2013-09-30,104.236,93.571,121.179,105.177,90.512,94.361,90.474,106.799,116.767,47.649,121.33,83.476,91.927,102.082,88.136,98.116
Index,2013-10-31,103.304,100.845,122.505,106.648,90.49,98.101,93.879,108.18,116.535,40.674,123.908,78.532,99.151,101.851,88.763,100.609
Index,2013-11-30,102.46,100.282,137.478,121.692,87.872,101.787,91.473,105.386,115.53,38.365,119.134,79.781,105.128,103.215,89.661,102.295
Index,2013-12-31,144.026,132.81,155.246,148.866,98.359,155.484,99.473,109.728,133.434,42.897,118.066,96.588,151.457,129.164,109.384,125.757
Index,2014-01-31,114.066,123.394,119.272,122.888,100.365,130.229,116.77,119.352,217.874,47.755,129.597,95.086,138.255,119.318,107.99,123.016
Index,2014-02-28,96.833,114.004,102.82,105.821,78.621,92.417,82.041,91.075,104.494,39.446,109.441,77.785,98.217,80.668,82.285,92.916
Index,2014-03-31,106.426,97.123,122.675,109.33,84.825,98.29,95.208,110.356,115.259,57.298,125.624,91.875,97.379,98.439,92.407,100.865
Index,2014-04-30,96.633,96.091,109.615,112.967,82.951,86.979,91.087,105.821,113.064,43.547,121.293,79.55,91.267,96.813,85.326,95.641
Index,2014-05-31,113.622,105.653,107.166,118.885,84.12,105.726,96.229,106.652,119.488,53.405,124.205,79.884,97.127,96.097,91.393,100.632
Index,2014-06-30,102.402,95.063,113.715,112.398,85.158,102.986,91.901,103.285,109.848,51.267,116.885,91.169,106.192,106.694,90.971,100.674
Index,2014-07-31,99.313,97.9,95.666,115.16,87.496,97.736,97.872,109.035,114.494,51.576,125.299,78.302,102.323,113.266,90.995,100.622
Index,2014-08-31,104.101,103.107,103.11,118.817,90.225,95.72,98.899,112.636,125.343,52.062,126.533,83.282,96.504,92.651,91.015,100.516
Index,2014-09-30,94.095,98.054,124.795,102.298,85.925,93.201,91.614,105.879,108.671,55.879,122.632,87.977,91.477,95.024,89.617,97.737
Index,2014-10-31,101.868,107.652,161.254,106.586,92.855,100.06,95.558,109.384,116.222,53.355,122.672,81.121,97.861,99.693,94.385,104.408
Index,2014-11-30,98.655,107.716,145.656,113.167,91.751,105.431,93.66,105.364,113.808,51.003,117.607,80.397,104.353,98.507,93.253,103.614
Index,2014-12-31,133.037,130.024,193.93,139.451,99.003,146.982,100.699,104.041,129.487,55.621,115.537,100.895,146.134,122.599,111.549,125.386
Index,2015-01-31,98.12,121.04,141.846,124.388,99.752,112.349,103.11,107.972,122.83,65.4,114.967,83.469,119.797,116.712,103.078,112.144
Index,2015-02-28,90.626,113.837,103.052,97.977,92.548,114.567,107.979,98.189,165.326,51.573,101.341,85.396,118.517,87.048,94.937,105.578
Index,2015-03-31,98.471,100.845,119.464,108.677,92.147,97.385,94.752,104.308,112.471,80.873,105.67,88.197,91.672,89.909,95.058,97.976
Index,2015-04-30,91.524,96.956,114.893,110.441,95.172,90.819,92.979,100.233,104.696,68.978,101.51,82.357,89.073,92.988,90.508,95.409
Index,2015-05-31,99.125,106.149,102.381,110.211,97.202,108.396,101.204,106.823,111.388,78.875,106.356,87.959,96.665,95.145,97.112,101.084
Index,2015-06-30,101.124,92.576,107.108,101.43,91.537,103.871,94.161,98.506,103.717,95.12,98.571,88.534,101.448,102.536,97.94,97.824
Index,2015-07-31,102.415,112.175,98.39,110.268,94.394,102.949,98.268,105.412,110.222,72.483,108.462,86.508,99.754,107.609,96.381,101.857
Index,2015-08-31,104.397,117.569,102.709,106.154,96.254,98.807,104.348,108.338,117.516,74.904,104.414,92.844,99.714,96.593,97.87,103.087
Index,2015-09-30,85.819,94.666,120.715,92.288,96.193,94.403,94.638,100.233,108.621,81.936,99.175,89.721,83.162,92.763,93.127,95.269
Index,2015-10-31,89.041,97.043,128.491,95.885,97.779,97.046,97.731,105.069,102.019,86.814,104.016,91.602,95.122,94.068,97.203,99.097
Index,2015-11-30,91.433,105.045,131.791,106.216,94.479,105.024,94.604,100.013,100.046,81.957,98.32,88.624,102.602,98.484,97.614,100.899
Index,2015-12-31,127.694,134.921,137.553,134.081,106.54,140.843,100.788,102.395,116.13,89.276,102.646,105.604,139.832,116.942,114.173,119.757
Index,2016-01-31,98.144,114.68,99.011,123.366,107.069,125.0,112.129,112.912,121.084,95.403,102.568,98.234,120.037,117.519,109.345,112.451
Index,2016-02-29,87.697,105.384,85.266,92.675,90.421,95.427,99.239,97.921,105.838,75.561,92.324,88.295,101.151,76.647,90.995,94.433
Index,2016-03-31,94.365,90.887,99.988,91.505,102.125,90.898,94.266,104.077,98.316,113.18,104.326,93.046,88.658,93.72,98.234,94.904
Index,2016-04-30,91.928,85.514,86.767,100.126,95.111,84.412,93.98,103.026,94.644,96.365,99.56,84.024,85.38,90.393,91.71,90.672
Index,2016-05-31,98.021,97.87,83.608,99.708,99.602,101.991,99.203,103.58,104.363,106.443,101.0,89.845,94.31,97.013,98.851,97.16
Index,2016-06-30,87.583,87.072,85.761,94.408,101.518,95.131,91.329,98.37,95.393,112.351,93.894,91.144,95.728,108.117,97.723,94.464
Index,2016-07-31,96.018,93.184,82.018,103.96,102.348,97.029,98.816,105.124,98.236,98.889,102.986,91.032,98.598,105.072,98.011,97.815
Index,2016-08-31,91.743,94.967,83.24,99.797,101.546,94.028,99.418,107.204,106.539,98.992,102.761,92.676,91.022,90.842,96.454,95.888
Index,2016-09-30,91.299,83.396,110.281,89.145,101.333,88.513,90.547,101.738,98.776,99.434,98.611,93.057,81.756,93.51,93.77,92.508
Index,2016-10-31,92.604,95.631,119.777,92.123,99.501,97.866,97.24,103.921,101.95,98.87,101.835,93.543,91.21,93.164,98.033,97.846
Index,2016-11-30,91.602,92.978,118.16,101.715,100.643,99.637,90.256,97.786,95.942,96.958,97.573,92.485,97.67,97.477,97.174,97.222
Index,2016-12-31,133.061,128.912,126.171,131.054,112.167,141.077,99.101,103.233,113.347,90.038,96.447,117.086,136.51,122.754,113.881,119.193
Index,2017-01-31,97.945,109.805,101.208,102.607,100.334,127.893,126.546,114.678,126.915,98.932,101.704,110.679,135.638,105.994,112.781,115.827
Index,2017-02-28,90.164,100.535,88.316,92.292,98.184,83.188,88.481,91.256,83.02,84.115,92.591,92.315,84.479,78.472,88.324,89.25
Index,2017-03-31,101.54,94.794,98.758,98.8,99.569,89.923,96.465,100.619,93.487,124.107,104.24,97.066,86.956,96.153,100.756,95.621
Index,2017-04-30,95.616,94.159,87.523,94.813,90.994,87.561,97.462,98.978,90.135,91.441,100.374,88.519,88.577,89.602,92.201,92.368
Index,2017-05-31,95.87,100.792,83.584,94.516,100.066,95.854,100.79,101.457,97.386,109.425,103.009,97.933,88.919,97.136,99.027,96.74
Index,2017-06-30,93.011,100.996,86.053,87.885,97.263,95.445,96.134,97.776,88.501,105.878,97.421,96.877,99.913,112.522,99.109,97.621
Index,2017-07-31,98.383,101.513,84.17,98.466,97.997,95.993,100.543,100.021,102.56,98.93,104.49,97.555,99.595,100.867,98.843,98.823
Index,2017-08-31,96.788,98.387,81.581,97.829,100.563,94.069,102.639,103.985,112.343,100.83,102.299,101.386,94.197,98.205,98.907,98.484
Index,2017-09-30,94.175,87.158,101.676,87.96,102.221,93.744,96.021,98.925,96.568,82.796,98.799,97.467,86.177,93.32,92.213,94.284
Index,2017-10-31,94.08,98.492,95.734,93.758,101.916,97.337,98.933,100.087,98.408,92.08,102.131,97.121,94.58,97.403,96.799,97.837
Index,2017-11-30,101.603,93.714,135.44,109.225,101.24,103.575,93.287,95.022,99.614,101.624,97.797,99.889,99.121,103.594,101.239,101.154
Index,2017-12-31,140.825,119.654,155.956,141.85,109.653,135.42,102.699,97.197,111.061,109.841,95.144,123.194,141.851,126.732,119.8,121.989
Index,2018-01-31,91.218,96.287,98.362,104.823,103.105,107.747,105.216,105.25,124.89,87.671,102.893,104.581,113.793,116.365,103.088,106.426
Index,2018-02-28,86.793,108.543,74.381,83.522,91.517,103.157,108.926,96.403,132.418,68.36,98.118,106.325,120.052,84.771,96.296,102.346
Index,2018-03-31,103.385,98.325,92.68,98.327,98.353,97.534,95.067,97.874,99.552,103.497,105.834,105.136,90.874,101.232,98.748,97.72
Index,2018-04-30,94.149,95.679,83.473,92.891,99.369,86.015,93.672,97.301,94.294,90.412,102.848,98.907,86.163,96.205,92.89,93.427
Index,2018-05-31,95.507,100.74,78.607,92.288,101.012,98.274,98.502,98.538,94.337,100.212,103.84,104.151,94.101,107.626,98.495,98.123
Index,2018-06-30,101.101,95.502,79.235,85.644,101.002,92.875,93.222,95.746,85.948,117.581,97.666,102.278,99.792,112.44,100.181,96.414
Index,2018-07-31,100.438,104.428,80.957,93.913,101.113,90.509,95.644,98.819,93.906,84.761,105.089,101.974,99.456,102.509,95.601,97.948
Index,2018-08-31,102.862,108.61,81.22,95.575,104.351,96.284,99.845,102.624,104.478,88.037,103.993,103.718,96.758,96.568,97.619,99.694
Index,2018-09-30,96.563,97.755,102.367,85.485,103.467,94.221,93.592,95.399,95.935,85.562,100.947,100.803,87.288,95.431,93.931,95.744
Index,2018-10-31,93.235,95.716,115.773,92.418,106.696,93.573,94.709,97.577,97.756,92.469,103.691,100.781,92.583,99.582,97.376,98.439
Index,2018-11-30,103.392,99.013,130.219,104.744,105.142,112.895,90.568,92.535,94.926,87.809,97.127,106.794,102.45,106.193,100.037,102.685
Index,2018-12-31,134.825,114.428,139.25,137.912,110.706,132.301,100.343,92.508,106.771,89.763,93.931,126.034,137.939,120.949,113.092,118.143
Index,2019-01-31,94.897,101.565,90.651,102.917,106.335,114.122,114.05,106.548,134.094,105.153,104.867,116.088,125.666,117.384,110.601,111.787
Index,2019-02-28,84.054,98.319,73.912,77.888,87.963,89.925,93.724,92.044,102.894,64.267,92.089,95.246,103.286,71.639,86.379,91.139
Index,2019-03-31,103.216,94.94,90.13,93.322,98.448,91.921,95.422,98.364,95.048,102.805,104.183,108.525,95.294,98.787,98.055,97.048
Index,2019-04-30,93.57,93.696,79.695,89.386,95.391,84.224,91.944,96.985,90.372,86.785,100.106,97.111,93.225,91.224,91.19,92.149
Index,2019-05-31,94.96,105.588,76.302,88.181,103.402,94.909,98.238,98.978,92.943,89.282,103.213,102.392,95.9,101.086,96.22,97.724
Index,2019-06-30,96.201,88.806,75.593,85.605,98.059,93.169,91.764,92.869,86.536,76.083,95.158,104.792,105.818,96.945,90.946,94.15
Index,2019-07-31,96.591,92.892,77.546,94.081,102.239,88.569,96.257,97.194,94.802,83.08,103.223,104.682,102.534,96.515,94.009,96.368
Index,2019-08-31,102.41,89.694,83.757,94.14,101.677,101.991,101.006,100.975,104.027,68.821,102.042,109.627,105.37,89.143,93.551,98.874
Index,2019-09-30,90.88,84.453,115.094,84.772,99.779,93.665,94.106,95.054,93.612,73.648,99.829,105.45,92.593,89.174,91.277,95.075
Index,2019-10-31,90.759,93.023,114.873,86.261,100.789,93.238,95.582,98.852,96.816,70.688,100.566,100.604,98.785,92.843,92.749,97.499
Index,2019-11-30,102.052,91.879,126.16,104.328,99.837,103.335,91.79,94.689,92.274,66.103,96.543,106.07,107.75,97.464,94.292,100.357
Index,2019-12-31,138.38,115.969,123.205,136.67,104.544,126.052,101.07,95.831,105.166,66.883,93.182,133.183,144.002,113.73,108.16,117.038
Index,2020-01-31,95.291,94.159,84.215,90.431,94.479,111.84,124.263,108.301,141.764,69.743,98.455,119.192,138.032,96.95,103.416,110.789
Index,2020-02-29,77.591,66.089,72.595,75.23,88.168,59.357,107.848,91.817,63.503,64.168,89.449,85.44,63.789,78.889,77.325,80.162
Index,2020-03-31,84.589,52.594,92.112,75.97,86.204,57.495,129.485,103.084,57.9,74.002,93.25,85.009,58.474,102.383,83.242,85.2
Index,2020-04-30,36.092,10.633,78.012,35.256,38.445,15.292,159.594,108.926,40.853,20.531,54.264,53.069,14.711,59.318,53.602,60.9
Index,2020-05-31,28.348,3.392,61.802,16.441,29.747,8.145,151.73,105.727,38.875,13.236,49.362,53.357,11.87,39.685,45.887,53.102
Index,2020-06-30,62.169,36.156,91.128,53.242,57.417,29.32,130.08,98.789,46.913,41.152,70.956,71.82,40.432,78.076,65.241,70.526
Index,2020-07-31,106.025,65.608,95.402,75.102,85.25,61.191,122.505,99.356,51.789,74.238,86.993,74.893,76.424,107.522,85.159,87.488
Index,2020-08-31,107.687,70.866,91.606,76.224,82.254,66.739,122.387,99.756,59.102,77.409,92.901,77.741,77.101,108.469,87.099,89.152
Index,2020-09-30,98.555,65.214,84.212,69.124,77.68,58.443,112.062,94.265,56.46,73.8,92.504,74.383,70.42,99.47,81.064,82.584
Index,2020-10-31,102.732,64.004,96.309,74.893,81.106,62.595,116.921,98.149,53.65,74.422,98.954,71.373,76.299,104.14,84.173,86.243
Index,2020-11-30,118.028,76.533,164.601,97.946,82.862,82.775,113.242,93.688,57.076,69.5,95.01,79.526,88.684,124.622,92.981,98.098
Index,2020-12-31,153.876,94.294,155.616,123.991,91.668,92.729,126.657,98.994,69.886,69.498,99.421,90.416,116.223,137.495,103.877,111.406
Index,2021-01-31,106.381,80.021,105.171,84.939,85.462,73.533,130.821,102.058,76.79,75.574,99.626,82.549,101.265,124.405,95.521,99.822
Index,2021-02-28,92.23,84.062,84.415,65.877,74.318,60.476,121.894,91.597,62.229,57.6,90.947,70.684,90.832,87.903,82.45,87.911
Index,2021-03-31,111.337,84.536,115.548,77.957,81.573,58.624,111.342,95.333,53.656,83.437,99.723,75.857,81.398,103.989,89.154,90.213
Index,2021-04-30,103.156,79.483,96.613,70.484,79.032,57.66,111.387,91.024,55.361,71.263,96.078,71.23,83.762,97.587,84.008,86.691
Index,2021-05-31,92.061,69.995,106.065,63.364,71.557,51.301,134.56,97.271,57.012,65.21,86.918,74.667,67.352,107.223,83.491,87.444
Index,2021-06-30,99.908,65.15,108.61,62.273,75.743,50.4,125.067,91.994,54.281,70.674,83.094,73.493,72.124,109.273,83.142,85.765
Index,2021-07-31,101.737,74.605,104.614,67.524,80.883,58.192,127.737,95.71,56.05,65.025,92.532,77.213,81.927,103.031,85.653,90.137
Index,2021-08-31,104.426,78.956,98.889,67.614,75.652,62.991,128.016,93.836,59.581,62.703,91.461,76.212,80.17,102.901,85.176,90.085
Index,2021-09-30,97.859,74.258,143.953,62.118,77.779,59.607,116.874,87.988,57.531,69.306,90.137,81.865,78.815,103.699,86.435,90.116
Index,2021-10-31,101.635,85.254,171.369,62.197,76.29,62.037,128.043,91.963,57.295,61.89,89.937,79.501,82.653,110.624,90.233,96.472
Index,2021-11-30,120.407,90.002,160.112,89.297,80.292,79.05,119.523,87.288,60.927,56.798,88.691,88.365,107.522,129.448,94.424,102.778
Index,2021-12-31,164.341,121.612,170.765,118.52,91.595,106.281,126.68,94.181,77.724,60.203,97.435,106.215,146.087,136.744,110.643,121.888
Index,2022-01-31,113.318,106.635,117.821,79.48,88.094,97.716,152.875,102.608,88.063,63.866,100.259,97.827,137.096,125.8,106.232,115.781
Index,2022-02-28,94.479,93.248,95.721,60.158,68.496,58.197,107.356,77.48,51.047,47.704,80.974,83.471,90.171,87.191,78.599,85.556
Index,2022-03-31,111.422,94.188,145.462,71.897,80.942,69.903,119.006,87.767,63.691,67.282,97.909,96.75,106.495,116.468,94.834,100.912
Index,2022-04-30,111.197,96.828,112.384,68.76,83.347,75.201,113.506,83.436,73.805,54.506,94.944,83.639,122.663,111.546,90.933,99.145
Index,2022-05-31,125.1,108.342,111.148,71.765,86.908,87.198,116.797,89.129,80.875,54.02,97.175,89.056,130.607,109.416,95.179,104.497
Index,2022-06-30,125.503,98.069,108.325,70.099,86.644,77.371,105.666,83.717,74.972,57.545,89.286,90.788,129.801,106.686,91.465,99.077
Index,2022-07-31,118.217,103.108,111.303,72.512,90.036,79.768,115.881,86.691,80.806,51.301,93.733,95.818,130.217,109.844,93.881,103.544
Index,2022-08-31,113.123,103.211,107.671,75.654,83.974,87.145,115.303,86.382,84.208,51.311,93.203,93.191,122.567,107.889,92.727,102.119
Index,2022-09-30,112.355,100.918,180.54,67.647,87.093,77.232,107.646,83.268,83.176,50.454,91.514,89.784,114.515,104.481,93.146,102.84
Index,2022-10-31,118.447,109.246,178.527,71.791,90.726,86.11,114.479,86.703,86.851,46.94,91.434,96.633,124.436,109.137,97.058,108.501
Index,2022-11-30,131.641,103.055,159.454,93.285,88.699,92.477,107.979,82.207,91.341,46.642,90.121,101.768,136.263,124.507,97.756,109.433
Index,2022-12-31,172.117,143.359,178.059,121.877,99.363,115.094,118.05,90.393,109.988,49.89,86.776,118.873,172.17,149.46,115.354,130.359
Index,2023-01-31,119.256,98.106,123.627,81.555,90.895,96.805,141.008,88.883,110.171,43.983,88.558,99.037,159.286,105.346,100.923,114.111
Index,2023-02-28,98.045,92.57,118.874,71.054,81.214,70.187,98.071,77.793,81.16,52.765,83.176,82.522,117.072,88.744,85.304,92.562
Index,2023-03-31,108.864,95.818,143.814,75.84,86.418,78.61,107.791,86.799,92.025,68.373,91.658,101.329,127.111,107.613,97.082,103.266
Index,2023-04-30,108.876,99.013,114.605,74.683,83.868,77.889,108.896,83.904,89.971,52.915,88.359,95.42,132.199,107.803,92.494,101.435
