Units,Timepoint,1.0: Food & Live Animals,1.1: Beverages & Tobacco,1.2: Crude Materials (Excl Fuels),"1.3: Mineral Fuels, Lubricants & Related Materials",1.4: Animal & Vegetable Oils Fats & Waxes,1.5: Chemicals & Chemical Products,1.6: Manufactured Goods,1.7: Machinery & Transport Equipment,1.8: Miscellaneous Manufactured Articles,1: Singapore Manufactured Products Price Index - Overall Items,2: Non-Oil Singapore Manufactured Products Price Index
Index,1974-01-31,62.289,22.84,30.894,30.47,84.105,62.705,80.597,409.706,89.21,131.419,196.862
Index,1974-02-28,62.584,23.856,29.02,31.974,88.352,64.086,82.857,414.215,92.224,133.006,197.426
Index,1974-03-31,63.612,23.856,28.054,31.567,93.763,63.902,83.986,413.95,91.864,132.477,196.862
Index,1974-04-30,63.539,23.856,24.891,33.042,89.791,67.677,84.807,423.238,91.741,132.609,194.801
Index,1974-05-31,63.245,23.856,24.598,33.197,91.913,67.953,86.04,422.44,90.777,132.741,194.613
Index,1974-06-30,61.627,23.856,22.87,33.733,96.502,67.861,84.807,423.768,90.537,131.419,191.426
Index,1974-07-31,61.186,24.218,21.084,33.889,97.598,67.769,85.116,422.175,90.054,129.962,188.613
Index,1974-08-31,61.113,25.812,20.879,33.983,103.419,67.493,84.088,437.303,89.692,130.755,189.927
Index,1974-09-30,62.436,25.812,19.005,33.418,96.708,66.848,84.5,425.89,88.849,128.374,186.364
Index,1974-10-31,62.951,25.812,18.419,33.638,92.597,64.914,83.473,426.686,90.054,127.845,185.051
Index,1974-11-30,64.936,26.682,16.574,32.884,83.83,64.362,80.7,421.646,90.656,125.198,181.3
Index,1974-12-31,67.436,26.826,18.068,33.292,90.407,63.441,79.673,419.256,90.537,126.521,183.175
Index,1975-01-31,67.805,27.044,17.833,33.042,85.749,61.139,78.851,413.685,93.55,125.86,182.052
Index,1975-02-28,66.628,27.044,18.214,32.225,80.201,60.587,78.441,408.908,93.068,124.536,181.3
Index,1975-03-31,64.789,27.263,18.097,32.319,71.571,60.587,78.134,407.316,92.586,123.875,179.803
Index,1975-04-30,64.128,27.263,17.893,32.383,69.311,60.587,77.005,405.193,91.984,123.213,178.302
Index,1975-05-31,64.128,28.712,18.009,32.288,66.16,60.403,77.825,387.946,91.502,122.552,176.99
Index,1975-06-30,63.319,28.712,19.21,32.728,64.654,60.771,78.236,379.455,91.864,123.213,177.927
Index,1975-07-31,64.349,28.712,21.026,34.894,64.175,62.797,77.415,360.083,92.948,125.727,178.675
Index,1975-08-31,65.378,28.712,22.021,35.05,65.819,62.797,77.825,370.168,92.706,127.314,181.863
Index,1975-09-30,65.157,28.712,21.523,35.426,63.08,63.165,78.544,372.29,92.103,127.711,181.489
Index,1975-10-31,64.863,28.712,21.172,37.09,60.887,64.546,78.955,378.392,93.31,129.565,182.238
Index,1975-11-30,64.717,28.712,21.465,37.779,58.421,64.822,79.468,377.597,93.31,130.491,182.988
Index,1975-12-31,65.157,28.712,23.075,37.654,59.655,64.731,79.571,377.332,93.791,131.551,185.426
Index,1976-01-31,64.863,28.785,23.778,37.592,58.764,66.848,78.339,365.656,94.876,131.419,185.239
Index,1976-02-29,65.451,28.785,25.155,37.434,58.696,67.585,79.263,364.593,95.237,132.741,187.863
Index,1976-03-31,65.672,28.785,26.18,36.996,58.627,67.677,79.673,356.103,94.997,132.741,188.613
Index,1976-04-30,66.702,28.785,26.326,36.901,57.805,68.414,79.571,353.98,94.997,132.741,188.988
Index,1976-05-31,67.805,28.785,27.644,36.901,57.052,68.874,80.7,355.838,95.358,134.594,192.176
Index,1976-06-30,68.76,28.785,28.698,36.807,58.285,68.598,82.035,356.103,95.358,135.652,194.427
Index,1976-07-31,67.511,28.785,27.527,36.681,62.668,68.69,82.754,356.103,93.55,134.594,192.363
Index,1976-08-31,68.614,28.785,27.585,36.681,64.175,68.69,83.062,352.919,93.55,134.726,192.55
Index,1976-09-30,69.643,28.785,26.999,36.649,62.737,68.69,84.807,353.184,94.635,134.991,193.487
Index,1976-10-31,71.775,28.785,28.024,37.058,64.448,68.69,85.321,362.206,95.719,137.109,197.05
Index,1976-11-30,73.467,28.785,27.908,37.058,64.927,68.69,85.629,364.328,96.202,137.77,198.176
Index,1976-12-31,76.335,28.785,26.941,37.058,67.256,68.874,86.757,366.452,96.684,138.167,198.55
Index,1977-01-31,77.071,28.785,27.467,39.003,68.352,69.242,87.271,362.206,98.613,140.417,200.051
Index,1977-02-28,77.88,28.785,27.409,39.287,71.16,69.151,87.271,366.452,99.217,141.21,200.799
Index,1977-03-31,82.586,28.785,27.908,39.349,81.229,69.058,87.373,366.717,100.663,142.933,203.611
Index,1977-04-30,81.85,28.785,27.731,39.412,78.831,68.874,87.271,366.983,100.663,142.535,203.237
Index,1977-05-31,78.689,28.785,27.761,39.412,76.639,69.058,87.373,363.534,101.507,141.874,202.112
Index,1977-06-30,76.188,28.785,27.467,39.412,74.927,69.058,86.757,363.534,101.869,141.078,200.612
Index,1977-07-31,74.57,28.785,27.467,40.039,73.284,67.861,86.757,365.656,102.47,141.607,200.051
Index,1977-08-31,73.762,28.785,27.82,40.259,68.49,67.953,86.04,367.779,102.713,141.739,200.425
Index,1977-09-30,73.54,28.785,29.313,40.164,69.859,67.769,85.834,366.983,103.316,142.667,202.301
Index,1977-10-31,72.732,30.234,29.225,39.537,69.38,67.217,85.629,362.206,103.555,141.739,201.551
Index,1977-11-30,72.953,30.234,28.757,39.287,70.887,66.941,85.731,355.043,103.555,140.946,200.051
Index,1977-12-31,72.144,30.234,28.024,38.689,71.914,66.572,85.834,353.715,103.316,139.491,198.55
Index,1978-01-31,72.585,30.234,27.966,38.502,69.722,65.836,86.553,345.223,105.002,139.094,198.363
Index,1978-02-28,71.115,30.234,28.054,38.345,70.955,65.651,86.757,342.04,106.329,138.962,197.988
Index,1978-03-31,70.084,30.234,28.17,37.999,71.846,65.467,87.784,342.04,104.4,138.432,197.988
Index,1978-04-30,69.717,30.308,28.2,38.251,71.092,66.019,88.093,327.446,102.833,137.77,195.926
Index,1978-05-31,69.938,30.308,29.02,38.345,73.558,66.204,88.811,323.729,103.435,138.432,197.238
Index,1978-06-30,70.084,30.308,30.689,38.188,74.517,66.019,89.531,325.321,103.316,139.755,200.051
Index,1978-07-31,69.349,30.308,30.631,37.09,74.379,66.204,90.557,326.118,104.52,139.226,200.799
Index,1978-08-31,69.57,30.308,31.333,36.901,75.133,66.019,90.557,327.18,104.882,139.755,201.926
Index,1978-09-30,69.79,30.308,32.387,36.494,77.53,65.927,90.249,320.812,103.555,139.623,202.301
Index,1978-10-31,69.864,30.308,33.471,34.674,80.338,64.454,91.584,316.565,104.4,138.962,203.987
Index,1978-11-30,68.76,30.308,34.496,35.835,81.229,65.467,91.994,317.095,102.47,140.417,204.737
Index,1978-12-31,68.981,30.308,33.588,35.426,81.229,65.19,92.302,314.974,103.797,139.623,203.987
Index,1979-01-31,69.643,30.308,34.349,36.996,83.284,67.769,96.306,323.729,105.605,143.726,209.237
Index,1979-02-28,69.717,30.815,35.726,37.937,86.365,70.532,96.511,325.321,107.776,146.637,212.987
Index,1979-03-31,70.084,30.815,36.429,38.345,85.133,71.452,97.435,326.915,109.102,147.961,215.236
Index,1979-04-30,71.262,31.106,39.064,44.557,86.365,77.806,100.618,327.18,110.186,157.49,222.548
Index,1979-05-31,71.262,31.178,40.557,46.221,88.694,80.198,101.132,326.118,112.718,160.665,226.11
Index,1979-06-30,75.747,31.25,41.905,50.52,88.625,87.289,101.645,337.793,114.165,168.209,233.048
Index,1979-07-31,75.82,31.25,40.997,54.63,88.831,90.143,102.878,338.855,116.214,172.18,233.798
Index,1979-08-31,77.512,31.322,40.294,54.724,84.38,90.88,103.699,336.733,117.782,172.312,234.174
Index,1979-09-30,77.365,31.758,39.943,55.602,81.777,90.972,104.417,338.589,122.243,173.768,235.485
Index,1979-10-31,75.82,31.758,40.381,58.302,81.913,92.262,106.985,337.793,121.518,176.944,236.797
Index,1979-11-30,77.071,31.758,40.938,58.645,82.804,92.262,107.395,335.672,122.605,177.871,238.298
Index,1979-12-31,75.967,31.758,41.26,64.012,82.53,95.668,107.498,343.895,127.908,184.354,241.483
Index,1980-01-31,78.027,33.279,44.335,72.923,82.53,103.771,109.654,348.674,138.154,198.384,253.108
Index,1980-02-29,78.248,33.279,46.795,75.183,82.05,105.705,109.86,349.737,137.192,202.354,257.046
Index,1980-03-31,78.836,34.15,43.662,78.29,80.818,108.744,111.296,366.983,132.369,204.074,255.171
Index,1980-04-30,79.792,34.513,43.837,76.501,78.01,107.822,109.346,370.168,131.525,202.354,254.983
Index,1980-05-31,80.233,34.513,41.084,78.007,74.79,109.572,109.86,382.905,132.369,202.751,253.297
Index,1980-06-30,78.909,34.513,41.144,77.38,74.038,108.744,110.373,383.7,136.829,202.751,254.421
Index,1980-07-31,78.174,34.586,40.557,80.14,76.709,108.927,107.703,379.719,136.106,203.809,251.608
Index,1980-08-31,78.174,34.586,41.084,79.951,75.543,108.651,108.217,378.657,137.192,204.074,252.734
Index,1980-09-30,79.718,34.586,41.729,79.388,74.517,108.098,109.038,375.209,138.154,204.471,254.233
Index,1980-10-31,81.263,34.586,40.616,81.459,76.434,107.546,107.498,376.271,136.829,205.132,251.984
Index,1980-11-30,82.954,34.586,40.119,84.658,78.01,107.639,107.703,380.515,136.227,208.046,252.547
Index,1980-12-31,83.395,34.586,39.562,84.911,77.393,108.007,107.703,381.843,134.419,207.914,251.608
Index,1981-01-31,83.616,34.658,39.064,91.03,76.777,111.505,109.346,399.09,133.937,214.53,254.233
Index,1981-02-28,83.69,34.658,38.507,92.222,74.927,112.242,109.346,393.518,133.575,214.927,253.108
Index,1981-03-31,83.248,34.658,37.278,91.468,74.517,112.058,109.756,395.64,135.021,213.736,251.984
Index,1981-04-30,81.777,35.818,35.052,92.44,74.038,113.255,110.988,394.844,134.419,213.207,249.359
Index,1981-05-31,81.263,37.631,35.668,93.697,73.421,115.189,111.194,398.293,134.78,215.59,251.608
Index,1981-06-30,80.233,38.065,34.905,90.872,73.899,113.255,111.092,394.58,133.211,211.618,248.985
Index,1981-07-31,81.409,38.065,32.973,91.28,74.174,113.623,111.4,398.293,133.454,211.089,247.484
Index,1981-08-31,80.822,38.065,32.359,91.437,73.763,113.715,111.81,388.211,135.623,210.428,245.984
Index,1981-09-30,80.968,38.065,31.597,89.836,72.805,112.427,110.887,383.17,135.021,207.914,243.547
Index,1981-10-31,79.718,38.065,28.903,86.479,72.187,111.874,110.887,387.149,134.419,202.751,239.609
Index,1981-11-30,79.277,38.065,28.17,85.005,71.16,110.769,110.784,383.966,133.092,200.369,237.36
Index,1981-12-31,79.277,38.065,28.493,85.223,70.475,110.861,110.578,381.578,134.419,200.766,237.734
Index,1982-01-31,79.277,38.138,28.698,85.005,68.352,110.676,109.756,375.209,138.154,199.708,237.924
Index,1982-02-28,78.689,39.589,28.551,86.008,68.49,110.676,109.756,378.392,137.192,200.766,237.924
Index,1982-03-31,78.615,39.589,28.757,85.821,69.038,110.585,108.217,380.78,132.369,200.237,236.423
Index,1982-04-30,78.615,39.589,28.845,84.471,67.872,108.559,107.087,382.639,131.525,198.915,235.485
Index,1982-05-31,78.321,39.589,28.903,82.87,67.872,107.086,106.882,378.924,132.369,196.796,234.922
Index,1982-06-30,78.248,39.589,28.845,84.0,67.872,108.744,106.265,378.924,136.829,197.59,236.048
Index,1982-07-31,77.218,39.589,28.815,84.658,66.16,108.835,105.752,383.17,136.106,198.251,235.673
Index,1982-08-31,76.704,39.589,28.845,85.726,64.792,109.756,105.238,383.17,137.192,199.047,235.673
Index,1982-09-30,76.704,39.589,28.991,85.256,63.832,109.388,104.007,382.639,138.154,199.047,235.485
Index,1982-10-31,76.556,39.589,29.049,86.103,64.312,110.032,103.185,375.474,136.829,199.047,233.984
Index,1982-11-30,75.6,39.589,28.845,86.98,64.312,110.676,102.98,374.146,136.227,199.179,233.235
Index,1982-12-31,75.82,39.589,28.317,85.161,63.969,109.203,102.57,374.146,134.419,197.061,231.549
Index,1983-01-31,75.527,39.589,28.054,82.149,60.749,106.625,102.262,375.209,134.659,194.149,230.422
Index,1983-02-28,75.306,42.415,30.338,81.866,60.956,106.442,101.955,372.555,135.384,195.737,233.984
Index,1983-03-31,75.232,42.415,32.739,81.991,60.34,106.625,101.44,373.086,131.765,197.061,236.048
Index,1983-04-30,75.159,42.415,34.262,73.425,61.229,98.891,102.159,366.983,132.61,189.649,236.235
Index,1983-05-31,75.6,42.415,32.709,72.767,62.668,98.799,102.467,367.779,132.489,188.061,234.361
Index,1983-06-30,75.379,42.415,33.5,73.583,63.421,99.351,102.878,368.575,131.887,189.517,235.673
Index,1983-07-31,75.306,42.415,34.379,73.739,62.941,99.904,103.185,371.227,132.972,190.707,237.734
Index,1983-08-31,75.453,41.836,34.467,72.484,68.283,99.995,103.288,376.537,132.972,190.046,238.673
Index,1983-09-30,76.556,41.836,33.032,72.234,77.462,101.377,103.185,376.802,132.972,189.385,237.548
Index,1983-10-31,76.556,41.836,33.032,73.018,81.777,101.193,102.878,376.537,132.489,189.914,237.174
Index,1983-11-30,77.365,41.836,33.412,72.923,78.283,101.193,103.288,372.29,131.765,190.046,237.548
Index,1983-12-31,77.365,41.836,33.646,72.923,78.01,101.1,102.878,374.413,131.887,190.046,237.734
Index,1984-01-31,77.512,42.053,34.028,70.916,85.612,100.18,102.98,370.962,129.595,188.061,237.36
Index,1984-02-29,77.438,42.053,34.262,70.916,89.584,100.088,103.185,402.274,129.958,190.31,241.483
Index,1984-03-31,78.027,47.201,34.174,69.88,89.173,99.351,102.98,403.072,129.716,190.046,242.61
Index,1984-04-30,78.174,47.201,33.207,70.037,88.215,99.167,102.262,411.563,128.511,189.649,241.483
Index,1984-05-31,78.174,47.201,32.241,70.289,93.008,99.719,102.262,403.337,128.632,188.723,239.609
Index,1984-06-30,78.468,47.201,30.484,71.982,98.351,100.365,97.847,394.58,129.234,187.4,234.361
Index,1984-07-31,78.615,47.708,30.279,72.484,99.174,99.812,97.641,386.087,128.27,187.135,232.86
Index,1984-08-31,79.57,47.708,30.454,72.391,99.036,99.351,97.641,389.537,128.39,187.4,233.798
Index,1984-09-30,78.836,47.708,30.572,71.982,95.612,97.049,97.538,378.924,128.39,186.209,231.735
Index,1984-10-31,78.174,47.708,29.049,71.92,94.173,96.681,97.538,377.597,128.27,184.621,229.298
Index,1984-11-30,77.659,47.708,28.376,71.637,93.763,96.404,97.231,381.047,127.787,183.825,228.173
Index,1984-12-31,76.776,47.708,28.317,72.14,91.913,95.299,96.615,372.555,127.305,183.164,226.11
Index,1985-01-31,78.027,47.708,28.083,71.323,88.625,98.982,95.895,397.499,121.76,184.753,230.422
Index,1985-02-28,78.027,47.708,27.848,72.422,85.954,98.706,95.69,393.252,122.605,185.018,229.11
Index,1985-03-31,77.953,47.708,28.727,73.269,86.571,99.258,94.663,395.64,122.605,186.077,229.673
Index,1985-04-30,78.321,47.708,29.137,72.075,88.42,95.76,94.049,385.822,124.171,183.296,226.485
Index,1985-05-31,78.248,47.708,28.083,72.422,90.817,96.497,93.638,383.17,123.568,183.032,225.549
Index,1985-06-30,78.174,47.708,28.346,70.289,87.393,96.957,93.843,375.74,122.482,179.855,223.111
Index,1985-07-31,79.056,47.708,27.702,70.068,82.668,94.84,93.432,372.29,124.653,179.062,221.424
Index,1985-08-31,78.615,47.708,27.145,69.975,73.695,95.76,93.021,376.271,124.051,179.062,221.798
Index,1985-09-30,76.483,47.708,26.677,70.131,68.97,95.392,93.226,375.209,126.582,178.93,221.424
Index,1985-10-31,76.261,47.708,25.887,67.622,64.312,93.458,91.892,369.636,127.425,175.356,218.611
Index,1985-11-30,76.114,47.708,25.389,66.554,61.092,91.433,91.994,376.537,127.305,175.356,219.924
Index,1985-12-31,75.82,47.708,25.389,67.557,60.819,91.525,90.968,360.614,127.186,173.106,214.862
Index,1986-01-31,76.629,47.564,25.858,66.177,60.681,91.709,91.07,362.472,127.667,172.577,215.8
Index,1986-02-28,76.776,47.564,26.971,60.309,58.627,92.721,91.07,362.737,127.787,168.077,216.175
Index,1986-03-31,76.776,47.564,26.853,47.57,53.765,92.262,90.763,364.859,128.029,158.152,216.175
Index,1986-04-30,76.409,47.564,26.18,43.146,54.312,92.538,90.454,364.593,127.305,154.313,215.8
Index,1986-05-31,76.335,47.492,26.677,37.904,53.696,92.63,90.352,368.044,128.632,150.873,217.111
Index,1986-06-30,76.483,47.492,26.853,36.336,53.353,92.445,90.454,369.636,128.39,149.947,217.485
Index,1986-07-31,76.335,47.492,27.029,32.477,52.257,91.34,89.941,366.452,126.703,145.843,215.8
Index,1986-08-31,76.409,47.492,26.971,28.524,51.641,91.34,89.941,366.983,127.186,142.933,215.986
Index,1986-09-30,76.335,47.492,27.614,33.92,48.697,91.525,89.426,363.269,128.27,146.505,215.049
Index,1986-10-31,76.483,47.492,28.112,35.74,51.368,92.63,89.325,367.515,128.029,148.754,216.549
Index,1986-11-30,75.82,47.492,27.644,37.058,53.833,92.814,89.531,377.861,127.425,151.666,219.737
Index,1986-12-31,76.188,47.492,27.497,38.345,53.833,93.735,89.633,379.719,127.908,153.255,220.674
Index,1987-01-31,75.895,47.492,28.346,44.526,57.12,95.116,89.222,361.676,127.186,155.373,219.362
Index,1987-02-28,75.453,50.029,27.585,41.389,57.12,95.76,89.531,360.614,127.186,152.726,215.424
Index,1987-03-31,75.306,50.029,28.23,44.023,56.573,98.43,89.325,360.614,128.752,155.373,215.424
Index,1987-04-30,75.747,50.029,28.551,44.118,57.6,100.548,89.941,363.269,130.198,156.431,216.361
Index,1987-05-31,75.6,49.956,29.195,45.562,57.325,102.206,89.633,361.676,129.837,157.622,218.424
Index,1987-06-30,75.306,49.956,29.84,47.068,58.832,103.771,89.325,359.553,130.68,158.813,218.235
Index,1987-07-31,75.159,49.956,29.781,48.385,56.162,105.244,89.941,360.614,130.922,160.268,218.235
Index,1987-08-31,75.012,49.956,30.631,46.378,57.668,105.429,90.249,362.472,130.802,159.078,218.799
Index,1987-09-30,75.453,49.956,30.601,46.879,58.285,106.81,90.763,358.49,132.007,159.475,219.737
Index,1987-10-31,75.012,49.956,30.191,44.966,58.285,108.744,90.865,359.021,130.802,157.754,219.549
Index,1987-11-30,74.864,50.608,31.041,42.8,59.448,110.032,90.763,345.489,130.922,154.181,219.549
Index,1987-12-31,75.379,49.594,29.371,44.966,57.532,102.206,89.839,360.614,129.716,156.961,216.175
Index,1988-01-31,73.026,50.608,31.509,42.297,66.092,113.991,92.61,346.021,130.802,154.975,217.861
Index,1988-02-29,73.32,50.608,30.981,40.542,65.134,113.623,92.405,346.286,130.68,153.388,217.861
Index,1988-03-31,72.953,50.608,31.363,39.287,65.065,112.518,92.61,347.612,131.645,152.726,218.424
Index,1988-04-30,72.879,50.608,32.447,39.034,64.792,116.938,93.329,350.529,131.887,153.652,220.674
Index,1988-05-31,72.438,50.608,34.174,41.609,65.613,118.043,93.432,350.529,132.972,156.431,221.798
Index,1988-06-30,72.732,50.608,35.726,41.262,67.188,119.701,94.049,351.857,132.851,156.961,223.111
Index,1988-07-31,75.453,50.608,33.706,38.94,70.407,124.304,95.382,361.411,133.092,157.49,227.61
Index,1988-08-31,73.32,50.682,33.383,36.681,71.16,125.594,95.793,363.269,133.092,156.166,227.986
Index,1988-09-30,72.879,50.608,31.744,35.991,69.996,126.331,96.615,360.349,132.851,154.975,227.049
Index,1988-10-31,72.512,50.608,29.694,30.186,69.106,124.121,97.847,360.349,131.525,149.813,226.11
Index,1988-11-30,73.32,50.608,28.61,31.442,68.627,120.345,98.053,357.166,132.007,149.947,224.61
Index,1988-12-31,73.467,50.608,29.225,35.426,69.38,118.228,97.435,354.777,132.729,152.594,223.486
Index,1989-01-31,73.688,50.608,29.957,38.94,68.9,115.465,99.592,349.47,137.192,155.373,223.486
Index,1989-02-28,73.909,50.608,29.635,38.407,68.42,115.096,101.645,350.529,133.575,154.842,223.486
Index,1989-03-31,74.423,53.147,29.342,39.16,67.326,115.925,102.467,350.529,131.645,155.505,223.674
Index,1989-04-30,74.056,55.757,29.606,41.859,67.188,114.084,104.828,348.94,130.319,157.754,223.674
Index,1989-05-31,74.423,56.699,27.995,42.55,66.024,113.9,104.931,349.737,132.61,158.417,224.236
Index,1989-06-30,74.644,57.715,26.941,42.55,66.983,111.505,104.417,348.94,131.887,157.754,223.111
Index,1989-07-31,75.306,57.715,27.087,41.954,65.955,105.797,104.931,352.123,131.887,157.49,223.111
Index,1989-08-31,75.232,57.715,26.443,41.89,64.516,103.495,104.315,350.0,132.007,156.695,221.424
Index,1989-09-30,75.6,57.715,26.707,43.146,63.421,101.377,105.033,350.796,131.042,157.49,221.237
Index,1989-10-31,76.483,57.715,26.15,43.271,64.243,99.351,105.238,351.857,130.68,157.49,221.237
Index,1989-11-30,76.704,56.628,25.974,45.153,64.516,99.628,107.703,357.961,131.645,160.533,224.236
Index,1989-12-31,75.82,56.628,25.77,45.373,62.668,100.18,106.985,360.614,131.404,160.931,224.61
Index,1990-01-31,75.012,55.974,26.034,45.624,61.503,99.258,110.373,373.086,134.659,166.49,224.61
Index,1990-02-28,74.938,55.974,26.121,42.893,60.887,99.167,109.243,367.779,135.866,163.843,224.236
Index,1990-03-31,75.527,55.974,26.15,42.266,59.929,99.258,109.243,365.921,131.645,162.65,224.236
Index,1990-04-30,76.261,56.99,26.326,41.609,59.313,98.706,109.448,362.472,131.404,161.592,224.05
Index,1990-05-31,76.188,56.99,26.502,39.757,58.421,97.694,109.14,356.9,131.645,159.21,223.3
Index,1990-06-30,75.012,56.555,27.029,35.897,58.011,97.601,109.038,356.103,130.441,156.961,222.548
Index,1990-07-31,75.012,56.481,27.614,36.996,56.436,96.957,109.346,347.346,128.632,155.373,222.361
Index,1990-08-31,73.909,56.481,27.79,51.178,56.367,96.221,109.14,346.815,130.922,162.518,221.798
Index,1990-09-30,74.57,56.336,28.142,60.215,56.024,96.404,109.038,343.368,130.078,166.356,220.111
Index,1990-10-31,73.981,56.265,28.258,76.186,54.997,102.483,109.448,336.996,127.787,173.504,221.798
Index,1990-11-30,73.835,56.265,28.258,67.809,55.75,107.086,108.73,336.996,128.632,169.665,221.237
Index,1990-12-31,73.394,57.715,28.142,61.094,55.82,106.534,108.524,336.996,128.872,166.356,221.048
Index,1991-01-31,72.585,57.715,28.258,60.089,56.641,105.429,108.833,327.446,131.887,163.843,214.674
Index,1991-02-28,72.07,57.353,27.936,63.102,57.257,104.876,109.243,324.261,131.284,164.373,212.987
Index,1991-03-31,72.217,59.019,27.936,44.903,57.325,105.244,108.011,323.729,131.284,154.975,212.799
Index,1991-04-30,71.849,58.947,27.908,41.89,56.846,99.904,108.217,319.484,129.476,151.534,209.986
Index,1991-05-31,71.334,59.019,27.527,41.638,56.436,97.786,108.217,318.158,129.476,150.74,208.675
Index,1991-06-30,70.967,60.615,27.527,42.8,56.436,96.589,107.908,317.626,131.042,151.269,208.675
Index,1991-07-31,70.672,60.543,27.321,41.106,59.997,93.458,107.908,313.912,127.908,148.754,205.862
Index,1991-08-31,70.599,60.543,27.145,41.168,59.86,92.906,107.395,313.38,128.632,148.622,205.675
Index,1991-09-30,70.599,61.558,26.56,41.356,59.107,91.801,107.498,310.992,126.1,147.696,203.987
Index,1991-10-31,70.82,62.137,26.355,41.106,59.791,92.169,106.779,306.749,126.824,146.505,202.301
Index,1991-11-30,70.967,62.137,26.18,42.864,60.476,92.169,106.164,303.298,126.341,146.505,200.799
Index,1991-12-31,71.04,62.137,25.418,40.542,60.819,91.064,105.649,303.563,127.305,145.182,200.612
Index,1992-01-31,70.599,62.137,24.628,38.157,61.436,89.867,104.52,301.706,126.462,142.933,199.113
Index,1992-02-29,69.938,62.137,24.862,36.336,61.709,89.775,104.211,301.706,125.617,141.739,198.738
Index,1992-03-31,70.084,63.153,24.744,34.078,60.956,90.236,104.109,303.298,124.412,140.946,199.113
Index,1992-04-30,69.423,63.153,25.037,36.494,62.325,89.775,103.904,303.298,124.894,142.269,199.301
Index,1992-05-31,69.57,63.153,24.891,37.937,61.709,89.499,103.904,299.583,125.377,142.006,197.612
Index,1992-06-30,69.423,63.153,24.803,39.287,61.915,88.579,103.185,299.052,125.136,142.403,197.238
Index,1992-07-31,69.79,63.37,24.452,39.945,62.257,89.131,102.878,294.808,124.894,141.607,195.551
Index,1992-08-31,69.349,63.081,24.628,38.533,62.325,88.486,102.775,294.542,124.412,140.813,195.176
Index,1992-09-30,69.055,63.081,24.012,38.157,62.325,88.579,102.672,294.542,125.016,140.417,194.987
Index,1992-10-31,69.938,65.473,24.042,40.415,61.572,87.842,102.57,293.481,125.497,141.475,194.613
Index,1992-11-30,69.643,66.198,24.129,39.505,61.503,87.842,102.467,294.011,125.497,141.078,194.987
Index,1992-12-31,69.79,66.198,24.246,37.904,61.503,87.474,102.262,293.746,125.377,140.152,194.801
Index,1993-01-31,69.717,66.27,24.51,37.904,61.503,86.921,101.338,287.112,122.844,138.167,191.613
Index,1993-02-28,69.497,66.27,24.686,37.748,61.436,86.552,101.338,287.112,121.76,138.035,191.426
Index,1993-03-31,69.717,69.244,24.481,37.654,61.229,86.369,102.467,286.315,122.0,138.035,191.426
Index,1993-04-30,70.011,69.244,24.422,37.779,60.956,85.816,102.775,282.864,121.76,137.109,190.113
Index,1993-05-31,69.938,69.244,24.422,37.937,60.887,85.447,102.878,283.396,121.76,137.374,190.113
Index,1993-06-30,70.084,69.244,24.628,36.807,60.749,85.447,102.672,283.131,122.122,136.844,190.113
Index,1993-07-31,70.011,69.244,24.744,34.391,60.819,84.895,102.467,285.255,121.64,135.784,190.864
Index,1993-08-31,70.452,69.244,24.452,33.92,59.997,84.618,102.672,283.131,122.122,135.255,189.927
Index,1993-09-30,70.893,69.244,24.54,33.324,59.997,84.158,102.57,281.274,120.554,134.329,188.988
Index,1993-10-31,71.996,70.258,24.188,33.827,59.655,83.145,102.262,280.212,120.313,134.197,188.427
Index,1993-11-30,71.849,71.201,24.306,33.733,59.86,83.329,102.159,278.886,120.313,133.933,187.863
Index,1993-12-31,71.849,71.201,24.51,31.63,59.997,83.145,101.955,277.823,120.796,132.609,187.676
Index,1994-01-31,71.996,71.345,24.481,30.688,60.133,82.224,101.645,273.845,121.035,131.153,186.178
Index,1994-02-28,72.07,71.345,25.037,30.94,59.587,81.856,101.338,273.845,120.193,131.153,185.801
Index,1994-03-31,72.07,71.273,25.593,29.936,59.38,81.58,101.338,273.314,120.313,130.623,185.801
Index,1994-04-30,71.923,71.49,25.565,31.064,62.188,81.303,101.542,272.252,119.59,130.889,185.426
Index,1994-05-31,71.703,71.49,25.418,31.943,64.243,82.132,101.338,270.395,119.349,130.889,185.051
Index,1994-06-30,72.07,71.49,26.092,31.63,65.271,82.224,101.44,268.272,118.746,130.623,184.302
Index,1994-07-31,72.512,71.49,27.38,32.383,66.092,83.605,101.645,267.211,119.469,131.419,185.051
Index,1994-08-31,73.026,71.49,27.878,31.284,66.024,84.803,101.645,267.211,119.108,131.153,185.426
Index,1994-09-30,73.54,71.49,27.527,31.035,66.366,87.013,101.44,270.395,119.469,131.948,186.925
Index,1994-10-31,73.614,72.941,28.083,30.877,67.599,90.052,101.132,268.801,118.866,131.948,187.302
Index,1994-11-30,73.1,72.941,27.731,31.284,67.188,91.709,101.029,266.945,118.866,131.815,186.551
Index,1994-12-31,73.32,72.651,29.167,31.442,69.38,91.893,101.132,265.618,119.59,132.08,186.925
Index,1995-01-31,73.592,72.695,29.204,31.921,68.695,93.79,102.139,272.172,120.916,134.912,191.162
Index,1995-02-28,73.762,72.404,29.204,32.408,68.428,94.03,102.271,272.676,119.711,135.269,191.351
Index,1995-03-31,73.504,73.239,29.225,32.066,68.428,93.301,102.343,271.695,119.975,134.753,190.807
Index,1995-04-30,73.923,72.622,29.207,31.793,68.592,94.066,102.005,264.927,120.916,132.544,187.488
Index,1995-05-31,73.622,72.361,29.269,31.812,68.352,95.769,101.994,262.938,119.144,131.934,186.495
Index,1995-06-30,73.577,72.333,29.336,31.895,68.277,96.101,102.313,263.045,118.819,132.053,186.607
Index,1995-07-31,73.644,72.586,29.274,30.627,68.66,94.194,102.837,262.54,119.94,131.247,186.326
Index,1995-08-31,73.511,72.129,29.371,30.26,68.25,93.478,102.869,261.983,119.023,130.755,185.82
Index,1995-09-30,73.231,72.252,29.529,30.161,68.688,91.82,103.298,262.406,122.122,130.954,186.213
Index,1995-10-31,73.563,72.303,29.117,30.176,68.373,88.118,103.35,263.761,121.06,131.008,186.289
Index,1995-11-30,73.386,72.578,29.328,30.588,68.847,85.558,103.298,263.522,123.206,131.047,186.045
Index,1995-12-31,73.181,72.572,29.334,32.844,68.283,84.702,103.35,262.567,121.808,131.683,185.275
Index,1996-01-31,73.534,72.702,29.389,35.335,66.853,85.218,103.401,258.348,120.675,131.523,183.064
Index,1996-02-29,73.379,72.774,29.559,34.102,66.661,85.088,103.514,257.02,118.746,130.372,182.183
Index,1996-03-31,73.667,73.774,29.87,34.616,66.996,85.816,103.463,251.023,118.528,128.785,179.239
Index,1996-04-30,73.424,73.906,30.121,34.874,67.003,86.423,103.022,248.609,120.048,128.241,178.152
Index,1996-05-31,73.806,73.854,30.031,34.936,67.641,86.818,102.991,244.973,119.253,127.102,176.277
Index,1996-06-30,74.084,73.159,29.796,33.992,66.538,86.59,102.806,244.284,119.892,126.402,175.902
Index,1996-07-31,74.174,72.361,30.663,33.3,65.935,85.07,102.384,234.81,117.818,122.724,170.558
Index,1996-08-31,73.981,72.752,30.625,33.506,65.216,84.25,102.302,234.704,117.335,122.67,170.296
Index,1996-09-30,73.864,72.992,30.824,35.211,64.963,84.564,101.973,230.724,118.553,122.299,168.364
Index,1996-10-31,73.886,71.977,29.965,37.239,65.194,85.87,101.06,224.914,119.649,121.492,165.477
Index,1996-11-30,73.482,72.353,29.951,38.127,66.085,86.092,100.556,224.489,117.541,121.624,164.97
Index,1996-12-31,73.386,72.281,30.305,40.183,65.251,86.213,100.434,223.083,118.854,122.259,164.389
Index,1997-01-31,74.203,72.012,30.106,40.193,70.031,85.834,99.858,211.752,116.093,118.435,158.24
Index,1997-02-28,73.394,72.962,29.834,37.29,70.25,86.975,99.993,212.441,114.659,117.23,158.597
Index,1997-03-31,73.114,73.557,29.667,37.74,69.921,87.685,99.858,211.167,114.876,117.098,158.034
Index,1997-04-30,73.556,73.623,29.371,36.901,70.839,87.575,99.5,208.301,114.502,115.709,156.478
Index,1997-05-31,73.57,73.797,29.362,35.802,70.75,87.51,99.561,206.523,114.636,114.61,155.579
Index,1997-06-30,74.099,73.68,29.263,34.629,70.263,86.921,99.294,206.153,114.708,113.855,155.278
Index,1997-07-31,74.6,73.434,29.195,33.107,69.393,86.856,99.017,203.765,114.719,112.307,154.003
Index,1997-08-31,76.129,73.275,29.292,34.272,68.53,86.552,98.863,204.959,114.393,113.233,154.566
Index,1997-09-30,76.196,74.203,29.254,34.733,68.812,87.371,99.16,205.648,114.972,113.829,155.165
Index,1997-10-31,77.57,73.557,29.269,36.421,68.167,87.004,99.285,206.364,114.382,114.861,155.484
Index,1997-11-30,78.064,74.188,29.204,37.224,68.75,88.771,99.52,207.294,114.731,115.787,156.328
Index,1997-12-31,79.269,74.383,28.993,35.976,68.847,87.124,99.993,209.762,115.105,115.934,157.547
Index,1998-01-31,79.931,75.225,30.153,33.365,70.983,87.657,99.335,213.502,115.659,115.934,159.609
Index,1998-02-28,78.858,75.848,30.095,32.16,71.065,84.738,99.263,210.293,115.492,114.015,157.491
Index,1998-03-31,79.565,74.442,29.342,29.345,70.792,82.087,97.764,204.959,114.719,110.468,154.003
Index,1998-04-30,79.673,74.247,27.969,30.519,72.194,81.055,97.97,204.243,114.442,110.72,153.479
Index,1998-05-31,80.13,74.007,27.696,31.133,73.23,80.88,96.882,203.712,114.514,110.733,153.027
Index,1998-06-30,78.858,75.269,26.967,30.107,74.133,80.789,96.389,204.031,114.853,110.256,153.064
Index,1998-07-31,79.189,76.392,26.551,29.938,74.689,78.846,95.465,205.834,115.178,110.52,153.628
Index,1998-08-31,79.298,76.697,26.416,29.834,75.195,79.168,95.454,206.127,116.01,110.653,153.909
Index,1998-09-30,79.203,76.82,26.153,29.445,76.681,78.643,95.104,202.384,115.238,109.131,151.791
Index,1998-10-31,80.211,75.862,25.424,30.97,77.079,77.842,93.216,199.785,114.129,108.708,149.897
Index,1998-11-30,78.159,75.079,25.398,29.695,77.482,79.002,92.549,197.343,115.455,107.331,148.715
Index,1998-12-31,78.483,75.399,25.13,27.412,77.811,78.947,92.62,196.918,113.924,105.994,148.359
Index,1999-01-31,78.387,74.348,25.833,27.783,78.366,77.474,91.471,196.546,114.671,105.862,147.853
Index,1999-02-28,77.688,73.492,25.84,27.883,78.476,77.132,91.338,199.652,114.695,106.828,149.335
Index,1999-03-31,77.16,74.942,25.843,28.008,77.482,77.436,90.978,198.112,114.853,106.378,148.509
Index,1999-04-30,77.607,75.217,25.828,32.493,77.339,78.882,90.525,199.28,115.636,109.092,149.335
Index,1999-05-31,77.232,74.442,25.846,34.403,77.011,80.945,90.803,195.83,114.804,109.065,147.779
Index,1999-06-30,77.211,74.435,25.667,34.981,75.866,81.866,90.32,195.99,115.081,109.421,147.89
Index,1999-07-31,76.953,74.565,25.64,36.214,75.345,83.376,90.043,194.742,114.298,109.661,147.31
Index,1999-08-31,76.674,74.362,25.635,39.571,74.517,84.803,89.849,193.335,113.888,110.917,146.673
Index,1999-09-30,76.747,73.725,25.743,41.8,74.236,86.663,90.012,193.096,114.045,112.122,146.86
Index,1999-10-31,76.365,74.268,25.754,44.347,75.708,90.088,89.582,191.506,114.007,113.114,146.446
Index,1999-11-30,77.262,74.217,26.024,44.452,75.983,92.188,89.551,189.303,114.057,112.678,145.679
Index,1999-12-31,76.299,73.868,25.073,45.721,75.64,90.899,89.685,189.171,114.165,113.114,145.359
Index,2000-01-31,75.376,74.694,26.311,44.007,74.421,88.697,89.203,185.264,114.765,112.543,142.767
Index,2000-02-29,75.246,74.456,26.373,47.977,73.11,89.501,89.712,184.884,115.585,113.725,142.824
Index,2000-03-31,75.082,75.494,26.548,54.349,73.11,93.702,89.42,186.247,115.634,116.624,144.355
Index,2000-04-30,74.853,76.466,26.529,51.799,73.231,92.811,89.467,188.599,115.772,116.693,145.498
Index,2000-05-31,75.014,76.521,26.563,48.753,72.116,91.127,89.269,187.427,115.603,115.119,144.499
Index,2000-06-30,75.113,76.448,26.639,50.696,71.618,90.55,89.354,187.688,116.171,115.743,144.594
Index,2000-07-31,74.96,76.657,26.54,53.782,70.958,93.354,89.628,190.855,115.423,118.188,146.822
Index,2000-08-31,75.315,76.52,26.585,54.482,69.487,92.034,89.582,188.108,114.936,117.125,145.016
Index,2000-09-30,75.346,76.557,26.385,61.462,69.016,93.867,90.307,189.535,115.46,120.006,146.271
Index,2000-10-31,75.752,76.859,26.302,62.331,68.919,94.411,90.127,189.457,115.761,120.313,146.354
Index,2000-11-30,76.277,78.108,26.285,61.604,67.121,92.18,90.009,192.591,115.935,121.032,147.677
Index,2000-12-31,76.292,76.013,26.128,58.671,65.598,89.122,90.01,188.288,115.46,118.072,144.654
Index,2001-01-31,75.835,77.586,25.557,54.793,65.128,88.829,89.424,189.692,113.559,117.292,145.128
Index,2001-02-28,75.522,77.666,25.565,54.389,63.51,89.596,89.415,189.223,113.548,117.083,144.995
Index,2001-03-31,75.63,80.886,25.294,54.349,63.131,89.596,89.366,189.539,113.078,117.187,145.159
Index,2001-04-30,75.772,80.448,25.254,54.805,63.974,90.055,89.209,192.097,113.178,118.359,146.646
Index,2001-05-31,75.852,80.291,25.204,56.521,64.016,90.794,88.396,191.0,115.69,118.625,146.325
Index,2001-06-30,75.647,80.158,25.237,55.865,64.377,90.009,87.689,190.593,116.637,118.178,145.955
Index,2001-07-31,75.85,80.867,25.018,54.183,65.091,86.929,85.881,190.632,115.196,117.084,145.081
Index,2001-08-31,75.508,80.484,24.94,52.508,65.949,85.086,85.501,190.44,115.662,116.277,144.614
Index,2001-09-30,74.996,78.731,24.935,51.537,67.973,84.537,84.759,186.464,114.202,114.23,142.085
Index,2001-10-31,75.121,79.366,24.778,52.78,66.633,84.746,84.572,184.409,116.057,113.928,141.146
Index,2001-11-30,74.96,79.074,24.92,46.785,65.783,82.012,84.341,183.14,117.976,111.45,140.064
Index,2001-12-31,75.353,79.934,24.83,44.433,67.868,80.061,84.253,185.0,117.21,111.199,140.669
Index,2002-01-31,74.536,79.522,24.958,43.737,68.36,78.848,84.585,179.642,114.407,108.607,137.253
Index,2002-02-28,75.386,79.629,24.826,43.756,69.331,80.457,84.574,179.156,112.813,108.564,137.181
Index,2002-03-31,75.3,79.607,24.575,47.429,69.74,83.153,84.334,178.423,112.819,109.674,137.261
Index,2002-04-30,75.123,79.105,24.479,51.147,69.59,87.692,84.707,176.088,112.955,110.475,136.882
Index,2002-05-31,74.179,80.193,24.827,50.975,69.565,88.286,84.553,173.346,112.606,109.408,135.427
Index,2002-06-30,74.175,80.371,25.117,49.669,71.381,86.52,84.411,171.633,111.352,108.059,134.037
Index,2002-07-31,74.424,79.751,24.597,48.883,72.858,84.158,84.541,168.115,110.238,106.109,131.572
Index,2002-08-31,74.927,79.191,24.722,50.107,73.573,84.724,84.944,166.671,110.152,106.016,130.937
Index,2002-09-30,74.943,79.53,24.782,53.855,73.869,86.016,84.826,167.111,110.271,107.437,131.429
Index,2002-10-31,75.004,80.492,24.762,53.67,73.967,86.731,84.963,163.425,110.536,106.098,129.593
Index,2002-11-30,75.916,80.115,24.581,53.194,74.191,85.986,85.068,167.552,110.421,107.466,131.744
Index,2002-12-31,75.765,80.089,24.674,53.225,76.194,85.613,84.93,165.893,110.675,106.8,130.777
Index,2003-01-31,76.577,82.259,24.681,56.952,76.448,88.18,84.522,162.712,109.452,106.918,129.419
Index,2003-02-28,77.47,81.975,24.642,62.216,76.744,92.624,84.56,162.7,109.268,109.028,130.274
Index,2003-03-31,77.616,85.274,24.679,63.431,76.555,97.025,85.53,162.972,109.094,110.161,131.394
Index,2003-04-30,77.706,85.382,24.718,57.792,76.267,95.408,85.611,164.131,109.543,108.808,131.775
Index,2003-05-31,77.645,85.431,24.713,51.51,75.659,86.227,85.701,164.4,109.29,105.874,130.157
Index,2003-06-30,77.369,85.442,24.614,51.784,75.57,85.425,85.553,165.317,109.384,106.184,130.49
Index,2003-07-31,77.4,87.721,24.838,53.507,75.177,87.504,84.839,163.008,108.492,105.979,129.489
Index,2003-08-31,77.435,87.583,24.817,55.177,75.804,89.403,84.721,163.34,108.668,106.842,130.039
Index,2003-09-30,77.466,87.85,24.926,55.443,75.488,91.34,84.813,160.312,108.758,106.028,128.766
Index,2003-10-31,77.171,87.867,25.134,55.873,75.843,90.235,84.512,158.56,108.812,105.307,127.559
Index,2003-11-30,77.141,87.367,25.176,56.473,77.781,90.358,84.958,161.605,108.579,106.689,129.288
Index,2003-12-31,76.852,87.892,25.021,57.99,79.205,91.984,84.927,160.715,108.747,107.011,129.124
Index,2004-01-31,78.241,88.349,25.2,61.542,79.772,93.869,85.892,159.661,108.683,107.984,129.061
Index,2004-02-29,78.599,88.288,25.788,60.762,79.728,97.69,89.002,161.662,108.769,109.29,131.247
Index,2004-03-31,78.717,91.327,26.315,60.886,80.123,99.174,90.66,160.686,108.717,109.306,131.218
Index,2004-04-30,78.519,90.862,26.569,61.66,82.159,100.505,91.521,156.576,108.489,108.179,129.288
Index,2004-05-31,78.838,91.264,25.458,67.793,82.123,101.296,91.395,157.428,108.302,110.35,129.877
Index,2004-06-30,78.984,90.893,24.925,67.102,80.907,104.215,91.077,157.79,109.011,110.693,130.65
Index,2004-07-31,79.965,90.627,25.345,68.125,79.987,106.524,91.236,158.125,108.952,111.45,131.314
Index,2004-08-31,79.4,90.328,25.828,74.611,79.188,112.845,91.743,158.675,108.741,114.375,132.833
Index,2004-09-30,80.063,89.863,25.84,76.375,78.977,120.345,92.02,157.656,109.296,115.557,133.798
Index,2004-10-31,80.606,90.302,26.284,81.836,78.131,123.157,92.196,155.787,108.75,116.777,133.302
Index,2004-11-30,80.547,89.679,26.24,79.233,77.207,124.134,92.128,156.196,108.457,116.282,133.664
Index,2004-12-31,80.756,89.851,26.233,71.553,76.478,120.489,91.955,155.432,108.51,113.293,132.54
Index,2005-01-31,79.673,90.19,26.757,72.23,76.639,112.461,92.023,153.774,107.847,111.725,130.024
Index,2005-02-28,79.29,90.128,26.599,74.369,75.647,113.877,92.258,154.748,107.747,112.898,130.824
Index,2005-03-31,79.242,95.117,26.583,88.272,75.536,119.166,92.245,153.053,107.717,116.98,130.953
Index,2005-04-30,79.259,96.063,26.976,93.86,75.937,121.542,92.718,152.963,108.674,118.975,131.513
Index,2005-05-31,79.61,95.346,26.939,89.612,76.265,116.246,92.946,153.78,107.894,117.336,130.912
Index,2005-06-30,79.444,96.046,26.663,94.703,76.57,110.948,93.359,153.542,107.872,118.03,129.817
Index,2005-07-31,79.732,96.48,26.84,95.604,75.887,113.538,92.949,154.868,108.043,119.132,131.023
Index,2005-08-31,79.41,96.403,26.841,100.593,76.417,115.21,92.866,154.355,108.345,120.597,131.069
Index,2005-09-30,79.864,96.178,27.4,109.88,76.279,118.784,93.114,153.526,108.729,123.476,131.374
Index,2005-10-31,79.911,96.187,27.69,105.849,76.064,121.226,93.126,152.438,108.383,122.208,131.216
Index,2005-11-30,79.976,96.173,27.979,97.227,76.407,118.216,93.184,152.206,109.356,119.314,130.615
Index,2005-12-31,79.689,96.391,28.198,98.504,75.274,114.221,93.313,152.009,109.367,119.076,129.752
Index,2006-01-31,79.264,96.77,30.216,103.055,74.695,121.2,94.356,154.917,109.297,122.259,132.16
Index,2006-02-28,79.374,96.926,30.38,101.574,74.517,121.278,93.612,153.542,109.315,121.361,131.436
Index,2006-03-31,79.511,96.709,30.198,104.009,74.844,121.036,93.823,152.017,108.842,121.341,130.577
Index,2006-04-30,79.793,96.701,29.949,112.774,74.657,120.95,94.823,149.336,108.286,122.541,129.231
Index,2006-05-31,80.218,96.517,30.001,113.608,74.241,123.047,95.314,147.037,107.335,122.289,128.602
Index,2006-06-30,79.983,95.241,29.966,114.633,74.108,127.699,95.459,148.425,106.262,123.904,130.462
Index,2006-07-31,79.883,96.233,29.716,115.577,74.238,129.136,96.356,148.262,107.785,124.511,130.971
Index,2006-08-31,80.043,96.528,29.738,115.622,74.846,129.583,96.575,146.248,106.939,123.833,130.027
Index,2006-09-30,80.368,96.219,29.763,103.194,75.674,130.893,97.046,146.135,106.643,120.97,130.349
Index,2006-10-31,80.206,96.221,29.703,97.998,75.683,129.918,96.499,142.904,107.262,118.29,128.453
Index,2006-11-30,79.859,95.678,30.247,94.87,76.368,126.981,97.14,140.984,107.114,116.235,126.709
Index,2006-12-31,79.903,95.708,29.835,95.273,77.649,125.066,97.249,140.458,105.75,115.686,125.819
Index,2007-01-31,80.178,95.045,29.972,90.086,80.43,124.809,98.299,139.374,105.52,113.998,125.279
Index,2007-02-28,80.027,95.531,31.559,95.752,80.742,125.188,100.976,138.265,106.322,115.275,125.094
Index,2007-03-31,80.45,95.447,31.283,100.793,80.967,125.287,107.578,137.841,106.031,116.747,125.389
Index,2007-04-30,80.9,96.199,30.947,106.817,82.496,126.304,107.663,136.826,106.042,118.1,125.186
Index,2007-05-31,81.774,96.388,31.284,109.809,83.539,129.551,108.426,136.674,106.257,119.519,126.107
Index,2007-06-30,81.21,96.275,31.577,111.421,86.978,129.885,108.456,137.296,106.077,120.204,126.495
Index,2007-07-31,83.64,97.222,31.421,113.357,87.757,130.688,106.403,135.052,105.844,119.964,125.507
Index,2007-08-31,84.253,96.578,32.62,110.845,88.243,131.483,105.856,134.199,105.818,119.168,125.273
Index,2007-09-30,85.37,95.471,32.702,115.901,91.361,131.058,106.54,133.449,105.679,120.131,124.866
Index,2007-10-31,85.116,96.512,32.619,121.26,93.493,129.541,106.349,131.591,104.84,120.422,123.437
Index,2007-11-30,85.795,96.497,35.539,135.263,97.182,128.57,106.185,130.891,104.629,123.478,122.844
Index,2007-12-31,87.095,96.723,35.754,134.319,99.828,129.847,106.352,130.95,104.569,123.571,123.293
Index,2008-01-31,89.602,96.852,38.821,133.151,103.722,124.55,107.972,130.937,104.517,122.406,122.096
Index,2008-02-29,89.508,97.4,45.993,134.902,107.568,123.7,108.87,130.405,104.56,122.561,121.711
Index,2008-03-31,90.144,98.016,44.11,143.646,108.967,123.51,109.828,128.545,104.945,124.113,120.852
Index,2008-04-30,91.076,97.864,45.259,153.301,116.482,123.132,110.647,126.456,104.665,125.754,119.806
Index,2008-05-31,91.979,98.086,45.242,172.766,118.65,125.379,112.056,126.299,105.708,131.169,120.577
Index,2008-06-30,92.721,97.784,45.161,185.272,123.021,128.657,113.297,127.154,104.472,135.277,121.932
Index,2008-07-31,93.039,98.019,45.24,180.795,120.422,134.51,115.131,125.199,104.825,134.72,122.697
Index,2008-08-31,93.86,97.287,51.906,161.675,121.561,134.093,114.049,126.531,105.856,130.411,123.321
Index,2008-09-30,95.185,97.287,52.075,147.746,120.393,130.747,115.164,127.851,106.738,126.915,123.29
Index,2008-10-31,94.791,97.718,52.252,111.527,116.262,123.663,114.213,129.838,107.415,117.189,122.332
Index,2008-11-30,95.313,97.792,52.778,85.159,108.172,105.86,111.289,130.595,107.423,107.2,117.657
Index,2008-12-31,94.266,98.206,52.231,71.224,96.687,98.7,109.123,130.174,107.237,101.952,115.227
Index,2009-01-31,93.942,98.921,52.885,77.342,92.768,96.807,104.745,130.449,107.67,102.975,114.541
Index,2009-02-28,95.143,98.763,53.522,75.531,92.511,93.333,102.428,133.526,108.481,102.936,115.103
Index,2009-03-31,94.296,99.154,53.589,74.94,90.641,95.871,101.774,133.148,108.377,103.079,115.502
Index,2009-04-30,92.779,99.025,56.88,80.856,92.332,97.931,99.967,133.395,108.459,104.931,116.018
Index,2009-05-31,91.314,98.543,56.191,87.554,96.271,98.744,99.778,130.74,107.385,105.669,114.743
Index,2009-06-30,91.981,99.123,55.856,100.65,95.816,100.076,98.633,129.316,106.592,108.576,114.256
Index,2009-07-31,91.849,98.666,55.757,95.952,99.88,100.115,98.814,129.901,105.465,107.577,114.49
Index,2009-08-31,92.008,98.646,55.412,104.716,100.333,101.858,99.23,130.274,105.155,110.252,115.163
Index,2009-09-30,91.781,98.888,54.121,99.238,99.159,100.717,99.57,129.673,104.449,108.4,114.497
Index,2009-10-31,91.658,99.14,53.378,101.775,96.714,98.437,98.966,127.861,105.161,107.908,112.959
Index,2009-11-30,92.105,99.513,58.647,106.98,95.991,99.833,97.904,127.575,105.495,109.365,113.176
Index,2009-12-31,92.156,99.773,58.772,106.619,97.168,101.379,97.961,126.099,105.409,109.04,112.856
Index,2010-01-31,95.173,98.848,62.826,111.001,98.495,101.258,98.392,125.47,105.148,109.977,112.643
Index,2010-02-28,96.392,98.774,65.844,108.428,99.769,101.388,99.01,126.283,105.372,109.756,113.218
Index,2010-03-31,97.024,98.737,113.949,113.405,102.527,101.321,99.369,124.227,104.405,110.327,112.302
Index,2010-04-30,96.53,99.257,112.776,117.632,103.046,103.615,101.101,124.488,105.662,112.095,113.278
Index,2010-05-31,96.22,99.723,103.495,110.759,104.525,102.325,100.844,124.618,105.015,110.095,112.886
Index,2010-06-30,96.343,99.59,92.12,108.166,105.154,99.851,100.747,123.394,106.292,108.559,111.668
Index,2010-07-31,95.873,101.074,92.088,105.361,105.328,98.496,100.656,120.88,105.549,106.604,109.95
Index,2010-08-31,95.706,100.8,89.933,106.333,105.226,97.896,100.753,120.663,104.324,106.563,109.563
Index,2010-09-30,95.556,99.71,88.998,104.192,107.544,97.865,101.159,119.408,105.253,105.636,109.024
Index,2010-10-31,94.491,99.503,87.415,108.831,108.961,98.472,101.523,118.358,104.871,106.49,108.609
Index,2010-11-30,94.769,99.42,88.957,113.095,110.807,99.758,101.706,116.541,104.666,107.149,108.057
Index,2010-12-31,96.483,99.37,89.086,120.692,112.618,101.968,102.311,117.148,104.621,109.79,109.081
Index,2011-01-31,96.65,100.31,88.137,124.573,116.223,101.821,103.847,116.428,103.89,110.521,108.757
Index,2011-02-28,97.263,100.049,87.705,132.607,117.996,104.198,104.739,118.252,105.431,113.836,110.554
Index,2011-03-31,97.694,100.422,87.478,142.749,118.317,105.363,104.569,118.054,105.489,116.53,110.782
Index,2011-04-30,98.132,100.125,86.486,149.421,118.55,109.839,104.847,116.049,105.063,118.334,110.975
Index,2011-05-31,97.722,100.066,85.69,139.535,117.812,106.475,103.925,114.794,104.609,114.643,109.297
Index,2011-06-30,98.472,100.07,85.508,137.381,117.591,103.707,104.381,114.406,103.967,113.419,108.357
Index,2011-07-31,98.373,99.99,85.571,139.763,122.916,102.03,104.07,112.728,104.607,113.1,107.107
Index,2011-08-31,98.209,99.772,85.725,133.847,120.854,103.175,104.004,112.925,104.81,111.922,107.512
Index,2011-09-30,98.708,99.966,87.447,138.522,117.998,105.465,104.166,112.175,105.317,113.313,107.821
Index,2011-10-31,99.918,99.627,88.867,140.993,119.024,105.521,104.751,117.039,105.68,115.836,110.429
Index,2011-11-30,99.646,100.175,89.734,143.629,117.374,102.409,103.559,116.425,105.679,115.575,109.173
Index,2011-12-31,99.599,99.797,89.807,141.776,117.448,101.641,103.302,117.985,106.032,115.543,109.764
Index,2012-01-31,97.936,101.57,86.859,146.68,130.451,101.942,102.33,123.689,106.134,118.632,112.447
Index,2012-02-29,96.985,101.21,86.728,150.01,128.516,105.459,101.977,121.278,105.062,119.093,112.275
Index,2012-03-31,96.935,101.215,86.808,154.323,127.691,107.298,102.156,121.346,103.797,120.281,112.773
Index,2012-04-30,97.292,101.089,86.92,150.061,126.351,104.645,102.064,120.429,103.583,118.448,111.475
Index,2012-05-31,97.461,101.124,86.897,139.494,126.289,102.033,101.862,120.473,103.15,115.828,110.607
Index,2012-06-30,97.462,101.265,86.999,126.526,123.413,101.831,102.27,119.743,104.447,113.275,110.352
Index,2012-07-31,96.795,101.108,86.962,132.317,120.058,99.188,101.744,118.502,103.264,112.996,108.735
Index,2012-08-31,96.477,101.065,87.045,142.881,116.139,99.062,101.264,115.725,102.098,113.67,107.227
Index,2012-09-30,96.55,100.961,87.159,142.527,115.85,99.428,101.708,113.772,100.823,112.872,106.331
Index,2012-10-31,97.23,100.929,87.299,138.689,109.173,100.263,102.199,111.459,100.025,111.475,105.473
Index,2012-11-30,97.166,100.587,87.229,134.461,107.079,101.187,102.313,109.975,100.318,110.408,105.104
Index,2012-12-31,97.323,101.239,87.153,132.749,101.705,100.901,102.255,111.126,100.392,110.461,105.545
Index,2013-01-31,96.678,101.368,87.036,136.944,100.985,101.813,102.246,110.5,100.601,111.215,105.542
Index,2013-02-28,96.983,101.847,86.666,143.484,103.818,104.153,102.367,109.739,102.85,112.937,106.201
Index,2013-03-31,97.59,101.227,88.015,136.172,103.46,102.141,101.988,112.079,101.897,111.897,106.543
Index,2013-04-30,97.618,101.531,88.338,127.931,101.538,100.209,101.893,110.463,101.804,109.269,105.152
Index,2013-05-31,97.516,101.734,88.336,128.816,101.099,100.744,101.575,110.944,101.789,109.732,105.523
Index,2013-06-30,98.294,101.56,89.021,132.864,103.555,102.742,101.613,110.005,101.955,110.677,105.784
Index,2013-07-31,98.797,101.716,88.658,136.625,103.589,102.759,101.254,110.855,101.477,111.644,106.135
Index,2013-08-31,99.462,101.575,88.851,137.002,104.235,102.714,101.451,112.554,100.786,112.323,106.88
Index,2013-09-30,99.373,100.588,88.898,136.039,104.031,102.794,101.424,111.717,100.712,111.833,106.495
Index,2013-10-31,99.624,100.532,89.035,134.039,102.161,103.799,101.456,111.807,100.416,111.749,106.834
Index,2013-11-30,99.465,99.344,89.74,133.936,110.885,102.273,101.099,110.337,102.288,110.92,105.845
Index,2013-12-31,99.669,99.363,89.681,139.295,109.661,101.971,100.93,108.096,101.805,110.908,104.648
Index,2014-01-31,101.657,99.404,90.113,136.528,112.325,101.17,101.312,110.458,102.648,111.259,105.687
Index,2014-02-28,102.024,99.772,90.343,136.747,109.969,106.349,102.144,109.39,102.08,112.254,106.851
Index,2014-03-31,102.449,99.779,90.548,134.632,113.818,102.62,102.116,108.272,101.702,110.456,105.123
Index,2014-04-30,102.342,100.576,90.496,134.057,115.353,99.553,101.363,108.031,101.121,109.373,103.928
Index,2014-05-31,101.999,101.431,90.498,133.944,117.613,104.734,99.804,104.42,98.758,109.061,103.573
Index,2014-06-30,102.164,101.449,90.426,134.53,117.59,102.111,99.968,103.975,98.791,108.324,102.544
Index,2014-07-31,101.775,102.971,90.621,132.317,114.517,100.003,100.505,103.163,97.754,106.987,101.401
Index,2014-08-31,101.872,103.048,90.771,128.592,112.432,101.244,100.712,103.541,98.694,106.873,102.083
Index,2014-09-30,102.137,103.132,90.931,126.323,109.949,100.341,100.645,103.471,96.461,106.01,101.53
Index,2014-10-31,102.076,103.141,91.166,115.594,107.541,102.701,100.397,104.562,96.461,105.087,102.771
Index,2014-11-30,101.91,103.227,91.268,109.585,108.774,98.386,100.585,106.779,97.16,103.781,102.5
Index,2014-12-31,100.678,103.154,91.173,92.172,110.5,93.436,100.738,108.978,96.702,100.106,101.856
Index,2015-01-31,99.875,103.688,91.393,77.742,110.823,89.546,99.964,109.452,96.49,96.58,100.735
Index,2015-02-28,100.066,103.849,91.365,88.942,110.333,90.037,100.453,110.428,96.511,99.138,101.386
Index,2015-03-31,100.78,104.071,91.486,88.798,110.312,89.754,100.906,113.614,96.883,100.33,102.874
Index,2015-04-30,100.839,103.864,91.446,88.975,109.714,96.449,100.817,109.725,96.034,100.561,103.116
Index,2015-05-31,100.596,102.22,91.505,94.704,105.946,90.463,100.652,109.537,95.867,99.901,101.047
Index,2015-06-30,100.891,102.062,91.431,92.805,105.382,89.556,100.507,109.6,95.83,99.34,100.781
Index,2015-07-31,100.532,102.113,91.277,83.455,107.507,92.215,100.379,109.664,95.55,98.339,101.621
Index,2015-08-31,101.249,101.714,91.153,75.827,109.258,87.159,100.229,111.626,96.394,96.469,101.021
Index,2015-09-30,100.641,101.466,91.086,77.614,109.094,88.72,100.066,110.299,96.935,96.711,100.922
Index,2015-10-31,100.768,101.41,91.075,76.72,103.343,89.858,99.151,108.003,96.701,95.896,100.124
Index,2015-11-30,100.613,101.442,91.1,74.721,104.161,90.32,98.909,108.159,96.857,95.715,100.345
Index,2015-12-31,99.733,102.999,91.052,64.808,105.504,83.812,97.907,108.83,96.94,92.411,98.499
Index,2016-01-31,99.772,102.327,95.742,54.883,107.246,81.983,97.031,109.431,97.053,90.339,98.159
Index,2016-02-29,100.077,102.321,95.479,53.958,107.173,88.116,96.685,107.324,96.517,90.927,99.08
Index,2016-03-31,100.042,104.354,95.139,59.344,111.477,98.353,96.207,104.882,95.831,93.601,101.156
Index,2016-04-30,99.246,103.547,95.141,60.757,114.12,86.63,96.211,102.519,95.063,89.785,96.186
Index,2016-05-31,99.352,103.493,94.955,67.948,114.436,96.551,96.844,104.765,95.474,94.62,100.501
Index,2016-06-30,98.874,103.252,94.905,69.929,115.117,84.895,96.946,104.066,94.283,91.536,96.301
Index,2016-07-31,98.962,103.324,94.682,65.805,114.393,81.564,95.768,102.764,93.59,89.303,94.484
Index,2016-08-31,99.117,103.268,94.635,64.225,113.135,82.129,95.317,103.102,94.036,89.311,94.843
Index,2016-09-30,99.302,103.248,94.465,67.923,114.157,90.477,95.305,105.073,94.93,93.009,98.541
Index,2016-10-31,100.373,102.112,94.142,75.562,113.577,86.64,95.694,104.659,95.294,93.297,97.209
Index,2016-11-30,100.326,102.119,94.152,73.514,117.028,86.263,96.008,106.378,96.083,93.574,97.997
Index,2016-12-31,100.756,102.174,94.088,82.569,121.471,92.888,96.515,107.898,96.512,97.619,100.938
Index,2017-01-31,100.616,98.656,94.674,84.981,121.748,95.201,97.166,107.283,96.179,98.408,101.368
Index,2017-02-28,100.72,98.555,94.434,85.853,121.019,94.51,96.994,106.073,96.215,97.916,100.577
Index,2017-03-31,100.262,98.629,94.397,80.546,122.085,95.148,97.289,106.38,95.931,97.222,100.9
Index,2017-04-30,100.184,98.604,94.221,82.599,123.635,94.693,97.159,103.982,96.102,96.568,99.648
Index,2017-05-31,99.758,98.722,94.054,79.565,122.588,91.274,96.919,104.043,95.735,95.086,98.509
Index,2017-06-30,99.586,98.63,93.83,75.179,121.482,89.691,96.7,103.941,95.516,93.8,97.906
Index,2017-07-31,99.074,98.469,95.331,77.023,120.771,88.685,97.309,101.193,94.725,92.766,96.236
Index,2017-08-31,98.693,98.745,95.093,78.482,117.425,91.491,97.403,100.566,97.413,93.738,97.103
Index,2017-09-30,98.722,98.753,95.13,84.191,115.905,92.124,98.911,100.461,99.635,95.154,97.572
Index,2017-10-31,98.769,97.664,94.957,85.407,115.755,90.893,99.175,100.932,99.771,95.249,97.419
Index,2017-11-30,98.966,97.713,94.993,90.622,115.321,91.382,99.348,100.851,99.719,96.299,97.55
Index,2017-12-31,98.991,97.778,94.781,91.369,113.951,95.273,99.072,99.915,99.538,97.068,98.324
Index,2018-01-31,99.451,100.0,90.304,94.129,106.82,98.888,98.299,100.151,99.632,98.864,99.644
Index,2018-02-28,99.668,99.975,89.69,91.306,102.878,96.743,98.707,99.574,99.37,97.703,98.756
Index,2018-03-31,99.482,99.933,91.974,90.328,102.942,96.369,98.764,98.474,99.201,96.939,98.028
Index,2018-04-30,99.76,100.055,97.591,95.706,106.584,96.958,98.707,99.353,98.225,98.214,98.627
Index,2018-05-31,100.453,100.068,100.897,105.032,103.239,100.851,99.561,101.387,99.257,101.518,100.94
Index,2018-06-30,100.618,100.055,103.004,103.491,102.377,100.789,99.746,101.252,99.863,101.294,100.933
Index,2018-07-31,99.77,100.055,104.224,105.212,100.42,103.206,100.538,102.252,100.348,102.598,102.168
Index,2018-08-31,100.13,99.917,106.857,106.214,98.959,102.472,100.666,101.438,100.502,102.221,101.564
Index,2018-09-30,100.081,99.963,106.654,110.868,96.685,101.497,100.958,101.18,100.836,102.574,101.208
Index,2018-10-31,100.332,99.917,104.937,114.456,95.424,101.359,101.091,98.937,101.053,101.971,99.915
Index,2018-11-30,99.949,100.032,102.417,98.134,92.325,100.908,101.275,98.512,100.92,99.323,99.519
Index,2018-12-31,100.305,100.032,101.452,85.124,91.347,99.961,101.688,97.491,100.794,96.781,98.701
Index,2019-01-31,99.558,101.812,98.267,85.139,90.036,97.392,101.088,96.634,100.092,95.695,97.434
Index,2019-02-28,99.493,101.812,96.922,91.699,89.615,97.156,100.894,96.846,99.785,96.633,97.446
Index,2019-03-31,99.713,101.812,96.315,95.611,89.061,96.489,101.34,98.886,99.87,98.062,98.466
Index,2019-04-30,99.078,104.261,93.152,98.957,89.544,95.898,100.106,95.356,99.75,96.608,96.221
Index,2019-05-31,99.536,104.131,94.023,97.815,89.344,96.289,100.356,96.695,100.998,97.32,97.238
Index,2019-06-30,99.188,104.039,93.037,89.24,88.71,94.508,100.683,96.286,100.527,95.474,96.5
Index,2019-07-31,99.198,104.044,92.778,94.76,88.308,93.94,101.554,96.36,99.978,96.142,96.369
Index,2019-08-31,99.524,104.044,94.284,89.38,88.261,95.566,102.004,100.702,101.334,98.008,99.429
Index,2019-09-30,100.054,104.044,94.153,92.296,86.483,95.246,103.075,99.849,101.122,97.956,98.888
Index,2019-10-31,100.651,104.044,94.394,88.415,87.209,94.344,103.896,99.173,100.34,96.853,98.242
Index,2019-11-30,100.946,104.044,93.915,85.047,87.327,93.815,105.001,98.279,99.631,95.798,97.568
Index,2019-12-31,101.162,104.044,93.3,86.821,88.427,92.427,105.848,97.991,99.324,95.608,97.054
Index,2020-01-31,101.237,103.615,93.791,80.84,93.995,93.317,107.394,97.356,98.967,94.668,96.945
Index,2020-02-29,101.64,103.615,94.675,73.675,97.66,92.397,107.665,99.355,100.299,94.58,98.023
Index,2020-03-31,102.513,103.615,95.334,52.055,100.829,89.479,106.584,102.182,101.852,92.413,99.058
Index,2020-04-30,102.226,103.615,92.757,36.76,99.061,85.429,105.714,99.51,102.29,88.055,96.501
Index,2020-05-31,101.978,103.615,91.98,43.884,100.289,87.802,106.009,99.064,102.03,89.334,96.818
Index,2020-06-30,101.6,103.615,91.471,54.685,90.952,87.972,104.879,97.524,101.767,90.063,95.888
Index,2020-07-31,101.185,103.615,82.234,57.805,88.897,85.707,105.075,97.581,101.543,89.962,95.257
Index,2020-08-31,100.754,103.615,80.026,57.549,90.43,82.726,104.935,95.762,100.745,88.294,93.356
Index,2020-09-30,100.508,103.615,82.882,54.929,94.507,84.524,104.66,95.96,100.405,88.387,93.897
Index,2020-10-31,100.2,103.615,86.212,54.989,95.391,84.751,105.294,96.697,99.782,88.781,94.345
Index,2020-11-30,99.969,103.615,88.157,57.498,95.671,86.178,105.364,92.44,99.445,87.338,92.251
Index,2020-12-31,101.792,103.615,91.142,63.497,101.461,87.621,105.017,91.961,98.233,88.219,92.29
Index,2021-01-31,101.965,103.615,96.816,69.179,106.983,88.575,106.839,93.021,97.936,89.817,93.215
Index,2021-02-28,101.596,103.615,98.126,77.769,109.05,87.171,107.141,94.023,98.364,91.266,93.488
Index,2021-03-31,101.969,103.615,98.821,82.487,120.194,91.092,107.965,97.591,99.432,94.676,96.683
Index,2021-04-30,102.4,103.615,98.387,81.528,122.999,94.67,109.595,99.595,99.46,96.357,98.799
Index,2021-05-31,102.489,103.615,98.642,85.371,127.529,96.707,110.789,100.168,98.814,97.609,99.625
Index,2021-06-30,102.511,103.615,98.813,90.872,134.355,94.053,112.134,101.789,98.945,98.667,99.951
Index,2021-07-31,102.804,103.615,105.143,96.317,143.249,94.642,113.476,103.279,99.607,100.446,101.126
Index,2021-08-31,102.911,103.615,104.648,93.197,144.319,95.868,114.51,102.826,99.306,100.053,101.182
Index,2021-09-30,102.788,103.615,105.102,98.814,140.97,94.785,115.755,103.745,99.131,101.077,101.45
Index,2021-10-31,103.158,103.615,111.338,109.73,148.334,96.601,116.452,104.21,99.373,103.337,102.285
Index,2021-11-30,103.325,103.615,111.939,106.531,150.178,99.286,117.077,106.346,99.977,104.594,104.275
Index,2021-12-31,103.76,103.615,111.916,100.454,150.887,98.978,117.465,108.746,100.378,104.901,105.634
Index,2022-01-31,105.254,105.774,109.957,108.755,151.813,97.437,117.508,109.228,100.358,106.012,105.561
Index,2022-02-28,105.456,105.774,110.398,118.978,163.637,99.652,118.092,109.31,100.447,108.026,106.223
Index,2022-03-31,106.208,105.848,110.896,142.144,163.829,103.767,120.471,110.251,101.623,112.848,108.024
Index,2022-04-30,107.622,108.614,111.874,144.226,170.581,104.159,120.7,110.591,102.046,113.497,108.437
Index,2022-05-31,110.3,108.614,118.011,151.807,176.785,106.365,121.094,113.625,102.206,116.67,110.883
Index,2022-06-30,111.952,108.614,115.848,159.976,182.134,104.914,121.443,115.712,102.23,118.582,111.766
Index,2022-07-31,113.464,108.614,134.717,146.521,202.815,103.871,122.415,116.103,102.788,116.896,112.017
Index,2022-08-31,113.118,108.614,132.306,141.684,179.953,101.097,121.562,115.234,102.501,115.081,110.701
Index,2022-09-30,113.929,108.614,139.945,131.827,182.228,101.892,121.575,117.324,103.404,115.03,112.264
Index,2022-10-31,116.145,108.614,132.262,132.849,156.78,101.155,120.696,117.885,104.306,115.321,112.435
Index,2022-11-30,116.212,108.668,134.281,127.903,144.268,98.701,119.905,114.63,103.156,112.369,109.811
Index,2022-12-31,115.343,108.614,130.913,115.663,137.57,96.409,118.878,112.257,101.48,108.752,107.614
Index,2023-01-31,115.004,113.102,121.75,118.354,136.818,92.925,118.443,109.607,100.433,106.929,105.047
Index,2023-02-28,115.333,112.739,122.989,116.865,134.527,94.611,118.148,109.295,100.844,106.969,105.339
Index,2023-03-31,115.714,112.798,122.993,114.511,134.78,98.253,119.078,110.15,101.328,107.923,106.838
Index,2023-04-30,114.851,112.798,122.487,113.981,134.145,98.054,119.497,111.119,100.903,108.228,107.28
